customer_id,segment,contract_type,sales_channel,region,product_tier,tenure_months,monthly_revenue_gbp,support_tickets_90d,usage_index,nps_score,payment_failures_90d,discount_pct,days_since_last_login,churned,annual_revenue_gbp,risk_score,risk_band,revenue_at_risk_gbp,retention_priority
CUST-00001,SMB,24 Month,Direct Sales,UK,Premium,20,24.67,4,0.397,71,0,1.8,30,0,296.04,1,Low,32.89,P4
CUST-00002,SMB,12 Month,Direct Sales,UAE,Basic,27,72.73,3,0.776,-1,1,10.5,45,0,872.76,6,High,581.84,P3
CUST-00003,SMB,24 Month,Online,UK,Premium,22,166.25,0,0.344,88,0,3.7,44,0,1995.0,4,Medium,886.67,P2
CUST-00004,Enterprise,Month-to-Month,Online,India,Standard,37,49.93,1,0.265,-60,0,18.5,32,0,599.16,6,High,399.44,P3
CUST-00005,Mid-Market,Month-to-Month,Online,UAE,Standard,45,37.79,1,0.599,-83,0,11.3,59,0,453.48,4,Medium,201.55,P3
CUST-00006,Mid-Market,24 Month,Online,India,Standard,35,60.4,2,0.606,96,0,2.3,28,0,724.8,0,Low,0.0,P4
CUST-00007,Mid-Market,Month-to-Month,Retail,India,Standard,37,57.69,2,0.251,44,0,1.4,34,0,692.28,5,High,384.6,P3
CUST-00008,Consumer,Month-to-Month,Partner,UAE,Standard,43,26.78,2,0.712,-58,1,4.6,9,1,321.36,4,Medium,0.0,P3
CUST-00009,Consumer,Month-to-Month,Partner,UK,Standard,11,60.74,2,0.702,91,0,4.0,24,0,728.88,1,Low,80.99,P4
CUST-00010,SMB,12 Month,Partner,UK,Enterprise,28,59.16,2,0.774,98,0,11.3,46,0,709.92,2,Low,157.76,P4
CUST-00011,Enterprise,24 Month,Direct Sales,UK,Basic,41,73.75,4,0.591,88,0,6.7,0,0,885.0,1,Low,98.33,P4
CUST-00012,Consumer,12 Month,Retail,UK,Premium,5,28.97,4,0.523,-1,0,8.9,55,0,347.64,4,Medium,154.51,P3
CUST-00013,Consumer,Month-to-Month,Partner,UAE,Standard,28,177.92,3,0.49,29,0,11.1,9,0,2135.04,2,Low,474.45,P4
CUST-00014,Enterprise,Month-to-Month,Retail,UK,Premium,40,24.24,2,0.501,79,0,12.0,28,1,290.88,1,Low,0.0,P4
CUST-00015,SMB,24 Month,Partner,Germany,Enterprise,61,156.14,0,0.592,-38,0,9.0,15,0,1873.68,1,Low,208.19,P4
CUST-00016,Enterprise,Month-to-Month,Direct Sales,India,Enterprise,36,32.85,1,0.492,-84,1,8.0,20,0,394.2,4,Medium,175.2,P3
CUST-00017,Consumer,Month-to-Month,Retail,UAE,Standard,31,103.21,1,0.537,48,1,2.4,15,0,1238.52,3,Medium,412.84,P3
CUST-00018,SMB,Month-to-Month,Online,US,Enterprise,53,187.89,1,0.411,-51,1,7.0,51,0,2254.68,6,High,1503.12,P1
CUST-00019,SMB,Month-to-Month,Online,US,Enterprise,61,39.37,4,0.72,-2,0,10.5,44,0,472.44,5,High,262.47,P3
CUST-00020,Consumer,Month-to-Month,Online,India,Premium,67,48.65,2,0.643,-44,0,10.9,6,0,583.8,2,Low,129.73,P4
CUST-00021,Mid-Market,Month-to-Month,Online,UAE,Premium,51,72.34,1,0.676,24,1,11.3,55,0,868.08,5,High,482.27,P3
CUST-00022,Consumer,12 Month,Direct Sales,UK,Standard,42,43.49,0,0.951,29,0,1.9,30,0,521.88,0,Low,0.0,P4
CUST-00023,SMB,Month-to-Month,Direct Sales,UK,Basic,43,39.28,2,0.703,-30,0,18.7,43,0,471.36,4,Medium,209.49,P3
CUST-00024,Consumer,Month-to-Month,Direct Sales,India,Standard,41,72.66,4,0.298,-44,0,9.3,19,0,871.92,5,High,484.4,P3
CUST-00025,Consumer,Month-to-Month,Direct Sales,UAE,Premium,32,147.9,2,0.318,-15,1,11.9,18,0,1774.8,6,High,1183.2,P1
CUST-00026,SMB,Month-to-Month,Direct Sales,UK,Premium,65,28.8,2,0.524,-72,1,6.3,26,1,345.6,4,Medium,0.0,P3
CUST-00027,Consumer,Month-to-Month,Partner,UAE,Standard,64,33.71,2,0.39,63,0,1.2,40,0,404.52,3,Medium,134.84,P3
CUST-00028,Enterprise,Month-to-Month,Direct Sales,India,Standard,28,58.55,2,0.647,-12,0,7.1,59,0,702.6,4,Medium,312.27,P3
CUST-00029,Enterprise,Month-to-Month,Direct Sales,US,Standard,29,15.39,4,0.382,-31,0,6.5,59,0,184.68,5,High,102.6,P3
CUST-00030,Enterprise,Month-to-Month,Partner,Germany,Basic,70,59.94,4,0.904,63,1,2.8,4,0,719.28,4,Medium,319.68,P3
CUST-00031,Consumer,24 Month,Partner,UK,Premium,39,53.38,2,0.804,77,0,5.0,44,0,640.56,2,Low,142.35,P4
CUST-00032,Mid-Market,Month-to-Month,Online,UK,Standard,63,84.44,3,0.705,-41,0,4.2,31,0,1013.28,5,High,562.93,P2
CUST-00033,Enterprise,24 Month,Online,US,Basic,24,54.28,4,0.692,86,0,21.3,10,0,651.36,1,Low,72.37,P4
CUST-00034,Mid-Market,12 Month,Online,UAE,Premium,34,14.06,3,0.309,32,0,12.8,48,0,168.72,5,High,93.73,P3
CUST-00035,Consumer,Month-to-Month,Direct Sales,UK,Basic,30,77.73,1,0.326,81,1,23.1,22,0,932.76,5,High,518.2,P2
CUST-00036,SMB,24 Month,Retail,Germany,Standard,47,60.19,3,0.28,39,0,7.6,7,0,722.28,3,Medium,240.76,P3
CUST-00037,Enterprise,12 Month,Direct Sales,UAE,Basic,46,67.22,0,0.469,42,0,16.3,44,1,806.64,2,Low,0.0,P4
CUST-00038,Consumer,Month-to-Month,Retail,UK,Basic,54,29.34,0,0.488,-36,1,10.2,35,0,352.08,6,High,234.72,P3
CUST-00039,SMB,Month-to-Month,Partner,UK,Enterprise,46,85.63,1,0.337,-10,0,11.7,30,0,1027.56,4,Medium,456.69,P2
CUST-00040,SMB,12 Month,Online,UK,Basic,45,20.62,2,0.326,61,0,7.6,10,0,247.44,2,Low,54.99,P4
CUST-00041,SMB,Month-to-Month,Direct Sales,UK,Premium,37,53.25,1,0.724,9,0,14.9,38,1,639.0,3,Medium,0.0,P3
CUST-00042,Consumer,24 Month,Direct Sales,India,Standard,28,52.9,0,0.775,80,0,3.9,19,0,634.8,0,Low,0.0,P4
CUST-00043,Enterprise,Month-to-Month,Retail,UK,Standard,70,47.77,0,0.683,98,0,5.0,22,0,573.24,1,Low,63.69,P4
CUST-00044,SMB,24 Month,Online,UK,Standard,53,68.46,0,0.961,-50,0,6.5,25,0,821.52,1,Low,91.28,P4
CUST-00045,Consumer,12 Month,Direct Sales,UK,Basic,14,73.09,1,0.484,-10,0,7.3,4,0,877.08,1,Low,97.45,P4
CUST-00046,Consumer,Month-to-Month,Direct Sales,Germany,Premium,45,67.59,3,0.345,-85,0,8.1,39,0,811.08,7,Critical,630.84,P3
CUST-00047,SMB,Month-to-Month,Direct Sales,US,Premium,3,79.01,2,0.12,-91,0,7.0,35,1,948.12,6,High,0.0,P2
CUST-00048,Consumer,24 Month,Direct Sales,UK,Standard,46,43.19,2,0.358,-58,0,2.3,11,0,518.28,1,Low,57.59,P4
CUST-00049,Mid-Market,Month-to-Month,Retail,UAE,Standard,20,24.18,2,0.388,-34,0,9.9,36,0,290.16,4,Medium,128.96,P3
CUST-00050,Mid-Market,Month-to-Month,Online,US,Standard,65,40.84,2,0.529,-2,1,4.4,14,0,490.08,4,Medium,217.81,P3
CUST-00051,Enterprise,12 Month,Partner,India,Standard,40,155.56,2,0.461,-34,0,13.3,50,0,1866.72,3,Medium,622.24,P3
CUST-00052,Consumer,12 Month,Retail,UK,Standard,21,33.01,0,0.46,-96,1,8.9,9,0,396.12,3,Medium,132.04,P3
CUST-00053,Consumer,Month-to-Month,Online,UAE,Basic,35,112.27,1,0.328,25,0,7.7,32,0,1347.24,5,High,748.47,P2
CUST-00054,Consumer,12 Month,Online,US,Standard,57,57.76,3,0.674,-41,0,3.0,47,0,693.12,4,Medium,308.05,P3
CUST-00055,SMB,12 Month,Direct Sales,US,Enterprise,22,77.53,0,0.336,-79,1,2.2,7,0,930.36,5,High,516.87,P2
CUST-00056,Mid-Market,Month-to-Month,Retail,UK,Basic,36,63.35,1,0.245,15,2,5.5,5,0,760.2,5,High,422.33,P3
CUST-00057,Consumer,12 Month,Direct Sales,UK,Premium,25,53.06,1,0.206,-39,0,0.3,14,0,636.72,3,Medium,212.24,P3
CUST-00058,Consumer,12 Month,Partner,US,Basic,51,22.76,4,0.349,-72,0,10.3,11,0,273.12,4,Medium,121.39,P3
CUST-00059,Consumer,Month-to-Month,Retail,India,Enterprise,5,19.24,1,0.46,-31,0,18.6,37,1,230.88,4,Medium,0.0,P3
CUST-00060,Consumer,12 Month,Retail,Germany,Premium,49,29.45,3,0.852,-23,1,10.8,27,0,353.4,4,Medium,157.07,P3
CUST-00061,Consumer,24 Month,Partner,UK,Premium,58,83.99,1,0.452,-54,0,3.4,12,0,1007.88,1,Low,111.99,P4
CUST-00062,Enterprise,Month-to-Month,Direct Sales,US,Basic,51,39.5,0,0.509,73,0,6.8,60,0,474.0,3,Medium,158.0,P3
CUST-00063,Consumer,Month-to-Month,Partner,UK,Basic,65,76.21,3,0.682,80,1,11.9,45,1,914.52,6,High,0.0,P2
CUST-00064,Consumer,Month-to-Month,Direct Sales,Germany,Premium,42,121.75,1,0.809,-10,1,3.3,53,0,1461.0,6,High,974.0,P2
CUST-00065,Consumer,12 Month,Online,UAE,Enterprise,4,51.18,4,0.54,-14,2,6.2,17,0,614.16,4,Medium,272.96,P3
CUST-00066,Mid-Market,24 Month,Online,UK,Enterprise,8,70.63,1,0.33,3,0,9.8,30,0,847.56,2,Low,188.35,P4
CUST-00067,Enterprise,24 Month,Online,US,Enterprise,36,47.77,5,0.889,-49,1,0.2,11,0,573.24,4,Medium,254.77,P3
CUST-00068,Consumer,Month-to-Month,Online,Germany,Standard,32,51.11,4,0.651,-52,0,11.2,58,1,613.32,5,High,0.0,P3
CUST-00069,Mid-Market,Month-to-Month,Direct Sales,UK,Basic,21,24.23,2,0.929,44,0,4.9,11,1,290.76,1,Low,0.0,P4
CUST-00070,Consumer,24 Month,Direct Sales,US,Premium,45,38.76,0,0.665,48,0,3.6,20,0,465.12,0,Low,0.0,P4
CUST-00071,Consumer,Month-to-Month,Retail,India,Basic,18,83.69,4,0.74,4,0,15.9,46,0,1004.28,4,Medium,446.35,P2
CUST-00072,Enterprise,Month-to-Month,Retail,UK,Enterprise,58,56.35,0,0.201,-11,2,4.0,21,0,676.2,6,High,450.8,P3
CUST-00073,Enterprise,12 Month,Direct Sales,India,Standard,14,62.55,2,0.715,-26,0,2.8,41,1,750.6,3,Medium,0.0,P3
CUST-00074,Mid-Market,Month-to-Month,Partner,UK,Premium,28,32.33,0,0.572,-30,0,3.5,0,0,387.96,2,Low,86.21,P4
CUST-00075,SMB,24 Month,Direct Sales,US,Standard,1,62.54,0,0.386,-21,0,7.2,2,0,750.48,1,Low,83.39,P4
CUST-00076,SMB,24 Month,Direct Sales,UAE,Enterprise,50,50.15,0,0.764,-20,1,10.4,17,0,601.8,3,Medium,200.6,P3
CUST-00077,SMB,Month-to-Month,Direct Sales,Germany,Standard,22,84.5,1,0.846,-28,0,0.7,13,0,1014.0,2,Low,225.33,P4
CUST-00078,Consumer,Month-to-Month,Direct Sales,India,Basic,55,84.77,2,0.454,-57,0,2.8,32,1,1017.24,4,Medium,0.0,P2
CUST-00079,Consumer,Month-to-Month,Direct Sales,US,Standard,69,45.47,3,0.421,-18,0,2.6,14,0,545.64,3,Medium,181.88,P3
CUST-00080,SMB,Month-to-Month,Direct Sales,US,Standard,72,72.78,0,0.819,-38,0,17.2,21,0,873.36,2,Low,194.08,P4
CUST-00081,Enterprise,24 Month,Online,India,Basic,30,158.51,3,0.7,-80,1,5.5,29,1,1902.12,4,Medium,0.0,P2
CUST-00082,Enterprise,Month-to-Month,Retail,US,Standard,55,96.63,2,0.322,-64,0,7.3,39,0,1159.56,6,High,773.04,P2
CUST-00083,SMB,12 Month,Partner,India,Standard,17,124.87,1,0.8,-34,0,4.3,22,0,1498.44,1,Low,166.49,P4
CUST-00084,Consumer,Month-to-Month,Partner,US,Standard,15,45.52,2,0.138,-81,0,6.7,12,0,546.24,4,Medium,242.77,P3
CUST-00085,SMB,Month-to-Month,Retail,UK,Standard,55,82.13,0,0.706,-20,0,0.6,30,0,985.56,2,Low,219.01,P4
CUST-00086,Consumer,24 Month,Direct Sales,Germany,Basic,9,18.44,1,0.793,-26,0,15.9,27,0,221.28,1,Low,24.59,P4
CUST-00087,Consumer,12 Month,Online,UAE,Premium,36,125.16,3,0.375,-86,0,12.6,39,0,1501.92,4,Medium,667.52,P2
CUST-00088,Mid-Market,24 Month,Partner,Germany,Basic,26,7.22,3,0.602,-35,0,12.5,3,0,86.64,2,Low,19.25,P4
CUST-00089,Consumer,12 Month,Partner,UK,Standard,11,68.52,1,0.62,11,2,21.6,1,0,822.24,2,Low,182.72,P4
CUST-00090,Consumer,12 Month,Online,UK,Premium,20,76.45,0,0.4,87,0,11.0,31,0,917.4,2,Low,203.87,P4
CUST-00091,SMB,24 Month,Direct Sales,UK,Premium,13,87.49,2,0.093,-10,0,0.7,19,0,1049.88,3,Medium,349.96,P3
CUST-00092,Enterprise,12 Month,Partner,US,Basic,34,49.24,2,0.652,18,0,6.5,56,0,590.88,2,Low,131.31,P4
CUST-00093,Enterprise,Month-to-Month,Online,Germany,Basic,51,29.23,2,0.474,67,0,13.1,1,0,350.76,1,Low,38.97,P4
CUST-00094,Consumer,Month-to-Month,Direct Sales,India,Standard,11,51.38,1,0.805,68,0,9.8,32,0,616.56,3,Medium,205.52,P3
CUST-00095,Enterprise,12 Month,Direct Sales,UK,Premium,65,24.8,3,0.354,96,1,13.9,41,0,297.6,5,High,165.33,P3
CUST-00096,SMB,Month-to-Month,Retail,India,Standard,20,93.31,2,0.809,93,0,0.5,1,0,1119.72,1,Low,124.41,P4
CUST-00097,Enterprise,Month-to-Month,Direct Sales,UK,Standard,68,60.54,1,0.255,-69,0,18.1,47,0,726.48,6,High,484.32,P3
CUST-00098,SMB,Month-to-Month,Direct Sales,Germany,Premium,19,100.48,3,0.351,-78,1,11.5,35,1,1205.76,7,Critical,0.0,P2
CUST-00099,Consumer,Month-to-Month,Online,Germany,Standard,54,36.74,2,0.573,42,0,3.8,57,0,440.88,3,Medium,146.96,P3
CUST-00100,Consumer,12 Month,Online,UK,Premium,38,73.04,1,0.43,-15,0,4.9,19,0,876.48,1,Low,97.39,P4
CUST-00101,Consumer,Month-to-Month,Retail,India,Enterprise,14,42.52,2,0.623,-65,0,6.4,26,0,510.24,2,Low,113.39,P4
CUST-00102,Consumer,24 Month,Online,India,Standard,71,31.37,0,0.743,41,2,6.4,37,0,376.44,4,Medium,167.31,P3
CUST-00103,Consumer,12 Month,Retail,US,Premium,30,31.85,2,0.528,-16,0,4.3,30,0,382.2,1,Low,42.47,P4
CUST-00104,Mid-Market,Month-to-Month,Partner,India,Enterprise,16,66.56,2,0.646,39,0,3.1,20,0,798.72,1,Low,88.75,P4
CUST-00105,Enterprise,12 Month,Retail,UAE,Basic,70,36.48,3,0.604,-92,2,4.1,45,0,437.76,6,High,291.84,P3
CUST-00106,Consumer,24 Month,Direct Sales,UAE,Enterprise,5,97.52,3,0.398,-25,0,9.9,57,0,1170.24,4,Medium,520.11,P2
CUST-00107,SMB,Month-to-Month,Online,India,Basic,24,72.52,4,0.549,-17,0,2.6,50,1,870.24,5,High,0.0,P3
CUST-00108,Consumer,Month-to-Month,Retail,UAE,Standard,21,24.02,3,0.429,-59,0,15.3,14,0,288.24,3,Medium,96.08,P3
CUST-00109,Consumer,24 Month,Partner,US,Enterprise,67,22.54,3,0.158,59,0,8.6,41,0,270.48,5,High,150.27,P3
CUST-00110,Mid-Market,24 Month,Online,UK,Premium,52,62.36,4,0.542,-87,0,6.9,58,1,748.32,4,Medium,0.0,P3
CUST-00111,Consumer,12 Month,Online,US,Premium,28,77.13,3,0.327,67,1,4.0,44,0,925.56,7,Critical,719.88,P2
CUST-00112,SMB,24 Month,Online,US,Standard,55,22.16,1,0.191,21,0,3.0,54,0,265.92,4,Medium,118.19,P3
CUST-00113,Enterprise,Month-to-Month,Direct Sales,US,Standard,25,124.98,0,0.588,-48,0,3.6,19,0,1499.76,2,Low,333.28,P4
CUST-00114,SMB,Month-to-Month,Direct Sales,India,Enterprise,38,45.81,3,0.672,-24,0,5.9,19,0,549.72,3,Medium,183.24,P3
CUST-00115,Enterprise,Month-to-Month,Online,UK,Premium,35,46.88,1,0.26,83,0,14.1,38,0,562.56,5,High,312.53,P3
CUST-00116,Consumer,Month-to-Month,Direct Sales,UK,Standard,5,51.15,3,0.361,14,0,14.1,10,1,613.8,2,Low,0.0,P4
CUST-00117,Consumer,Month-to-Month,Direct Sales,UK,Premium,17,319.64,1,0.521,95,0,2.0,44,1,3835.68,3,Medium,0.0,P3
CUST-00118,Consumer,24 Month,Retail,UAE,Standard,60,32.24,1,0.242,85,0,5.3,11,0,386.88,2,Low,85.97,P4
CUST-00119,SMB,Month-to-Month,Direct Sales,UK,Premium,32,26.23,1,0.301,-79,1,4.2,14,0,314.76,6,High,209.84,P3
CUST-00120,Enterprise,12 Month,Online,US,Basic,11,39.4,1,0.487,-87,0,1.5,38,1,472.8,3,Medium,0.0,P3
CUST-00121,SMB,Month-to-Month,Online,UK,Enterprise,29,166.74,2,0.297,-51,1,9.8,46,0,2000.88,8,Critical,1778.56,P1
CUST-00122,Consumer,Month-to-Month,Retail,US,Enterprise,27,141.8,3,0.449,81,0,0.2,55,1,1701.6,4,Medium,0.0,P2
CUST-00123,Mid-Market,Month-to-Month,Partner,US,Standard,45,14.01,3,0.889,-68,1,6.5,58,0,168.12,7,Critical,130.76,P3
CUST-00124,Consumer,12 Month,Direct Sales,UK,Basic,38,64.72,0,0.376,-29,1,14.1,32,1,776.64,5,High,0.0,P3
CUST-00125,Consumer,Month-to-Month,Direct Sales,UAE,Premium,27,42.3,3,0.318,17,0,0.7,57,0,507.6,6,High,338.4,P3
CUST-00126,Enterprise,24 Month,Online,UK,Standard,56,73.57,0,0.341,81,0,1.1,15,0,882.84,2,Low,196.19,P4
CUST-00127,Consumer,12 Month,Direct Sales,UK,Standard,34,60.26,2,0.829,44,1,12.9,6,0,723.12,2,Low,160.69,P4
CUST-00128,Consumer,Month-to-Month,Retail,India,Enterprise,16,138.03,3,0.916,-57,0,17.7,17,1,1656.36,3,Medium,0.0,P3
CUST-00129,Consumer,24 Month,Direct Sales,UK,Premium,18,24.9,3,0.591,45,1,16.4,28,0,298.8,3,Medium,99.6,P3
CUST-00130,Mid-Market,Month-to-Month,Online,UK,Enterprise,15,22.21,0,0.263,-61,0,13.4,58,0,266.52,6,High,177.68,P3
CUST-00131,Consumer,24 Month,Direct Sales,UAE,Standard,8,38.27,4,0.773,-62,0,19.8,42,0,459.24,4,Medium,204.11,P3
CUST-00132,Consumer,Month-to-Month,Direct Sales,India,Enterprise,2,63.08,1,0.807,27,0,3.0,21,1,756.96,1,Low,0.0,P4
CUST-00133,Consumer,12 Month,Online,UAE,Basic,22,46.23,0,0.555,25,1,6.2,12,0,554.76,2,Low,123.28,P4
CUST-00134,Consumer,Month-to-Month,Online,India,Standard,5,77.63,0,0.192,-20,0,4.0,1,0,931.56,4,Medium,414.03,P2
CUST-00135,Enterprise,12 Month,Online,UAE,Basic,33,56.88,4,0.75,-24,0,2.6,4,0,682.56,2,Low,151.68,P4
CUST-00136,Enterprise,Month-to-Month,Online,India,Standard,48,160.48,4,0.845,31,0,5.3,55,0,1925.76,4,Medium,855.89,P2
CUST-00137,Mid-Market,Month-to-Month,Partner,India,Standard,33,64.32,2,0.319,96,1,5.2,49,0,771.84,7,Critical,600.32,P3
CUST-00138,Enterprise,24 Month,Direct Sales,UAE,Standard,37,52.61,2,0.728,-2,0,4.3,38,0,631.32,3,Medium,210.44,P3
CUST-00139,SMB,12 Month,Direct Sales,UK,Basic,32,27.58,0,0.57,70,0,4.2,55,0,330.96,2,Low,73.55,P4
CUST-00140,Consumer,Month-to-Month,Retail,UK,Premium,33,42.36,1,0.745,-13,0,12.3,36,0,508.32,4,Medium,225.92,P3
CUST-00141,Mid-Market,24 Month,Direct Sales,US,Premium,7,85.64,4,0.149,-61,1,14.3,33,0,1027.68,8,Critical,913.49,P2
CUST-00142,SMB,24 Month,Retail,US,Premium,54,87.97,4,0.759,90,2,10.2,20,0,1055.64,3,Medium,351.88,P3
CUST-00143,Mid-Market,Month-to-Month,Partner,UK,Enterprise,46,53.49,2,0.563,-34,0,3.7,21,0,641.88,2,Low,142.64,P4
CUST-00144,Enterprise,Month-to-Month,Direct Sales,UAE,Standard,41,55.72,3,0.103,-51,4,7.4,7,0,668.64,7,Critical,520.05,P3
CUST-00145,Mid-Market,Month-to-Month,Online,UAE,Premium,21,133.6,1,0.351,87,0,7.5,6,0,1603.2,1,Low,178.13,P4
CUST-00146,Mid-Market,Month-to-Month,Direct Sales,India,Basic,32,124.32,2,0.563,4,1,8.2,0,0,1491.84,3,Medium,497.28,P3
CUST-00147,Consumer,24 Month,Online,UK,Enterprise,1,40.2,1,0.78,72,0,9.3,1,0,482.4,0,Low,0.0,P4
CUST-00148,Mid-Market,Month-to-Month,Partner,UAE,Basic,13,41.54,0,0.66,-36,0,13.6,46,0,498.48,4,Medium,221.55,P3
CUST-00149,Consumer,Month-to-Month,Retail,UAE,Premium,7,39.73,1,0.487,-89,0,14.9,28,0,476.76,2,Low,105.95,P4
CUST-00150,Consumer,12 Month,Online,India,Standard,41,52.26,3,0.741,-69,0,16.3,31,0,627.12,4,Medium,278.72,P3
CUST-00151,Enterprise,Month-to-Month,Partner,India,Standard,38,27.37,4,0.534,4,0,12.5,25,0,328.44,2,Low,72.99,P4
CUST-00152,Consumer,Month-to-Month,Partner,UK,Premium,5,51.27,2,0.539,40,1,6.3,58,0,615.24,5,High,341.8,P3
CUST-00153,Enterprise,12 Month,Online,India,Enterprise,37,75.48,0,0.719,6,1,21.4,57,0,905.76,4,Medium,402.56,P2
CUST-00154,SMB,Month-to-Month,Retail,UAE,Standard,66,69.24,3,0.715,46,0,5.3,27,0,830.88,2,Low,184.64,P4
CUST-00155,Enterprise,12 Month,Online,US,Standard,22,38.55,1,0.444,-15,0,2.8,17,0,462.6,1,Low,51.4,P4
CUST-00156,SMB,12 Month,Direct Sales,UK,Standard,56,25.89,0,0.758,-60,1,20.0,47,1,310.68,5,High,0.0,P3
CUST-00157,Enterprise,24 Month,Online,UK,Enterprise,8,36.71,1,0.843,-7,1,9.8,0,0,440.52,3,Medium,146.84,P3
CUST-00158,SMB,24 Month,Online,India,Enterprise,44,77.85,3,0.524,-8,1,0.5,8,0,934.2,4,Medium,415.2,P2
CUST-00159,Enterprise,12 Month,Online,US,Basic,19,26.52,2,0.589,-14,0,0.1,6,0,318.24,1,Low,35.36,P4
CUST-00160,Mid-Market,24 Month,Direct Sales,UK,Basic,15,63.12,1,0.513,16,0,5.5,37,1,757.44,2,Low,0.0,P4
CUST-00161,Enterprise,12 Month,Online,UAE,Premium,60,48.71,2,0.45,1,0,3.8,55,0,584.52,2,Low,129.89,P4
CUST-00162,Enterprise,Month-to-Month,Partner,India,Enterprise,19,60.72,4,0.069,98,1,1.6,17,0,728.64,6,High,485.76,P3
CUST-00163,Mid-Market,12 Month,Retail,US,Basic,3,161.78,2,0.205,55,0,4.5,26,0,1941.36,2,Low,431.41,P4
CUST-00164,Consumer,Month-to-Month,Retail,UK,Basic,46,53.66,2,0.6,4,0,12.7,12,0,643.92,1,Low,71.55,P4
CUST-00165,Consumer,Month-to-Month,Online,Germany,Standard,4,45.97,2,0.159,6,0,26.8,35,0,551.64,5,High,306.47,P3
CUST-00166,Consumer,Month-to-Month,Retail,UAE,Basic,58,68.31,1,0.227,81,0,4.7,2,0,819.72,3,Medium,273.24,P3
CUST-00167,Consumer,12 Month,Retail,US,Standard,59,112.2,2,0.404,-41,0,18.9,54,1,1346.4,3,Medium,0.0,P3
CUST-00168,Consumer,Month-to-Month,Retail,UK,Basic,28,59.41,2,0.764,-53,1,0.2,5,0,712.92,4,Medium,316.85,P3
CUST-00169,Consumer,Month-to-Month,Online,US,Standard,43,65.13,0,0.648,64,0,10.5,38,0,781.56,3,Medium,260.52,P3
CUST-00170,SMB,Month-to-Month,Retail,UAE,Standard,53,68.54,3,0.581,23,0,11.9,34,0,822.48,4,Medium,365.55,P3
CUST-00171,Enterprise,Month-to-Month,Direct Sales,UK,Standard,41,34.34,2,0.226,50,1,11.3,32,0,412.08,7,Critical,320.51,P3
CUST-00172,SMB,12 Month,Direct Sales,UK,Enterprise,65,47.55,1,0.093,81,0,6.3,8,0,570.6,2,Low,126.8,P4
CUST-00173,SMB,Month-to-Month,Retail,India,Basic,49,48.79,2,0.293,12,0,8.0,32,0,585.48,5,High,325.27,P3
CUST-00174,SMB,24 Month,Online,India,Standard,67,21.91,2,0.322,-16,1,2.3,7,0,262.92,5,High,146.07,P3
CUST-00175,SMB,24 Month,Partner,UK,Basic,15,50.36,0,0.387,-13,3,17.8,60,1,604.32,5,High,0.0,P3
CUST-00176,SMB,24 Month,Online,India,Enterprise,45,107.07,4,0.846,66,0,20.1,16,0,1284.84,1,Low,142.76,P4
CUST-00177,SMB,Month-to-Month,Online,UAE,Basic,46,46.29,2,0.612,46,0,9.5,27,0,555.48,1,Low,61.72,P4
CUST-00178,Consumer,Month-to-Month,Partner,India,Standard,70,54.77,2,0.199,72,1,12.1,3,0,657.24,5,High,365.13,P3
CUST-00179,Consumer,Month-to-Month,Online,India,Enterprise,28,70.3,4,0.525,16,0,14.3,2,0,843.6,2,Low,187.47,P4
CUST-00180,Mid-Market,Month-to-Month,Partner,UK,Premium,68,97.45,2,0.306,-3,1,6.3,46,1,1169.4,8,Critical,0.0,P2
CUST-00181,Consumer,Month-to-Month,Online,UK,Enterprise,34,62.52,4,0.328,51,1,6.3,46,0,750.24,8,Critical,666.88,P3
CUST-00182,SMB,24 Month,Retail,UAE,Standard,67,42.78,4,0.341,-65,0,15.6,41,0,513.36,6,High,342.24,P3
CUST-00183,Consumer,Month-to-Month,Online,UAE,Standard,33,134.12,4,0.871,-22,0,3.0,22,0,1609.44,3,Medium,536.48,P3
CUST-00184,SMB,Month-to-Month,Online,Germany,Standard,36,47.9,1,0.651,-25,0,9.5,27,0,574.8,2,Low,127.73,P4
CUST-00185,SMB,24 Month,Online,India,Enterprise,69,99.49,5,0.332,95,0,9.3,3,1,1193.88,3,Medium,0.0,P3
CUST-00186,SMB,Month-to-Month,Retail,UK,Basic,54,30.78,1,0.753,94,0,0.8,4,0,369.36,1,Low,41.04,P4
CUST-00187,Mid-Market,12 Month,Online,UK,Basic,46,54.35,1,0.311,-92,0,5.9,6,0,652.2,3,Medium,217.4,P3
CUST-00188,Mid-Market,24 Month,Direct Sales,UK,Premium,22,30.07,2,0.282,5,1,17.4,56,0,360.84,6,High,240.56,P3
CUST-00189,Consumer,12 Month,Online,US,Basic,64,31.63,0,0.638,-72,1,10.7,49,1,379.56,5,High,0.0,P3
CUST-00190,Mid-Market,12 Month,Online,US,Standard,29,54.29,0,0.343,-54,0,4.9,5,0,651.48,3,Medium,217.16,P3
CUST-00191,SMB,24 Month,Online,UK,Basic,3,43.87,1,0.592,19,0,15.8,35,0,526.44,2,Low,116.99,P4
CUST-00192,Consumer,Month-to-Month,Online,UK,Premium,32,64.65,0,0.723,10,0,9.9,52,0,775.8,3,Medium,258.6,P3
CUST-00193,Consumer,24 Month,Direct Sales,India,Basic,38,81.66,0,0.186,100,1,3.8,10,0,979.92,4,Medium,435.52,P2
CUST-00194,SMB,Month-to-Month,Online,US,Premium,43,83.21,1,0.418,-65,0,9.4,48,1,998.52,4,Medium,0.0,P2
CUST-00195,Mid-Market,Month-to-Month,Online,UK,Enterprise,46,99.46,1,0.881,79,0,9.0,35,0,1193.52,3,Medium,397.84,P3
CUST-00196,SMB,12 Month,Direct Sales,US,Basic,69,45.12,4,0.169,8,0,7.6,6,0,541.44,3,Medium,180.48,P3
CUST-00197,Consumer,Month-to-Month,Online,US,Premium,11,62.87,5,0.57,-64,0,18.2,17,0,754.44,3,Medium,251.48,P3
CUST-00198,Consumer,Month-to-Month,Direct Sales,UK,Enterprise,27,27.01,2,0.3,38,1,12.5,54,0,324.12,7,Critical,252.09,P3
CUST-00199,SMB,12 Month,Partner,UK,Premium,63,87.19,0,0.795,31,2,5.8,25,0,1046.28,2,Low,232.51,P4
CUST-00200,SMB,Month-to-Month,Direct Sales,UAE,Standard,47,119.17,3,0.503,-39,1,5.5,3,0,1430.04,5,High,794.47,P2
CUST-00201,Consumer,12 Month,Retail,India,Basic,43,48.36,1,0.688,46,1,13.7,40,0,580.32,4,Medium,257.92,P3
CUST-00202,Consumer,24 Month,Direct Sales,UK,Enterprise,28,144.43,1,0.516,52,0,19.6,59,0,1733.16,2,Low,385.15,P4
CUST-00203,Mid-Market,12 Month,Partner,US,Premium,43,237.63,2,0.457,-15,0,18.8,0,0,2851.56,1,Low,316.84,P4
CUST-00204,Mid-Market,Month-to-Month,Retail,UK,Standard,18,113.66,0,0.632,87,1,9.0,32,0,1363.92,5,High,757.73,P2
CUST-00205,Consumer,Month-to-Month,Direct Sales,India,Standard,29,42.53,2,0.399,63,1,14.1,10,0,510.36,3,Medium,170.12,P3
CUST-00206,SMB,Month-to-Month,Online,US,Premium,27,83.82,2,0.312,85,1,1.9,44,0,1005.84,7,Critical,782.32,P2
CUST-00207,Consumer,12 Month,Retail,Germany,Basic,70,59.91,2,0.794,-7,0,13.3,21,0,718.92,1,Low,79.88,P4
CUST-00208,SMB,Month-to-Month,Retail,US,Basic,54,84.2,1,0.28,-34,1,6.2,5,0,1010.4,6,High,673.6,P2
CUST-00209,Consumer,Month-to-Month,Direct Sales,UK,Basic,66,55.58,1,0.641,-18,0,7.4,32,0,666.96,4,Medium,296.43,P3
CUST-00210,SMB,12 Month,Online,Germany,Standard,11,42.16,2,0.839,42,1,21.1,44,0,505.92,4,Medium,224.85,P3
CUST-00211,Mid-Market,Month-to-Month,Retail,UK,Basic,16,48.26,2,0.551,40,0,6.0,58,0,579.12,3,Medium,193.04,P3
CUST-00212,Consumer,Month-to-Month,Direct Sales,UAE,Basic,48,53.35,2,0.318,33,0,2.8,4,0,640.2,3,Medium,213.4,P3
CUST-00213,Mid-Market,Month-to-Month,Partner,UAE,Basic,33,52.33,5,0.61,-41,0,5.4,27,1,627.96,3,Medium,0.0,P3
CUST-00214,Consumer,24 Month,Partner,US,Enterprise,61,82.99,1,0.313,-60,0,11.7,4,0,995.88,3,Medium,331.96,P3
CUST-00215,SMB,24 Month,Partner,India,Premium,19,54.24,2,0.374,-89,0,2.8,20,0,650.88,1,Low,72.32,P4
CUST-00216,SMB,24 Month,Retail,India,Basic,5,48.37,3,0.738,-6,0,8.3,2,0,580.44,2,Low,128.99,P4
CUST-00217,SMB,24 Month,Online,UK,Basic,34,27.93,0,0.64,39,0,10.4,49,0,335.16,2,Low,74.48,P4
CUST-00218,Enterprise,Month-to-Month,Retail,UAE,Basic,25,34.58,1,0.688,0,1,4.7,49,1,414.96,5,High,0.0,P3
CUST-00219,SMB,12 Month,Online,UK,Standard,65,62.13,0,0.546,45,0,4.4,54,0,745.56,2,Low,165.68,P4
CUST-00220,Consumer,Month-to-Month,Online,UAE,Basic,20,95.3,2,0.212,62,0,2.3,30,0,1143.6,3,Medium,381.2,P3
CUST-00221,Mid-Market,24 Month,Partner,India,Premium,68,42.09,1,0.814,-23,0,8.3,14,0,505.08,1,Low,56.12,P4
CUST-00222,Consumer,12 Month,Retail,UK,Premium,57,18.5,1,0.654,11,1,0.1,41,0,222.0,4,Medium,98.67,P3
CUST-00223,Enterprise,12 Month,Direct Sales,Germany,Premium,58,175.34,1,0.201,-22,0,1.9,39,0,2104.08,5,High,1168.93,P2
CUST-00224,Consumer,Month-to-Month,Direct Sales,India,Premium,19,117.76,1,0.549,-82,0,5.3,28,0,1413.12,2,Low,314.03,P4
CUST-00225,Consumer,12 Month,Online,India,Premium,48,26.06,0,0.232,9,0,13.0,0,0,312.72,2,Low,69.49,P4
CUST-00226,Enterprise,Month-to-Month,Online,India,Basic,12,70.68,4,0.677,-74,0,3.3,9,0,848.16,3,Medium,282.72,P3
CUST-00227,Consumer,24 Month,Online,India,Standard,38,96.12,2,0.685,-55,1,12.2,50,1,1153.44,5,High,0.0,P2
CUST-00228,Mid-Market,Month-to-Month,Direct Sales,UK,Basic,39,113.7,1,0.914,15,0,5.4,39,0,1364.4,3,Medium,454.8,P3
CUST-00229,SMB,Month-to-Month,Direct Sales,Germany,Basic,26,67.71,1,0.573,-53,0,10.3,42,1,812.52,4,Medium,0.0,P3
CUST-00230,SMB,12 Month,Retail,India,Standard,34,46.44,2,0.752,-67,0,8.2,5,0,557.28,1,Low,61.92,P4
CUST-00231,SMB,12 Month,Online,UK,Basic,45,33.52,5,0.404,28,1,5.4,49,0,402.24,5,High,223.47,P3
CUST-00232,Consumer,Month-to-Month,Direct Sales,UK,Enterprise,31,21.65,1,0.748,83,0,3.1,50,1,259.8,3,Medium,0.0,P3
CUST-00233,Consumer,24 Month,Retail,India,Premium,31,103.64,2,0.745,-48,0,21.1,34,0,1243.68,3,Medium,414.56,P3
CUST-00234,Consumer,12 Month,Retail,UK,Enterprise,12,58.27,1,0.261,-69,0,12.1,59,0,699.24,5,High,388.47,P3
CUST-00235,Mid-Market,Month-to-Month,Partner,UK,Basic,63,126.37,5,0.379,7,1,20.5,11,0,1516.44,4,Medium,673.97,P2
CUST-00236,Mid-Market,24 Month,Online,UK,Standard,65,27.93,4,0.323,-73,0,1.6,45,1,335.16,6,High,0.0,P3
CUST-00237,Mid-Market,Month-to-Month,Retail,UK,Standard,45,29.19,0,0.561,48,1,5.0,41,0,350.28,5,High,194.6,P3
CUST-00238,Enterprise,Month-to-Month,Direct Sales,Germany,Standard,69,20.48,1,0.84,63,1,14.5,43,0,245.76,5,High,136.53,P3
CUST-00239,Mid-Market,Month-to-Month,Online,India,Standard,26,80.66,1,0.619,-12,2,20.5,25,0,967.92,4,Medium,430.19,P2
CUST-00240,Enterprise,Month-to-Month,Retail,US,Standard,43,114.36,2,0.786,74,0,7.2,25,0,1372.32,1,Low,152.48,P4
CUST-00241,Consumer,24 Month,Direct Sales,UK,Premium,15,43.63,2,0.565,-32,2,3.3,5,0,523.56,3,Medium,174.52,P3
CUST-00242,Enterprise,12 Month,Direct Sales,UAE,Basic,48,105.37,1,0.755,89,0,9.4,46,0,1264.44,2,Low,280.99,P4
CUST-00243,SMB,12 Month,Partner,India,Premium,6,96.48,2,0.473,67,0,9.1,38,0,1157.76,2,Low,257.28,P4
CUST-00244,Enterprise,12 Month,Direct Sales,UAE,Premium,4,49.71,5,0.247,-41,1,3.8,29,1,596.52,6,High,0.0,P3
CUST-00245,Consumer,Month-to-Month,Online,US,Enterprise,9,16.36,0,0.532,41,0,4.1,50,0,196.32,3,Medium,65.44,P3
CUST-00246,Mid-Market,Month-to-Month,Partner,UK,Standard,66,102.81,1,0.148,9,0,2.9,38,0,1233.72,5,High,685.4,P2
CUST-00247,SMB,24 Month,Online,Germany,Enterprise,60,78.29,3,0.689,57,0,1.3,29,0,939.48,1,Low,104.39,P4
CUST-00248,Consumer,Month-to-Month,Direct Sales,UK,Standard,55,56.18,0,0.726,75,1,13.8,42,0,674.16,5,High,374.53,P3
CUST-00249,Consumer,24 Month,Direct Sales,US,Premium,8,41.09,4,0.822,-11,0,3.8,19,0,493.08,2,Low,109.57,P4
CUST-00250,Consumer,12 Month,Direct Sales,UAE,Premium,39,50.43,1,0.454,2,1,8.0,56,0,605.16,4,Medium,268.96,P3
CUST-00251,Enterprise,Month-to-Month,Partner,India,Standard,1,29.61,3,0.931,84,0,7.6,49,0,355.32,4,Medium,157.92,P3
CUST-00252,Consumer,12 Month,Direct Sales,UAE,Basic,32,60.61,1,0.496,-8,0,11.7,60,1,727.32,3,Medium,0.0,P3
CUST-00253,Enterprise,Month-to-Month,Online,Germany,Standard,62,38.71,3,0.163,-24,1,9.3,17,0,464.52,7,Critical,361.29,P3
CUST-00254,Enterprise,12 Month,Partner,India,Premium,71,53.69,2,0.574,-71,0,17.5,22,0,644.28,1,Low,71.59,P4
CUST-00255,Mid-Market,24 Month,Retail,UK,Standard,7,27.01,0,0.35,-57,0,0.9,6,0,324.12,1,Low,36.01,P4
CUST-00256,Enterprise,Month-to-Month,Online,India,Standard,13,45.39,2,0.459,29,1,8.8,19,1,544.68,3,Medium,0.0,P3
CUST-00257,Consumer,Month-to-Month,Partner,Germany,Standard,70,54.82,4,0.745,23,0,7.8,7,0,657.84,2,Low,146.19,P4
CUST-00258,Consumer,Month-to-Month,Direct Sales,UK,Standard,35,61.51,2,0.652,-63,0,1.5,56,1,738.12,4,Medium,0.0,P3
CUST-00259,Consumer,Month-to-Month,Direct Sales,Germany,Standard,6,72.09,0,0.764,85,0,1.3,0,0,865.08,1,Low,96.12,P4
CUST-00260,Consumer,12 Month,Online,India,Premium,63,90.45,4,0.65,2,0,5.4,52,0,1085.4,3,Medium,361.8,P3
CUST-00261,Consumer,24 Month,Direct Sales,UAE,Standard,45,12.21,4,0.426,-74,0,6.6,10,0,146.52,2,Low,32.56,P4
CUST-00262,Enterprise,Month-to-Month,Online,UK,Basic,58,79.7,2,0.52,-57,0,10.0,40,0,956.4,4,Medium,425.07,P2
CUST-00263,SMB,12 Month,Direct Sales,UAE,Standard,60,81.17,2,0.88,-30,0,13.5,9,0,974.04,1,Low,108.23,P4
CUST-00264,Consumer,12 Month,Online,US,Standard,54,84.56,2,0.438,41,0,3.8,18,0,1014.72,0,Low,0.0,P4
CUST-00265,Consumer,12 Month,Partner,UK,Basic,54,26.8,1,0.553,-96,0,26.7,49,0,321.6,3,Medium,107.2,P3
CUST-00266,Mid-Market,Month-to-Month,Retail,US,Premium,20,38.38,2,0.454,-48,0,22.2,0,0,460.56,2,Low,102.35,P4
CUST-00267,Enterprise,Month-to-Month,Direct Sales,UK,Standard,1,95.5,3,0.38,1,0,7.0,46,0,1146.0,4,Medium,509.33,P2
CUST-00268,Mid-Market,12 Month,Online,US,Enterprise,33,26.25,1,0.298,12,0,7.1,59,0,315.0,4,Medium,140.0,P3
CUST-00269,Enterprise,Month-to-Month,Retail,US,Standard,1,66.11,2,0.541,-70,0,2.5,24,0,793.32,2,Low,176.29,P4
CUST-00270,Mid-Market,12 Month,Direct Sales,UK,Basic,48,110.1,1,0.437,56,1,7.8,58,0,1321.2,4,Medium,587.2,P2
CUST-00271,Consumer,Month-to-Month,Partner,UK,Premium,70,94.41,2,0.69,88,1,10.5,2,0,1132.92,3,Medium,377.64,P3
CUST-00272,SMB,12 Month,Online,US,Standard,70,28.36,1,0.145,13,1,2.1,40,1,340.32,6,High,0.0,P3
CUST-00273,Consumer,Month-to-Month,Online,US,Premium,70,65.22,0,0.521,-67,0,7.5,12,0,782.64,2,Low,173.92,P4
CUST-00274,Mid-Market,12 Month,Partner,India,Standard,33,44.84,2,0.188,90,1,4.8,42,0,538.08,6,High,358.72,P3
CUST-00275,Consumer,Month-to-Month,Retail,UAE,Premium,66,43.36,2,0.336,-85,0,2.7,38,0,520.32,6,High,346.88,P3
CUST-00276,SMB,12 Month,Online,India,Standard,9,31.11,2,0.24,84,0,9.5,0,0,373.32,2,Low,82.96,P4
CUST-00277,Consumer,12 Month,Partner,UK,Premium,59,76.87,0,0.724,38,1,8.8,50,0,922.44,4,Medium,409.97,P2
CUST-00278,Mid-Market,Month-to-Month,Online,UK,Basic,54,17.33,2,0.853,-98,1,12.4,60,0,207.96,6,High,138.64,P3
CUST-00279,SMB,12 Month,Retail,UK,Standard,68,170.21,1,0.848,93,0,6.6,40,0,2042.52,2,Low,453.89,P4
CUST-00280,Enterprise,Month-to-Month,Retail,India,Premium,24,33.29,2,0.433,11,0,2.6,4,0,399.48,1,Low,44.39,P4
CUST-00281,SMB,12 Month,Direct Sales,UK,Premium,2,87.14,1,0.349,-68,1,8.5,38,0,1045.68,7,Critical,813.31,P2
CUST-00282,Consumer,24 Month,Online,UK,Premium,20,24.29,2,0.334,-100,0,6.8,28,0,291.48,3,Medium,97.16,P3
CUST-00283,Consumer,Month-to-Month,Direct Sales,Germany,Enterprise,17,43.59,1,0.44,-4,0,5.8,11,0,523.08,2,Low,116.24,P4
CUST-00284,SMB,Month-to-Month,Direct Sales,UK,Standard,68,75.62,4,0.855,22,0,5.6,9,0,907.44,2,Low,201.65,P4
CUST-00285,SMB,Month-to-Month,Online,US,Premium,72,71.04,4,0.438,15,0,8.0,55,0,852.48,4,Medium,378.88,P3
CUST-00286,SMB,Month-to-Month,Direct Sales,India,Standard,49,91.21,0,0.542,72,0,8.3,21,0,1094.52,1,Low,121.61,P4
CUST-00287,Enterprise,12 Month,Online,UK,Standard,68,45.48,3,0.323,68,0,1.9,45,1,545.76,5,High,0.0,P3
CUST-00288,Mid-Market,24 Month,Direct Sales,US,Standard,14,47.12,3,0.52,4,0,2.7,7,0,565.44,1,Low,62.83,P4
CUST-00289,Mid-Market,12 Month,Online,UAE,Enterprise,5,41.28,0,0.524,-1,0,8.8,15,0,495.36,1,Low,55.04,P4
CUST-00290,Mid-Market,Month-to-Month,Online,US,Basic,47,42.42,1,0.75,46,0,4.1,17,0,509.04,1,Low,56.56,P4
CUST-00291,Consumer,12 Month,Online,UAE,Enterprise,22,40.04,0,0.629,18,1,2.3,4,0,480.48,2,Low,106.77,P4
CUST-00292,Consumer,Month-to-Month,Direct Sales,India,Standard,13,47.38,3,0.66,56,0,6.7,35,0,568.56,4,Medium,252.69,P3
CUST-00293,Enterprise,12 Month,Online,UAE,Premium,46,115.97,3,0.708,96,0,5.3,38,0,1391.64,3,Medium,463.88,P3
CUST-00294,Enterprise,24 Month,Retail,US,Basic,17,84.88,1,0.717,-4,0,11.4,51,0,1018.56,3,Medium,339.52,P3
CUST-00295,SMB,12 Month,Retail,UK,Enterprise,53,21.37,2,0.21,46,0,16.6,21,0,256.44,2,Low,56.99,P4
CUST-00296,Consumer,12 Month,Online,US,Enterprise,64,77.46,4,0.591,-88,1,5.6,32,0,929.52,6,High,619.68,P2
CUST-00297,Enterprise,24 Month,Retail,India,Premium,15,178.83,1,0.807,-84,1,6.1,25,0,2145.96,3,Medium,715.32,P3
CUST-00298,Consumer,12 Month,Retail,UAE,Standard,71,90.3,0,0.297,-56,1,10.9,31,0,1083.6,7,Critical,842.8,P2
CUST-00299,Consumer,12 Month,Retail,US,Premium,31,38.3,3,0.241,52,1,3.1,27,0,459.6,5,High,255.33,P3
CUST-00300,Enterprise,12 Month,Online,US,Basic,42,53.25,3,0.305,-89,1,11.2,25,0,639.0,6,High,426.0,P3
CUST-00301,Enterprise,Month-to-Month,Partner,UK,Basic,18,47.94,2,0.444,-10,0,10.2,50,0,575.28,4,Medium,255.68,P3
CUST-00302,Consumer,Month-to-Month,Online,UK,Premium,44,28.08,2,0.734,-23,1,6.5,35,0,336.96,6,High,224.64,P3
CUST-00303,SMB,12 Month,Online,Germany,Premium,32,44.62,0,0.333,93,1,1.8,31,0,535.44,6,High,356.96,P3
CUST-00304,SMB,Month-to-Month,Partner,US,Standard,43,136.75,2,0.533,65,0,6.9,8,0,1641.0,1,Low,182.33,P4
CUST-00305,SMB,Month-to-Month,Partner,UK,Basic,64,77.06,0,0.424,-83,1,3.4,37,1,924.72,6,High,0.0,P2
CUST-00306,Mid-Market,24 Month,Online,India,Premium,23,35.1,0,0.621,-42,1,9.5,5,0,421.2,3,Medium,140.4,P3
CUST-00307,SMB,12 Month,Retail,UK,Premium,55,39.99,1,0.729,43,0,9.3,1,0,479.88,0,Low,0.0,P4
CUST-00308,SMB,12 Month,Direct Sales,US,Standard,23,39.31,4,0.523,-97,0,11.6,26,0,471.72,2,Low,104.83,P4
CUST-00309,Enterprise,24 Month,Online,UAE,Standard,48,24.33,0,0.326,-31,0,16.6,5,0,291.96,3,Medium,97.32,P3
CUST-00310,Consumer,Month-to-Month,Partner,UK,Premium,66,83.79,3,0.903,12,0,7.5,48,0,1005.48,4,Medium,446.88,P2
CUST-00311,Enterprise,Month-to-Month,Online,Germany,Standard,54,29.86,0,0.713,-48,0,4.6,24,0,358.32,2,Low,79.63,P4
CUST-00312,Consumer,24 Month,Online,US,Basic,10,34.64,1,0.964,74,1,11.2,54,0,415.68,4,Medium,184.75,P3
CUST-00313,Mid-Market,24 Month,Direct Sales,US,Enterprise,4,51.99,1,0.386,8,0,24.4,5,0,623.88,0,Low,0.0,P4
CUST-00314,Consumer,12 Month,Online,UK,Standard,70,63.48,3,0.664,36,0,10.0,31,0,761.76,3,Medium,253.92,P3
CUST-00315,SMB,Month-to-Month,Direct Sales,UK,Standard,17,58.6,1,0.213,9,0,23.2,51,0,703.2,5,High,390.67,P3
CUST-00316,SMB,12 Month,Direct Sales,UK,Premium,46,139.97,0,0.476,59,0,5.8,22,0,1679.64,0,Low,0.0,P4
CUST-00317,Consumer,Month-to-Month,Partner,UK,Enterprise,50,50.17,2,0.668,91,0,6.4,54,0,602.04,3,Medium,200.68,P3
CUST-00318,Consumer,12 Month,Online,UAE,Premium,40,159.6,4,0.497,48,0,0.5,41,0,1915.2,3,Medium,638.4,P3
CUST-00319,Enterprise,Month-to-Month,Direct Sales,US,Premium,58,67.59,3,0.138,-31,1,8.2,15,0,811.08,7,Critical,630.84,P3
CUST-00320,Mid-Market,Month-to-Month,Online,UK,Premium,9,73.93,2,0.834,19,0,4.8,15,0,887.16,1,Low,98.57,P4
CUST-00321,Consumer,24 Month,Retail,UK,Standard,43,61.12,0,0.496,-26,1,4.5,39,0,733.44,5,High,407.47,P3
CUST-00322,Consumer,12 Month,Partner,UK,Basic,69,77.27,2,0.849,81,1,25.3,25,0,927.24,2,Low,206.05,P4
CUST-00323,Consumer,Month-to-Month,Direct Sales,UAE,Basic,22,45.12,2,0.32,37,0,19.6,57,0,541.44,5,High,300.8,P3
CUST-00324,Consumer,Month-to-Month,Partner,UK,Standard,24,31.48,1,0.39,96,0,5.9,22,0,377.76,1,Low,41.97,P4
CUST-00325,Mid-Market,12 Month,Direct Sales,Germany,Premium,6,29.61,0,0.42,-97,0,14.8,16,0,355.32,1,Low,39.48,P4
CUST-00326,Enterprise,Month-to-Month,Partner,US,Premium,54,64.2,2,0.333,4,0,11.2,22,0,770.4,3,Medium,256.8,P3
CUST-00327,SMB,Month-to-Month,Direct Sales,India,Standard,64,21.51,1,0.733,31,0,5.1,28,0,258.12,1,Low,28.68,P4
CUST-00328,SMB,Month-to-Month,Online,Germany,Enterprise,68,63.16,3,0.837,-100,0,8.3,43,1,757.92,5,High,0.0,P3
CUST-00329,SMB,12 Month,Direct Sales,US,Enterprise,59,38.94,1,0.286,-51,0,9.8,30,0,467.28,3,Medium,155.76,P3
CUST-00330,SMB,Month-to-Month,Direct Sales,UAE,Premium,19,22.84,0,0.113,-3,0,20.5,0,0,274.08,4,Medium,121.81,P3
CUST-00331,Mid-Market,Month-to-Month,Direct Sales,UK,Standard,6,87.53,1,0.631,8,2,14.8,10,0,1050.36,3,Medium,350.12,P3
CUST-00332,Consumer,Month-to-Month,Online,UAE,Premium,42,74.89,1,0.735,-64,0,10.5,47,0,898.68,4,Medium,399.41,P3
CUST-00333,Consumer,12 Month,Direct Sales,UK,Basic,29,54.44,3,0.259,94,0,12.3,47,0,653.28,5,High,362.93,P3
CUST-00334,Mid-Market,12 Month,Online,US,Basic,29,52.34,0,0.824,33,0,12.2,29,0,628.08,0,Low,0.0,P4
CUST-00335,SMB,Month-to-Month,Direct Sales,India,Standard,50,38.68,2,0.114,-79,0,3.3,15,1,464.16,4,Medium,0.0,P3
CUST-00336,Consumer,24 Month,Retail,Germany,Standard,26,92.26,2,0.511,-83,0,4.8,39,0,1107.12,3,Medium,369.04,P3
CUST-00337,Mid-Market,12 Month,Online,UK,Premium,40,70.0,3,0.381,7,1,7.2,42,0,840.0,5,High,466.67,P3
CUST-00338,Mid-Market,Month-to-Month,Direct Sales,UAE,Enterprise,5,75.58,3,0.666,-86,0,4.9,33,1,906.96,5,High,0.0,P2
CUST-00339,Mid-Market,Month-to-Month,Retail,US,Basic,35,26.2,1,0.624,29,1,5.2,46,1,314.4,5,High,0.0,P3
CUST-00340,SMB,12 Month,Partner,US,Standard,15,64.38,0,0.339,16,0,3.4,1,0,772.56,2,Low,171.68,P4
CUST-00341,Consumer,12 Month,Online,US,Standard,45,35.04,2,0.568,68,0,23.7,37,0,420.48,2,Low,93.44,P4
CUST-00342,Consumer,Month-to-Month,Retail,UK,Basic,33,31.75,0,0.285,24,1,6.7,44,1,381.0,7,Critical,0.0,P3
CUST-00343,Enterprise,Month-to-Month,Direct Sales,UK,Premium,51,27.86,3,0.634,75,0,1.7,46,0,334.32,4,Medium,148.59,P3
CUST-00344,Enterprise,12 Month,Online,UAE,Premium,13,60.15,2,0.663,-78,0,9.6,20,0,721.8,1,Low,80.2,P4
CUST-00345,SMB,Month-to-Month,Partner,US,Standard,30,34.85,2,0.193,69,0,6.7,51,0,418.2,5,High,232.33,P3
CUST-00346,SMB,Month-to-Month,Direct Sales,US,Premium,64,36.79,1,0.2,-67,0,11.6,25,0,441.48,4,Medium,196.21,P3
CUST-00347,Consumer,Month-to-Month,Direct Sales,Germany,Enterprise,37,53.06,2,0.385,-3,0,12.0,18,0,636.72,2,Low,141.49,P4
CUST-00348,SMB,Month-to-Month,Direct Sales,US,Standard,6,27.82,2,0.45,26,0,6.0,49,1,333.84,3,Medium,0.0,P3
CUST-00349,Enterprise,24 Month,Online,UK,Standard,59,103.08,1,0.579,87,0,6.6,24,0,1236.96,0,Low,0.0,P4
CUST-00350,SMB,12 Month,Direct Sales,Germany,Premium,40,78.04,0,0.644,-89,0,1.8,54,0,936.48,3,Medium,312.16,P3
CUST-00351,Enterprise,Month-to-Month,Direct Sales,UK,Standard,64,24.79,2,0.47,-66,2,4.2,34,0,297.48,6,High,198.32,P3
CUST-00352,SMB,Month-to-Month,Direct Sales,UK,Basic,4,39.12,1,0.279,-93,1,21.4,51,1,469.44,8,Critical,0.0,P3
CUST-00353,Consumer,24 Month,Retail,India,Basic,6,58.28,1,0.445,-73,0,5.2,8,1,699.36,1,Low,0.0,P4
CUST-00354,SMB,Month-to-Month,Direct Sales,India,Basic,36,69.31,4,0.555,49,1,4.1,39,0,831.72,6,High,554.48,P3
CUST-00355,SMB,Month-to-Month,Online,US,Basic,55,102.65,1,0.601,-42,0,12.3,26,0,1231.8,2,Low,273.73,P4
CUST-00356,Enterprise,Month-to-Month,Direct Sales,India,Standard,4,56.37,2,0.399,-27,0,7.2,16,0,676.44,2,Low,150.32,P4
CUST-00357,Mid-Market,12 Month,Direct Sales,UK,Enterprise,2,36.84,1,0.219,-19,1,17.1,12,0,442.08,5,High,245.6,P3
CUST-00358,Consumer,24 Month,Online,UK,Standard,47,69.21,4,0.222,-41,0,2.1,59,1,830.52,6,High,0.0,P3
CUST-00359,Consumer,Month-to-Month,Retail,UAE,Premium,48,46.3,2,0.589,-74,1,7.6,54,1,555.6,6,High,0.0,P3
CUST-00360,Mid-Market,12 Month,Direct Sales,India,Basic,72,36.05,4,0.914,41,1,1.9,26,0,432.6,3,Medium,144.2,P3
CUST-00361,Consumer,Month-to-Month,Online,UAE,Standard,46,96.51,0,0.57,90,1,4.2,19,1,1158.12,3,Medium,0.0,P3
CUST-00362,Mid-Market,12 Month,Direct Sales,UK,Enterprise,33,78.07,3,0.156,34,0,6.0,6,0,936.84,3,Medium,312.28,P3
CUST-00363,Mid-Market,Month-to-Month,Direct Sales,UK,Premium,59,29.68,3,0.91,-14,0,2.2,32,0,356.16,5,High,197.87,P3
CUST-00364,Enterprise,12 Month,Online,US,Basic,37,117.21,2,0.333,34,0,3.2,58,0,1406.52,4,Medium,625.12,P2
CUST-00365,Enterprise,Month-to-Month,Retail,US,Standard,19,56.97,6,0.414,-32,0,2.5,50,1,683.64,5,High,0.0,P3
CUST-00366,SMB,12 Month,Online,UK,Standard,23,73.25,2,0.197,40,1,6.7,56,1,879.0,6,High,0.0,P3
CUST-00367,Consumer,12 Month,Partner,India,Enterprise,31,60.84,3,0.578,-52,0,13.9,20,0,730.08,2,Low,162.24,P4
CUST-00368,Mid-Market,Month-to-Month,Online,US,Premium,62,92.13,3,0.489,-46,0,18.9,59,1,1105.56,5,High,0.0,P2
CUST-00369,SMB,12 Month,Online,UK,Enterprise,34,62.49,1,0.338,-28,0,5.8,56,1,749.88,5,High,0.0,P3
CUST-00370,Consumer,24 Month,Online,Germany,Premium,61,124.08,2,0.395,59,0,4.7,26,0,1488.96,0,Low,0.0,P4
CUST-00371,Enterprise,12 Month,Online,India,Basic,69,33.67,0,0.362,-30,1,11.9,53,0,404.04,5,High,224.47,P3
CUST-00372,Consumer,Month-to-Month,Direct Sales,UK,Standard,16,68.39,2,0.392,-87,0,3.2,40,0,820.68,4,Medium,364.75,P3
CUST-00373,SMB,Month-to-Month,Direct Sales,Germany,Basic,11,50.05,1,0.568,-40,0,6.9,31,1,600.6,4,Medium,0.0,P3
CUST-00374,SMB,12 Month,Direct Sales,US,Standard,37,41.46,4,0.443,-10,0,15.0,59,1,497.52,4,Medium,0.0,P3
CUST-00375,Consumer,Month-to-Month,Direct Sales,UK,Basic,59,54.94,0,0.197,-14,2,7.2,41,0,659.28,8,Critical,586.03,P3
CUST-00376,SMB,Month-to-Month,Retail,UK,Premium,59,34.01,2,0.577,33,0,5.5,44,0,408.12,3,Medium,136.04,P3
CUST-00377,Consumer,24 Month,Online,UK,Enterprise,34,142.24,1,0.278,-66,0,4.5,0,0,1706.88,3,Medium,568.96,P3
CUST-00378,Consumer,Month-to-Month,Partner,UK,Premium,38,63.25,1,0.861,65,0,18.3,38,0,759.0,3,Medium,253.0,P3
CUST-00379,SMB,Month-to-Month,Direct Sales,UK,Standard,31,180.28,4,0.305,-88,0,5.9,2,0,2163.36,5,High,1201.87,P2
CUST-00380,SMB,24 Month,Online,Germany,Standard,28,152.8,1,0.169,-79,2,12.3,12,0,1833.6,5,High,1018.67,P2
CUST-00381,Mid-Market,12 Month,Online,US,Premium,72,87.01,0,0.615,54,2,0.6,5,0,1044.12,2,Low,232.03,P4
CUST-00382,Mid-Market,Month-to-Month,Retail,India,Enterprise,34,66.53,3,0.515,-79,1,3.5,43,0,798.36,7,Critical,620.95,P3
CUST-00383,Mid-Market,Month-to-Month,Online,UK,Premium,65,90.02,2,0.28,-88,0,5.7,33,0,1080.24,6,High,720.16,P2
CUST-00384,Consumer,12 Month,Online,India,Standard,2,29.95,4,0.974,42,0,2.5,51,0,359.4,3,Medium,119.8,P3
CUST-00385,Consumer,12 Month,Direct Sales,UK,Basic,39,135.1,3,0.708,-42,0,11.2,19,0,1621.2,2,Low,360.27,P4
CUST-00386,Mid-Market,24 Month,Online,US,Premium,41,36.01,1,0.132,-28,0,11.4,9,0,432.12,3,Medium,144.04,P3
CUST-00387,Mid-Market,Month-to-Month,Online,US,Standard,34,59.47,0,0.769,56,1,17.0,26,1,713.64,3,Medium,0.0,P3
CUST-00388,SMB,12 Month,Direct Sales,UK,Standard,63,45.13,2,0.161,74,1,1.3,37,0,541.56,6,High,361.04,P3
CUST-00389,Mid-Market,12 Month,Direct Sales,UK,Standard,30,46.93,1,0.26,0,2,12.0,41,0,563.16,6,High,375.44,P3
CUST-00390,Mid-Market,Month-to-Month,Online,UK,Enterprise,44,44.93,1,0.42,71,0,9.2,51,0,539.16,3,Medium,179.72,P3
CUST-00391,SMB,24 Month,Retail,UAE,Standard,45,88.48,0,0.805,-21,1,1.8,7,0,1061.76,3,Medium,353.92,P3
CUST-00392,SMB,12 Month,Direct Sales,UK,Standard,46,74.43,3,0.748,20,0,11.9,52,0,893.16,3,Medium,297.72,P3
CUST-00393,Consumer,Month-to-Month,Retail,Germany,Standard,21,53.32,3,0.906,-100,1,8.0,53,0,639.84,7,Critical,497.65,P3
CUST-00394,Mid-Market,Month-to-Month,Online,UK,Enterprise,55,78.67,1,0.45,39,0,2.9,36,0,944.04,3,Medium,314.68,P3
CUST-00395,Mid-Market,12 Month,Online,US,Standard,62,51.36,2,0.191,-45,0,23.1,46,0,616.32,5,High,342.4,P3
CUST-00396,SMB,12 Month,Online,India,Premium,11,45.23,1,0.6,7,0,1.1,9,0,542.76,0,Low,0.0,P4
CUST-00397,SMB,24 Month,Direct Sales,India,Premium,45,74.64,2,0.31,46,1,6.2,42,0,895.68,6,High,597.12,P3
CUST-00398,Consumer,12 Month,Online,Germany,Standard,46,55.32,2,0.474,85,1,5.9,29,0,663.84,2,Low,147.52,P4
CUST-00399,Enterprise,12 Month,Direct Sales,US,Basic,6,65.72,3,0.825,-73,1,4.0,6,0,788.64,4,Medium,350.51,P3
CUST-00400,Consumer,24 Month,Direct Sales,UK,Standard,28,16.83,1,0.596,-11,0,1.6,20,0,201.96,1,Low,22.44,P4
CUST-00401,Enterprise,12 Month,Direct Sales,UK,Basic,48,104.11,0,0.837,79,0,6.6,44,0,1249.32,2,Low,277.63,P4
CUST-00402,Consumer,24 Month,Direct Sales,UAE,Basic,60,17.47,0,0.366,-93,0,3.6,57,1,209.64,3,Medium,0.0,P3
CUST-00403,Mid-Market,24 Month,Online,India,Premium,43,45.05,2,0.345,-65,0,11.4,8,0,540.6,3,Medium,180.2,P3
CUST-00404,Mid-Market,12 Month,Online,US,Standard,57,78.45,2,0.747,84,0,3.3,45,0,941.4,2,Low,209.2,P4
CUST-00405,SMB,24 Month,Online,US,Premium,45,32.14,1,0.836,27,0,16.1,8,0,385.68,0,Low,0.0,P4
CUST-00406,SMB,12 Month,Direct Sales,India,Premium,16,90.68,2,0.542,-76,0,9.9,37,0,1088.16,3,Medium,362.72,P3
CUST-00407,SMB,Month-to-Month,Direct Sales,UK,Basic,51,65.61,4,0.417,17,1,2.8,32,1,787.32,6,High,0.0,P3
CUST-00408,SMB,Month-to-Month,Partner,UK,Standard,5,28.93,0,0.378,-65,0,4.7,31,0,347.16,4,Medium,154.29,P3
CUST-00409,Consumer,Month-to-Month,Online,UAE,Basic,10,100.31,0,0.62,-91,0,3.0,46,0,1203.72,4,Medium,534.99,P2
CUST-00410,Mid-Market,Month-to-Month,Retail,India,Standard,47,83.0,2,0.4,77,0,2.2,16,0,996.0,1,Low,110.67,P4
CUST-00411,Enterprise,Month-to-Month,Partner,UK,Standard,68,21.58,2,0.156,88,0,1.5,34,0,258.96,5,High,143.87,P3
CUST-00412,Enterprise,12 Month,Partner,India,Basic,25,121.13,2,0.229,-4,0,3.4,9,0,1453.56,3,Medium,484.52,P3
CUST-00413,Mid-Market,12 Month,Direct Sales,UAE,Standard,61,118.98,1,0.084,-95,0,17.7,6,0,1427.76,3,Medium,475.92,P3
CUST-00414,Enterprise,24 Month,Online,UK,Premium,39,21.72,4,0.56,73,1,1.9,47,0,260.64,5,High,144.8,P3
CUST-00415,SMB,Month-to-Month,Direct Sales,UK,Standard,63,33.24,2,0.682,86,0,7.3,24,0,398.88,1,Low,44.32,P4
CUST-00416,Mid-Market,Month-to-Month,Partner,UK,Enterprise,7,69.94,3,0.346,22,0,0.8,16,0,839.28,4,Medium,373.01,P3
CUST-00417,SMB,Month-to-Month,Direct Sales,UK,Enterprise,47,40.94,0,0.098,-71,0,3.1,30,0,491.28,4,Medium,218.35,P3
CUST-00418,Consumer,24 Month,Direct Sales,UAE,Standard,48,68.98,1,0.887,2,0,16.8,16,0,827.76,0,Low,0.0,P4
CUST-00419,Consumer,12 Month,Online,UK,Standard,21,50.88,0,0.336,37,0,5.6,56,1,610.56,4,Medium,0.0,P3
CUST-00420,Consumer,24 Month,Online,UK,Premium,37,85.48,2,0.198,43,1,1.8,1,0,1025.76,4,Medium,455.89,P2
CUST-00421,Mid-Market,12 Month,Partner,UK,Basic,3,18.93,0,0.631,99,0,12.9,2,0,227.16,0,Low,0.0,P4
CUST-00422,Mid-Market,12 Month,Online,UK,Basic,17,40.36,1,0.844,-10,0,19.1,25,0,484.32,1,Low,53.81,P4
CUST-00423,Enterprise,12 Month,Online,India,Premium,2,55.21,2,0.523,-40,0,16.4,46,0,662.52,3,Medium,220.84,P3
CUST-00424,SMB,24 Month,Online,US,Standard,55,40.99,1,0.929,67,0,11.4,31,0,491.88,2,Low,109.31,P4
CUST-00425,SMB,12 Month,Retail,India,Standard,25,27.44,0,0.692,94,1,9.5,36,0,329.28,4,Medium,146.35,P3
CUST-00426,Enterprise,24 Month,Direct Sales,UK,Standard,22,46.98,2,0.476,18,0,1.9,1,0,563.76,0,Low,0.0,P4
CUST-00427,Enterprise,12 Month,Direct Sales,India,Standard,53,30.75,3,0.713,-60,0,1.5,5,0,369.0,2,Low,82.0,P4
CUST-00428,Enterprise,Month-to-Month,Partner,UAE,Standard,65,49.01,1,0.081,8,0,6.0,15,0,588.12,3,Medium,196.04,P3
CUST-00429,Consumer,24 Month,Partner,Germany,Basic,41,48.83,0,0.257,-14,0,2.9,41,1,585.96,5,High,0.0,P3
CUST-00430,SMB,12 Month,Retail,US,Premium,54,103.95,2,0.585,-72,0,4.8,8,0,1247.4,1,Low,138.6,P4
CUST-00431,Consumer,Month-to-Month,Partner,US,Premium,14,62.5,2,0.845,10,0,2.7,17,0,750.0,1,Low,83.33,P4
CUST-00432,SMB,Month-to-Month,Direct Sales,India,Basic,7,105.31,1,0.399,42,0,5.6,14,0,1263.72,1,Low,140.41,P4
CUST-00433,Mid-Market,Month-to-Month,Retail,UK,Basic,61,140.04,3,0.78,5,0,5.3,50,0,1680.48,4,Medium,746.88,P2
CUST-00434,Mid-Market,Month-to-Month,Retail,UK,Enterprise,52,56.72,1,0.627,-76,0,5.3,43,1,680.64,4,Medium,0.0,P3
CUST-00435,Consumer,24 Month,Retail,India,Premium,72,51.1,3,0.323,-91,2,4.0,15,0,613.2,6,High,408.8,P3
CUST-00436,Consumer,Month-to-Month,Online,US,Premium,24,82.79,0,0.715,23,2,4.1,19,0,993.48,3,Medium,331.16,P3
CUST-00437,Consumer,Month-to-Month,Online,UK,Premium,9,29.27,2,0.528,99,0,9.7,42,1,351.24,3,Medium,0.0,P3
CUST-00438,Consumer,12 Month,Direct Sales,Germany,Premium,37,29.68,5,0.351,-47,1,5.6,56,1,356.16,6,High,0.0,P3
CUST-00439,Consumer,24 Month,Direct Sales,India,Basic,7,26.32,2,0.584,-77,1,6.2,57,0,315.84,5,High,175.47,P3
CUST-00440,Consumer,Month-to-Month,Online,UK,Premium,60,154.55,1,0.496,28,1,3.3,42,0,1854.6,5,High,1030.33,P2
CUST-00441,SMB,24 Month,Partner,US,Standard,15,71.26,2,0.289,-14,1,5.5,43,1,855.12,7,Critical,0.0,P3
CUST-00442,SMB,12 Month,Direct Sales,India,Basic,16,64.73,1,0.347,97,0,1.9,20,0,776.76,2,Low,172.61,P4
CUST-00443,Mid-Market,Month-to-Month,Retail,US,Enterprise,53,30.19,0,0.404,17,0,15.8,33,0,362.28,3,Medium,120.76,P3
CUST-00444,Consumer,24 Month,Retail,UAE,Basic,67,67.7,3,0.398,-40,0,12.5,33,0,812.4,4,Medium,361.07,P3
CUST-00445,Consumer,Month-to-Month,Retail,UK,Basic,26,55.11,2,0.582,97,0,5.8,0,0,661.32,1,Low,73.48,P4
CUST-00446,Consumer,12 Month,Retail,UAE,Standard,20,41.02,3,0.673,-16,1,4.4,44,0,492.24,6,High,328.16,P3
CUST-00447,Consumer,12 Month,Retail,UK,Basic,1,27.56,3,0.276,12,0,10.6,15,0,330.72,3,Medium,110.24,P3
CUST-00448,Mid-Market,24 Month,Online,UK,Premium,6,22.99,2,0.407,-89,0,9.1,39,0,275.88,3,Medium,91.96,P3
CUST-00449,SMB,Month-to-Month,Online,UK,Standard,24,31.47,1,0.536,-54,0,3.3,47,1,377.64,4,Medium,0.0,P3
CUST-00450,Consumer,Month-to-Month,Online,Germany,Premium,36,41.7,0,0.525,-52,0,8.6,47,0,500.4,4,Medium,222.4,P3
CUST-00451,Consumer,12 Month,Retail,UAE,Standard,28,34.77,1,0.569,-29,0,11.0,50,0,417.24,3,Medium,139.08,P3
CUST-00452,Consumer,Month-to-Month,Online,Germany,Standard,61,51.5,1,0.758,10,1,7.8,17,0,618.0,3,Medium,206.0,P3
CUST-00453,SMB,Month-to-Month,Direct Sales,UAE,Standard,71,10.6,2,0.38,77,1,10.5,3,0,127.2,3,Medium,42.4,P3
CUST-00454,Consumer,12 Month,Direct Sales,US,Standard,25,67.02,1,0.517,83,0,5.0,46,0,804.24,2,Low,178.72,P4
CUST-00455,Consumer,12 Month,Direct Sales,UK,Enterprise,40,83.24,2,0.358,68,0,2.8,45,0,998.88,2,Low,221.97,P4
CUST-00456,Mid-Market,Month-to-Month,Online,UK,Premium,21,70.16,1,0.366,-39,0,5.9,22,1,841.92,2,Low,0.0,P4
CUST-00457,SMB,Month-to-Month,Partner,India,Standard,15,18.7,2,0.263,-10,0,10.8,7,0,224.4,4,Medium,99.73,P3
CUST-00458,Mid-Market,24 Month,Retail,UAE,Enterprise,26,142.15,4,0.941,28,1,1.7,5,0,1705.8,3,Medium,568.6,P3
CUST-00459,Consumer,Month-to-Month,Partner,India,Standard,7,165.24,2,0.271,100,0,20.6,18,1,1982.88,3,Medium,0.0,P3
CUST-00460,SMB,12 Month,Direct Sales,US,Basic,35,73.62,3,0.593,5,0,6.5,19,0,883.44,1,Low,98.16,P4
CUST-00461,SMB,12 Month,Online,India,Standard,53,30.75,3,0.669,25,0,6.3,47,0,369.0,3,Medium,123.0,P3
CUST-00462,SMB,24 Month,Direct Sales,UAE,Basic,56,26.95,3,0.323,-41,0,7.7,51,0,323.4,6,High,215.6,P3
CUST-00463,Consumer,Month-to-Month,Direct Sales,UAE,Standard,56,126.84,5,0.524,91,0,6.8,26,0,1522.08,2,Low,338.24,P4
CUST-00464,Consumer,Month-to-Month,Direct Sales,UK,Standard,45,23.98,0,0.37,-58,0,10.6,19,1,287.76,2,Low,0.0,P4
CUST-00465,SMB,24 Month,Direct Sales,UK,Premium,37,104.96,2,0.861,-7,0,9.1,55,0,1259.52,3,Medium,419.84,P3
CUST-00466,Mid-Market,24 Month,Online,UAE,Standard,3,78.59,0,0.592,36,1,4.7,3,0,943.08,2,Low,209.57,P4
CUST-00467,Consumer,Month-to-Month,Online,US,Basic,45,36.62,1,0.504,54,0,3.2,3,0,439.44,1,Low,48.83,P4
CUST-00468,Enterprise,12 Month,Direct Sales,India,Premium,64,90.05,1,0.665,59,0,4.8,36,0,1080.6,2,Low,240.13,P4
CUST-00469,Enterprise,Month-to-Month,Online,India,Basic,72,108.44,2,0.636,35,0,8.5,25,0,1301.28,1,Low,144.59,P4
CUST-00470,Consumer,12 Month,Partner,India,Standard,57,53.79,2,0.499,92,0,6.8,44,0,645.48,2,Low,143.44,P4
CUST-00471,Enterprise,24 Month,Online,Germany,Standard,4,51.25,2,0.409,-53,2,3.4,60,0,615.0,5,High,341.67,P3
CUST-00472,Mid-Market,12 Month,Partner,UK,Standard,32,76.34,1,0.5,98,1,14.8,23,0,916.08,2,Low,203.57,P4
CUST-00473,Consumer,Month-to-Month,Online,UK,Basic,19,94.59,2,0.783,15,0,8.6,46,0,1135.08,3,Medium,378.36,P3
CUST-00474,Mid-Market,24 Month,Direct Sales,UAE,Standard,39,47.98,2,0.144,18,0,1.7,21,0,575.76,2,Low,127.95,P4
CUST-00475,SMB,24 Month,Retail,US,Basic,52,79.74,2,0.474,-18,0,5.6,31,0,956.88,3,Medium,318.96,P3
CUST-00476,Consumer,Month-to-Month,Online,India,Standard,39,74.56,2,0.666,16,0,11.6,1,0,894.72,1,Low,99.41,P4
CUST-00477,Consumer,24 Month,Online,UK,Premium,53,54.68,3,0.601,6,0,7.7,1,0,656.16,1,Low,72.91,P4
CUST-00478,SMB,Month-to-Month,Partner,UK,Enterprise,40,33.36,1,0.598,19,0,9.7,47,0,400.32,3,Medium,133.44,P3
CUST-00479,Consumer,12 Month,Online,UAE,Standard,58,69.15,0,0.215,-67,1,7.9,11,0,829.8,5,High,461.0,P3
CUST-00480,Enterprise,Month-to-Month,Direct Sales,US,Enterprise,45,33.65,1,0.612,35,0,5.6,21,0,403.8,1,Low,44.87,P4
CUST-00481,Consumer,12 Month,Retail,UK,Premium,7,35.83,1,0.834,-12,0,14.1,48,0,429.96,3,Medium,143.32,P3
CUST-00482,Consumer,12 Month,Partner,India,Standard,50,26.08,1,0.173,-49,0,10.8,29,0,312.96,3,Medium,104.32,P3
CUST-00483,Mid-Market,24 Month,Retail,UK,Premium,70,163.18,1,0.053,-27,2,8.8,31,1,1958.16,7,Critical,0.0,P1
CUST-00484,Enterprise,Month-to-Month,Direct Sales,UK,Enterprise,62,17.48,2,0.646,73,0,2.1,32,0,209.76,3,Medium,69.92,P3
CUST-00485,Consumer,12 Month,Retail,Germany,Basic,12,152.4,0,0.177,-8,0,2.0,34,0,1828.8,5,High,1016.0,P2
CUST-00486,Consumer,Month-to-Month,Retail,Germany,Enterprise,32,42.8,4,0.289,-92,1,10.0,11,0,513.6,7,Critical,399.47,P3
CUST-00487,Mid-Market,Month-to-Month,Direct Sales,UAE,Basic,72,35.49,1,0.317,77,1,9.6,40,1,425.88,7,Critical,0.0,P3
CUST-00488,SMB,24 Month,Retail,US,Basic,16,69.61,3,0.984,16,0,18.2,47,0,835.32,3,Medium,278.44,P3
CUST-00489,SMB,24 Month,Retail,US,Standard,5,26.07,1,0.119,-65,0,5.0,52,0,312.84,5,High,173.8,P3
CUST-00490,Mid-Market,Month-to-Month,Direct Sales,US,Basic,56,103.51,0,0.449,36,0,5.2,26,0,1242.12,1,Low,138.01,P4
CUST-00491,SMB,24 Month,Retail,UAE,Standard,64,65.25,3,0.26,74,1,5.4,0,0,783.0,5,High,435.0,P3
CUST-00492,Mid-Market,Month-to-Month,Retail,UK,Basic,67,44.28,3,0.392,48,0,7.0,42,0,531.36,4,Medium,236.16,P3
CUST-00493,Mid-Market,12 Month,Partner,UK,Premium,18,33.8,0,0.597,95,1,1.3,51,0,405.6,4,Medium,180.27,P3
CUST-00494,SMB,Month-to-Month,Online,India,Standard,10,58.96,3,0.767,-90,1,6.3,4,0,707.52,5,High,393.07,P3
CUST-00495,Consumer,12 Month,Partner,India,Basic,27,32.75,2,0.54,40,0,3.4,50,0,393.0,2,Low,87.33,P4
CUST-00496,Consumer,24 Month,Partner,UK,Standard,2,36.93,1,0.672,72,0,13.1,41,0,443.16,2,Low,98.48,P4
CUST-00497,Consumer,24 Month,Online,Germany,Standard,3,65.7,1,0.47,0,0,1.6,17,0,788.4,0,Low,0.0,P4
CUST-00498,Enterprise,Month-to-Month,Retail,US,Standard,40,48.07,2,0.312,-53,1,10.1,25,0,576.84,6,High,384.56,P3
CUST-00499,Mid-Market,12 Month,Online,UAE,Standard,72,44.29,2,0.362,-6,0,4.0,53,0,531.48,3,Medium,177.16,P3
CUST-00500,SMB,Month-to-Month,Direct Sales,UK,Standard,6,35.75,2,0.826,-99,0,1.2,26,0,429.0,2,Low,95.33,P4
CUST-00501,SMB,12 Month,Direct Sales,UK,Standard,11,93.69,2,0.554,17,0,10.7,35,1,1124.28,2,Low,0.0,P4
CUST-00502,Consumer,12 Month,Online,Germany,Basic,5,43.63,1,0.726,2,0,5.9,44,0,523.56,2,Low,116.35,P4
CUST-00503,SMB,Month-to-Month,Partner,UK,Standard,36,61.15,2,0.534,-85,0,14.8,14,0,733.8,2,Low,163.07,P4
CUST-00504,Consumer,12 Month,Online,Germany,Basic,50,96.23,2,0.447,-58,1,6.4,56,0,1154.76,5,High,641.53,P2
CUST-00505,SMB,12 Month,Partner,India,Basic,16,126.4,2,0.579,83,0,21.9,47,0,1516.8,2,Low,337.07,P4
CUST-00506,Mid-Market,12 Month,Direct Sales,Germany,Enterprise,62,65.19,0,0.576,-30,1,14.0,32,0,782.28,5,High,434.6,P3
CUST-00507,Enterprise,Month-to-Month,Retail,Germany,Standard,41,43.59,2,0.416,-7,0,1.1,51,0,523.08,4,Medium,232.48,P3
CUST-00508,SMB,24 Month,Partner,UAE,Standard,24,47.87,3,0.78,-93,1,8.7,31,0,574.44,6,High,382.96,P3
CUST-00509,Mid-Market,12 Month,Direct Sales,UAE,Standard,40,61.07,0,0.875,57,1,0.5,36,0,732.84,4,Medium,325.71,P3
CUST-00510,SMB,Month-to-Month,Partner,Germany,Standard,32,78.73,2,0.289,86,0,7.4,6,0,944.76,3,Medium,314.92,P3
CUST-00511,Consumer,24 Month,Partner,UAE,Premium,49,24.52,1,0.649,64,0,13.9,44,1,294.24,2,Low,0.0,P4
CUST-00512,Consumer,12 Month,Online,US,Basic,30,75.99,2,0.342,57,0,1.7,38,1,911.88,4,Medium,0.0,P2
CUST-00513,SMB,Month-to-Month,Direct Sales,US,Premium,1,32.95,3,0.724,90,0,10.2,41,1,395.4,4,Medium,0.0,P3
CUST-00514,SMB,24 Month,Online,Germany,Basic,41,50.28,2,0.118,74,0,5.3,28,0,603.36,2,Low,134.08,P4
CUST-00515,Consumer,Month-to-Month,Retail,UK,Enterprise,56,34.44,2,0.701,43,0,0.9,22,0,413.28,1,Low,45.92,P4
CUST-00516,SMB,Month-to-Month,Retail,UK,Standard,37,137.86,4,0.408,87,0,3.8,18,0,1654.32,2,Low,367.63,P4
CUST-00517,Enterprise,Month-to-Month,Online,US,Enterprise,64,86.2,2,0.157,-29,0,8.8,38,0,1034.4,6,High,689.6,P2
CUST-00518,Mid-Market,Month-to-Month,Online,US,Standard,14,28.5,0,0.59,-99,0,9.3,51,0,342.0,4,Medium,152.0,P3
CUST-00519,SMB,12 Month,Direct Sales,UK,Standard,54,53.49,0,0.59,80,0,16.8,19,0,641.88,0,Low,0.0,P4
CUST-00520,Consumer,24 Month,Direct Sales,India,Standard,29,96.09,2,0.631,98,0,8.3,6,0,1153.08,0,Low,0.0,P4
CUST-00521,SMB,24 Month,Online,US,Basic,53,32.23,2,0.072,-30,0,7.3,59,1,386.76,5,High,0.0,P3
CUST-00522,Mid-Market,Month-to-Month,Direct Sales,US,Basic,40,41.63,3,0.935,-94,0,5.3,17,0,499.56,3,Medium,166.52,P3
CUST-00523,Mid-Market,24 Month,Online,UK,Standard,42,17.09,3,0.634,68,0,10.4,4,0,205.08,1,Low,22.79,P4
CUST-00524,SMB,Month-to-Month,Direct Sales,UK,Basic,21,41.45,1,0.714,6,0,22.4,13,0,497.4,1,Low,55.27,P4
CUST-00525,Enterprise,Month-to-Month,Online,India,Basic,25,50.86,0,0.154,25,0,10.9,31,0,610.32,5,High,339.07,P3
CUST-00526,Enterprise,Month-to-Month,Online,UK,Enterprise,4,59.11,0,0.473,23,0,8.0,53,0,709.32,3,Medium,236.44,P3
CUST-00527,SMB,Month-to-Month,Partner,UAE,Basic,38,54.88,3,0.533,54,1,4.0,19,0,658.56,4,Medium,292.69,P3
CUST-00528,Consumer,24 Month,Retail,UK,Standard,21,73.47,1,0.329,7,0,4.2,54,1,881.64,4,Medium,0.0,P3
CUST-00529,Consumer,Month-to-Month,Retail,UK,Standard,32,34.71,1,0.787,-19,2,19.5,36,0,416.52,6,High,277.68,P3
CUST-00530,Consumer,Month-to-Month,Retail,UK,Standard,71,62.12,5,0.776,-6,0,20.6,43,1,745.44,5,High,0.0,P3
CUST-00531,Enterprise,12 Month,Online,Germany,Standard,4,81.12,3,0.703,87,0,15.6,9,0,973.44,1,Low,108.16,P4
CUST-00532,Mid-Market,Month-to-Month,Online,UK,Enterprise,45,61.18,1,0.391,-28,0,7.5,33,0,734.16,4,Medium,326.29,P3
CUST-00533,Mid-Market,24 Month,Online,Germany,Premium,50,85.46,2,0.623,-36,0,4.0,17,0,1025.52,1,Low,113.95,P4
CUST-00534,Enterprise,Month-to-Month,Retail,UK,Standard,5,59.04,2,0.477,75,0,7.5,41,1,708.48,3,Medium,0.0,P3
CUST-00535,Consumer,Month-to-Month,Direct Sales,UAE,Standard,37,103.77,0,0.655,-22,1,2.9,51,0,1245.24,6,High,830.16,P2
CUST-00536,Consumer,Month-to-Month,Partner,US,Premium,2,34.24,1,0.68,-23,0,11.8,49,1,410.88,4,Medium,0.0,P3
CUST-00537,Consumer,24 Month,Direct Sales,US,Standard,38,85.23,0,0.691,-36,1,12.4,21,0,1022.76,3,Medium,340.92,P3
CUST-00538,Mid-Market,Month-to-Month,Retail,US,Standard,46,72.86,1,0.569,85,0,5.9,39,0,874.32,3,Medium,291.44,P3
CUST-00539,SMB,12 Month,Online,UK,Standard,20,53.78,1,0.756,82,2,11.1,8,0,645.36,2,Low,143.41,P4
CUST-00540,Mid-Market,Month-to-Month,Online,UAE,Premium,15,33.56,2,0.5,52,3,2.8,13,1,402.72,3,Medium,0.0,P3
CUST-00541,Enterprise,Month-to-Month,Direct Sales,India,Standard,47,55.28,1,0.341,59,0,7.7,4,0,663.36,3,Medium,221.12,P3
CUST-00542,Enterprise,12 Month,Online,US,Premium,32,183.05,0,0.228,-82,0,5.1,52,0,2196.6,5,High,1220.33,P2
CUST-00543,Consumer,24 Month,Partner,Germany,Basic,14,24.96,2,0.584,5,0,11.7,25,0,299.52,0,Low,0.0,P4
CUST-00544,Enterprise,Month-to-Month,Online,US,Standard,50,30.44,1,0.65,17,1,3.0,15,0,365.28,3,Medium,121.76,P3
CUST-00545,Enterprise,12 Month,Direct Sales,UK,Basic,15,76.71,1,0.405,-33,0,4.3,17,0,920.52,1,Low,102.28,P4
CUST-00546,Enterprise,24 Month,Retail,US,Premium,70,87.49,1,0.763,97,1,4.7,18,0,1049.88,2,Low,233.31,P4
CUST-00547,Mid-Market,12 Month,Online,US,Standard,48,97.59,2,0.269,-92,0,10.7,43,0,1171.08,5,High,650.6,P2
CUST-00548,SMB,24 Month,Direct Sales,Germany,Standard,8,64.78,1,0.208,-64,1,4.7,4,0,777.36,5,High,431.87,P3
CUST-00549,Consumer,12 Month,Direct Sales,Germany,Standard,44,42.44,5,0.159,-73,1,8.8,23,0,509.28,6,High,339.52,P3
CUST-00550,SMB,Month-to-Month,Retail,UK,Enterprise,50,40.08,0,0.447,98,1,12.5,19,0,480.96,3,Medium,160.32,P3
CUST-00551,SMB,12 Month,Direct Sales,UK,Standard,68,171.74,2,0.523,-68,0,8.9,42,0,2060.88,3,Medium,686.96,P3
CUST-00552,Consumer,Month-to-Month,Partner,India,Premium,13,41.77,0,0.861,-3,0,11.4,37,0,501.24,4,Medium,222.77,P3
CUST-00553,Mid-Market,12 Month,Online,UAE,Standard,44,112.72,3,0.865,-69,2,4.6,23,1,1352.64,4,Medium,0.0,P2
CUST-00554,Consumer,Month-to-Month,Partner,UK,Enterprise,50,43.06,2,0.819,-58,1,12.6,44,0,516.72,6,High,344.48,P3
CUST-00555,Consumer,24 Month,Retail,Germany,Premium,5,63.0,1,0.755,71,0,5.7,39,0,756.0,2,Low,168.0,P4
CUST-00556,Mid-Market,Month-to-Month,Retail,Germany,Premium,12,36.19,3,0.416,98,0,5.1,43,1,434.28,4,Medium,0.0,P3
CUST-00557,Consumer,24 Month,Direct Sales,UK,Enterprise,66,83.45,3,0.211,-44,0,1.5,13,0,1001.4,4,Medium,445.07,P2
CUST-00558,Mid-Market,24 Month,Online,India,Enterprise,55,73.03,4,0.677,66,0,3.4,38,0,876.36,3,Medium,292.12,P3
CUST-00559,Enterprise,Month-to-Month,Direct Sales,UAE,Standard,10,142.94,2,0.723,-90,0,4.6,57,0,1715.28,4,Medium,762.35,P2
CUST-00560,SMB,Month-to-Month,Online,Germany,Enterprise,13,76.17,3,0.759,-27,0,4.6,47,0,914.04,5,High,507.8,P2
CUST-00561,Mid-Market,12 Month,Online,UK,Basic,8,102.52,3,0.552,30,2,10.1,39,1,1230.24,5,High,0.0,P2
CUST-00562,Consumer,12 Month,Online,US,Standard,39,61.44,4,0.737,-14,0,5.1,35,1,737.28,4,Medium,0.0,P3
CUST-00563,Mid-Market,Month-to-Month,Direct Sales,Germany,Premium,9,98.4,0,0.429,-90,0,9.4,20,0,1180.8,2,Low,262.4,P4
CUST-00564,Mid-Market,24 Month,Direct Sales,UAE,Enterprise,16,28.07,1,0.633,-50,0,5.6,6,0,336.84,1,Low,37.43,P4
CUST-00565,Consumer,24 Month,Partner,UK,Enterprise,54,94.18,4,0.114,56,0,7.4,52,0,1130.16,5,High,627.87,P2
CUST-00566,Mid-Market,12 Month,Direct Sales,Germany,Basic,60,26.35,2,0.524,-52,0,2.3,15,0,316.2,1,Low,35.13,P4
CUST-00567,Mid-Market,12 Month,Direct Sales,UK,Standard,53,55.83,5,0.493,43,1,12.4,7,0,669.96,3,Medium,223.32,P3
CUST-00568,SMB,24 Month,Direct Sales,US,Standard,43,40.95,4,0.284,22,0,24.1,26,0,491.4,3,Medium,163.8,P3
CUST-00569,Consumer,Month-to-Month,Retail,US,Basic,72,122.57,2,0.192,-38,0,9.0,59,1,1470.84,6,High,0.0,P2
CUST-00570,Mid-Market,12 Month,Direct Sales,India,Standard,47,92.78,1,0.382,91,0,6.6,54,0,1113.36,2,Low,247.41,P4
CUST-00571,SMB,12 Month,Online,UK,Enterprise,20,44.25,2,0.874,34,0,7.2,0,0,531.0,0,Low,0.0,P4
CUST-00572,Mid-Market,12 Month,Online,UK,Premium,64,21.96,0,0.509,-63,0,13.4,16,0,263.52,1,Low,29.28,P4
CUST-00573,Consumer,24 Month,Partner,India,Basic,49,95.82,1,0.587,-94,0,1.6,43,1,1149.84,3,Medium,0.0,P3
CUST-00574,Mid-Market,Month-to-Month,Retail,US,Basic,68,27.46,2,0.781,-81,1,12.4,19,1,329.52,4,Medium,0.0,P3
CUST-00575,Enterprise,Month-to-Month,Retail,UAE,Standard,27,68.25,2,0.237,49,0,6.6,7,0,819.0,3,Medium,273.0,P3
CUST-00576,SMB,12 Month,Direct Sales,Germany,Premium,72,15.58,3,0.418,4,1,26.4,17,0,186.96,3,Medium,62.32,P3
CUST-00577,Mid-Market,Month-to-Month,Direct Sales,US,Basic,52,26.48,0,0.705,46,1,23.4,25,0,317.76,3,Medium,105.92,P3
CUST-00578,Consumer,Month-to-Month,Direct Sales,UK,Premium,40,24.5,3,0.605,-31,1,10.1,24,0,294.0,5,High,163.33,P3
CUST-00579,SMB,Month-to-Month,Direct Sales,UK,Standard,61,46.18,1,0.233,-51,0,2.5,59,0,554.16,6,High,369.44,P3
CUST-00580,SMB,Month-to-Month,Retail,UAE,Standard,17,84.42,0,0.764,39,0,0.9,16,0,1013.04,1,Low,112.56,P4
CUST-00581,Consumer,Month-to-Month,Direct Sales,US,Basic,54,92.08,1,0.625,-47,1,6.2,32,1,1104.96,6,High,0.0,P2
CUST-00582,SMB,Month-to-Month,Direct Sales,UK,Standard,60,15.96,2,0.498,84,0,1.3,59,0,191.52,3,Medium,63.84,P3
CUST-00583,SMB,12 Month,Retail,US,Premium,62,34.58,1,0.562,82,0,15.5,52,0,414.96,2,Low,92.21,P4
CUST-00584,SMB,Month-to-Month,Partner,UK,Premium,48,59.73,0,0.573,-50,0,6.8,45,1,716.76,4,Medium,0.0,P3
CUST-00585,Consumer,Month-to-Month,Online,US,Premium,29,35.33,1,0.475,32,1,9.6,34,0,423.96,5,High,235.53,P3
CUST-00586,SMB,Month-to-Month,Online,India,Premium,14,53.31,1,0.123,6,1,3.5,59,1,639.72,7,Critical,0.0,P3
CUST-00587,Consumer,Month-to-Month,Retail,UK,Standard,71,82.88,2,0.466,35,0,2.9,21,0,994.56,1,Low,110.51,P4
CUST-00588,Mid-Market,Month-to-Month,Partner,UK,Basic,5,54.0,1,0.622,92,0,5.8,50,0,648.0,3,Medium,216.0,P3
CUST-00589,Mid-Market,Month-to-Month,Direct Sales,US,Premium,70,99.34,0,0.431,70,0,19.1,58,0,1192.08,3,Medium,397.36,P3
CUST-00590,Consumer,Month-to-Month,Direct Sales,UK,Standard,45,97.0,4,0.312,72,1,9.0,52,0,1164.0,8,Critical,1034.67,P2
CUST-00591,Mid-Market,Month-to-Month,Online,Germany,Standard,21,32.23,1,0.547,-97,1,5.6,27,1,386.76,4,Medium,0.0,P3
CUST-00592,Mid-Market,Month-to-Month,Direct Sales,UK,Premium,72,33.09,0,0.64,81,0,6.2,51,0,397.08,3,Medium,132.36,P3
CUST-00593,SMB,12 Month,Online,UK,Enterprise,12,65.06,5,0.289,-71,0,10.9,11,0,780.72,4,Medium,346.99,P3
CUST-00594,SMB,24 Month,Direct Sales,UAE,Premium,45,25.43,2,0.63,64,1,4.0,12,0,305.16,2,Low,67.81,P4
CUST-00595,Mid-Market,12 Month,Retail,UK,Standard,10,70.04,2,0.306,91,2,23.3,14,0,840.48,4,Medium,373.55,P3
CUST-00596,SMB,Month-to-Month,Retail,UK,Standard,19,40.07,1,0.24,-42,0,0.7,12,0,480.84,4,Medium,213.71,P3
CUST-00597,SMB,12 Month,Partner,India,Premium,32,46.87,1,0.18,47,1,4.8,2,0,562.44,4,Medium,249.97,P3
CUST-00598,Consumer,12 Month,Direct Sales,UK,Basic,47,82.48,2,0.627,-58,0,7.9,53,0,989.76,3,Medium,329.92,P3
CUST-00599,Consumer,24 Month,Direct Sales,UK,Standard,16,27.1,1,0.716,37,0,2.0,20,0,325.2,0,Low,0.0,P4
CUST-00600,SMB,Month-to-Month,Retail,India,Premium,27,106.65,0,0.936,2,0,13.8,45,1,1279.8,3,Medium,0.0,P3
CUST-00601,Mid-Market,Month-to-Month,Direct Sales,US,Enterprise,25,41.48,4,0.163,-23,0,4.1,3,0,497.76,5,High,276.53,P3
CUST-00602,Enterprise,24 Month,Online,UK,Enterprise,34,45.5,0,0.813,76,1,6.2,19,0,546.0,2,Low,121.33,P4
CUST-00603,Mid-Market,Month-to-Month,Direct Sales,US,Standard,57,94.41,1,0.902,-77,0,1.7,54,0,1132.92,4,Medium,503.52,P2
CUST-00604,SMB,Month-to-Month,Online,Germany,Standard,31,48.67,1,0.192,11,0,11.7,7,0,584.04,3,Medium,194.68,P3
CUST-00605,Mid-Market,24 Month,Partner,UK,Standard,5,64.01,2,0.736,79,0,1.5,47,0,768.12,2,Low,170.69,P4
CUST-00606,SMB,Month-to-Month,Online,UAE,Standard,66,67.85,1,0.572,31,0,17.5,43,1,814.2,3,Medium,0.0,P3
CUST-00607,Mid-Market,Month-to-Month,Direct Sales,India,Standard,34,72.64,1,0.645,11,0,10.3,15,0,871.68,1,Low,96.85,P4
CUST-00608,Consumer,12 Month,Retail,UK,Basic,41,21.59,2,0.33,98,0,8.0,36,0,259.08,4,Medium,115.15,P3
CUST-00609,SMB,24 Month,Online,India,Premium,50,20.44,2,0.527,5,0,9.5,54,0,245.28,2,Low,54.51,P4
CUST-00610,Consumer,12 Month,Direct Sales,US,Basic,3,38.41,4,0.609,67,0,0.1,57,0,460.92,3,Medium,153.64,P3
CUST-00611,Consumer,Month-to-Month,Online,US,Premium,7,23.29,1,0.289,-56,0,4.4,48,1,279.48,6,High,0.0,P3
CUST-00612,Consumer,12 Month,Direct Sales,UK,Basic,56,152.98,1,0.277,17,0,2.2,23,0,1835.76,2,Low,407.95,P4
CUST-00613,Consumer,24 Month,Online,US,Basic,3,60.66,3,0.313,-32,1,11.3,8,0,727.92,6,High,485.28,P3
CUST-00614,Mid-Market,Month-to-Month,Online,UK,Basic,33,27.46,2,0.485,-61,0,1.6,31,0,329.52,4,Medium,146.45,P3
CUST-00615,Mid-Market,Month-to-Month,Online,India,Standard,71,43.47,0,0.092,-63,0,13.9,31,0,521.64,6,High,347.76,P3
CUST-00616,SMB,Month-to-Month,Online,UK,Basic,2,58.55,1,0.995,-99,0,6.3,47,0,702.6,4,Medium,312.27,P3
CUST-00617,Consumer,24 Month,Partner,UAE,Basic,60,71.75,3,0.298,68,0,4.2,9,0,861.0,3,Medium,287.0,P3
CUST-00618,Enterprise,12 Month,Direct Sales,India,Standard,60,104.5,0,0.425,72,1,15.4,24,1,1254.0,2,Low,0.0,P4
CUST-00619,Consumer,Month-to-Month,Retail,US,Enterprise,52,41.57,4,0.571,54,0,25.1,53,0,498.84,4,Medium,221.71,P3
CUST-00620,Consumer,24 Month,Online,US,Basic,69,26.82,1,0.404,57,0,9.8,53,0,321.84,2,Low,71.52,P4
CUST-00621,Consumer,12 Month,Direct Sales,UK,Basic,68,138.18,3,0.177,49,0,3.6,22,0,1658.16,3,Medium,552.72,P3
CUST-00622,Enterprise,Month-to-Month,Online,US,Basic,34,73.35,0,0.827,-16,1,8.7,31,0,880.2,6,High,586.8,P3
CUST-00623,Consumer,Month-to-Month,Online,UK,Premium,57,52.55,2,0.645,79,1,6.9,6,0,630.6,3,Medium,210.2,P3
CUST-00624,Mid-Market,Month-to-Month,Online,US,Basic,17,35.41,1,0.045,68,0,21.2,25,0,424.92,3,Medium,141.64,P3
CUST-00625,Mid-Market,12 Month,Online,UK,Enterprise,72,69.11,1,0.73,-63,0,0.2,47,0,829.32,3,Medium,276.44,P3
CUST-00626,Consumer,12 Month,Direct Sales,UK,Standard,61,97.14,2,0.675,-32,0,8.8,32,0,1165.68,3,Medium,388.56,P3
CUST-00627,SMB,12 Month,Online,India,Basic,6,58.79,1,0.12,79,1,6.8,1,0,705.48,4,Medium,313.55,P3
CUST-00628,SMB,Month-to-Month,Online,US,Enterprise,46,100.48,3,0.411,-57,0,5.6,40,0,1205.76,5,High,669.87,P2
CUST-00629,Consumer,12 Month,Direct Sales,UAE,Enterprise,7,25.87,1,0.789,-63,0,9.5,42,0,310.44,3,Medium,103.48,P3
CUST-00630,Enterprise,Month-to-Month,Online,UK,Premium,24,81.17,2,0.057,78,0,14.6,13,0,974.04,3,Medium,324.68,P3
CUST-00631,SMB,24 Month,Retail,India,Premium,19,54.35,3,0.341,23,1,9.3,22,0,652.2,5,High,362.33,P3
CUST-00632,Mid-Market,Month-to-Month,Retail,India,Standard,16,105.18,2,0.288,39,1,5.5,18,0,1262.16,5,High,701.2,P2
CUST-00633,Mid-Market,Month-to-Month,Partner,US,Premium,14,80.05,0,0.482,29,0,1.0,19,0,960.6,1,Low,106.73,P4
CUST-00634,Consumer,24 Month,Partner,India,Premium,22,36.16,2,0.25,95,2,4.8,41,1,433.92,6,High,0.0,P3
CUST-00635,Consumer,Month-to-Month,Online,UK,Standard,16,77.78,3,0.537,-8,0,11.4,1,0,933.36,3,Medium,311.12,P3
CUST-00636,Enterprise,12 Month,Direct Sales,UAE,Premium,67,104.17,0,0.206,87,2,2.0,54,0,1250.04,6,High,833.36,P2
CUST-00637,Consumer,Month-to-Month,Direct Sales,UAE,Premium,9,64.21,2,0.683,31,0,5.2,40,0,770.52,3,Medium,256.84,P3
CUST-00638,SMB,Month-to-Month,Online,US,Premium,63,30.19,1,0.924,-45,0,14.4,13,0,362.28,2,Low,80.51,P4
CUST-00639,Consumer,Month-to-Month,Online,India,Standard,2,74.58,1,0.694,-94,1,3.5,17,0,894.96,4,Medium,397.76,P3
CUST-00640,Mid-Market,Month-to-Month,Direct Sales,India,Premium,29,107.2,3,0.236,88,0,1.6,28,0,1286.4,4,Medium,571.73,P2
CUST-00641,Consumer,12 Month,Direct Sales,UAE,Premium,19,31.72,0,0.947,95,0,11.5,46,0,380.64,2,Low,84.59,P4
CUST-00642,Consumer,12 Month,Partner,UK,Basic,9,95.43,2,0.76,51,0,0.7,12,0,1145.16,0,Low,0.0,P4
CUST-00643,Consumer,Month-to-Month,Direct Sales,UK,Standard,56,92.99,1,0.731,-57,0,9.4,40,0,1115.88,4,Medium,495.95,P2
CUST-00644,Mid-Market,12 Month,Direct Sales,India,Premium,13,22.31,3,0.356,-22,0,14.8,32,0,267.72,4,Medium,118.99,P3
CUST-00645,SMB,Month-to-Month,Retail,US,Enterprise,67,26.57,2,0.734,19,0,12.2,22,0,318.84,1,Low,35.43,P4
CUST-00646,Mid-Market,Month-to-Month,Direct Sales,India,Standard,55,47.17,2,0.426,-3,0,17.4,41,1,566.04,4,Medium,0.0,P3
CUST-00647,Mid-Market,24 Month,Retail,UK,Premium,14,56.34,4,0.91,34,0,13.7,38,0,676.08,3,Medium,225.36,P3
CUST-00648,Mid-Market,Month-to-Month,Retail,UK,Standard,28,39.33,2,0.448,0,1,3.9,48,0,471.96,5,High,262.2,P3
CUST-00649,Consumer,24 Month,Partner,India,Basic,53,61.21,1,0.405,-43,0,8.6,22,0,734.52,1,Low,81.61,P4
CUST-00650,Consumer,12 Month,Online,US,Standard,29,114.11,1,0.421,72,1,9.0,16,0,1369.32,2,Low,304.29,P4
CUST-00651,Consumer,24 Month,Online,India,Standard,57,54.38,4,0.165,52,0,0.8,55,0,652.56,5,High,362.53,P3
CUST-00652,Consumer,Month-to-Month,Retail,UK,Standard,54,54.97,2,0.785,-88,0,4.5,10,0,659.64,2,Low,146.59,P4
CUST-00653,Enterprise,Month-to-Month,Retail,UAE,Standard,66,50.4,3,0.222,18,0,14.0,25,0,604.8,4,Medium,268.8,P3
CUST-00654,Consumer,12 Month,Direct Sales,Germany,Enterprise,39,48.92,1,0.561,6,0,0.6,5,0,587.04,0,Low,0.0,P4
CUST-00655,Mid-Market,Month-to-Month,Direct Sales,UK,Enterprise,33,49.84,0,0.902,-78,0,5.6,27,0,598.08,2,Low,132.91,P4
CUST-00656,Consumer,Month-to-Month,Online,US,Standard,66,118.72,1,0.594,-6,0,7.8,32,0,1424.64,4,Medium,633.17,P2
CUST-00657,Consumer,12 Month,Direct Sales,Germany,Enterprise,57,71.31,3,0.645,32,0,11.4,11,0,855.72,1,Low,95.08,P4
CUST-00658,SMB,Month-to-Month,Retail,India,Standard,3,51.72,1,0.61,27,0,3.1,6,0,620.64,1,Low,68.96,P4
CUST-00659,SMB,Month-to-Month,Online,UAE,Standard,72,53.75,1,0.618,-27,0,12.7,32,0,645.0,4,Medium,286.67,P3
CUST-00660,SMB,24 Month,Direct Sales,Germany,Basic,36,61.14,2,0.555,31,0,5.5,47,0,733.68,2,Low,163.04,P4
CUST-00661,Mid-Market,24 Month,Retail,UK,Premium,33,41.76,0,0.651,93,0,5.5,33,0,501.12,2,Low,111.36,P4
CUST-00662,Mid-Market,24 Month,Direct Sales,US,Standard,36,69.47,3,0.698,43,0,3.6,13,0,833.64,1,Low,92.63,P4
CUST-00663,SMB,12 Month,Partner,UAE,Enterprise,10,24.8,7,0.919,-19,0,2.3,55,0,297.6,4,Medium,132.27,P3
CUST-00664,Consumer,24 Month,Retail,UAE,Enterprise,30,35.35,2,0.751,-62,0,3.6,6,0,424.2,1,Low,47.13,P4
CUST-00665,Consumer,24 Month,Direct Sales,UK,Premium,9,20.13,2,0.099,71,1,15.2,17,0,241.56,4,Medium,107.36,P3
CUST-00666,Consumer,24 Month,Direct Sales,US,Standard,63,75.45,3,0.556,12,0,16.6,3,0,905.4,1,Low,100.6,P4
CUST-00667,Mid-Market,12 Month,Online,UK,Premium,5,29.41,2,0.413,-100,0,2.6,17,0,352.92,1,Low,39.21,P4
CUST-00668,Mid-Market,12 Month,Partner,UK,Standard,33,83.22,5,0.539,-81,0,9.3,22,0,998.64,2,Low,221.92,P4
CUST-00669,Consumer,24 Month,Direct Sales,UK,Premium,7,43.95,0,0.499,-6,0,12.4,52,0,527.4,3,Medium,175.8,P3
CUST-00670,Consumer,12 Month,Direct Sales,US,Standard,39,46.41,0,0.545,27,0,8.4,54,0,556.92,2,Low,123.76,P4
CUST-00671,Mid-Market,Month-to-Month,Online,UAE,Premium,54,93.52,3,0.537,36,0,3.5,8,0,1122.24,2,Low,249.39,P4
CUST-00672,Consumer,24 Month,Retail,Germany,Standard,70,191.39,2,0.454,27,0,6.0,48,0,2296.68,2,Low,510.37,P4
CUST-00673,Enterprise,24 Month,Direct Sales,India,Standard,71,48.25,2,0.298,-41,0,5.6,8,1,579.0,3,Medium,0.0,P3
CUST-00674,Consumer,Month-to-Month,Online,UK,Basic,58,78.39,1,0.313,30,0,8.6,16,0,940.68,3,Medium,313.56,P3
CUST-00675,SMB,24 Month,Online,US,Standard,12,30.05,2,0.496,-97,0,11.7,6,0,360.6,1,Low,40.07,P4
CUST-00676,SMB,Month-to-Month,Direct Sales,Germany,Standard,22,48.84,2,0.368,-43,0,0.2,5,0,586.08,2,Low,130.24,P4
CUST-00677,Enterprise,Month-to-Month,Online,US,Enterprise,65,27.26,2,0.18,77,0,2.3,25,0,327.12,3,Medium,109.04,P3
CUST-00678,Mid-Market,Month-to-Month,Online,UK,Premium,22,84.29,1,0.237,98,0,8.5,12,1,1011.48,3,Medium,0.0,P3
CUST-00679,Consumer,12 Month,Partner,UAE,Basic,2,42.93,3,0.13,65,0,1.0,49,0,515.16,5,High,286.2,P3
CUST-00680,SMB,12 Month,Online,US,Premium,36,43.79,2,0.55,-27,1,15.3,14,0,525.48,3,Medium,175.16,P3
CUST-00681,Consumer,Month-to-Month,Direct Sales,US,Standard,35,67.82,2,0.671,-4,0,1.3,4,0,813.84,2,Low,180.85,P4
CUST-00682,Consumer,Month-to-Month,Online,US,Standard,40,28.25,0,0.624,-54,1,15.8,53,0,339.0,6,High,226.0,P3
CUST-00683,SMB,Month-to-Month,Online,UAE,Standard,66,30.33,1,0.292,29,1,2.5,15,0,363.96,5,High,202.2,P3
CUST-00684,Mid-Market,12 Month,Direct Sales,UAE,Enterprise,8,42.07,1,0.506,-60,0,10.8,39,0,504.84,3,Medium,168.28,P3
CUST-00685,SMB,Month-to-Month,Direct Sales,UAE,Premium,59,54.75,2,0.708,73,0,16.4,54,0,657.0,3,Medium,219.0,P3
CUST-00686,SMB,Month-to-Month,Direct Sales,India,Standard,29,151.48,0,0.227,-64,0,2.2,55,1,1817.76,6,High,0.0,P1
CUST-00687,SMB,12 Month,Online,UK,Standard,33,50.92,2,0.367,27,0,4.6,27,0,611.04,0,Low,0.0,P4
CUST-00688,Consumer,Month-to-Month,Direct Sales,UAE,Basic,34,32.18,2,0.144,-68,0,6.5,33,0,386.16,6,High,257.44,P3
CUST-00689,Consumer,Month-to-Month,Online,India,Enterprise,6,38.68,2,0.834,10,0,20.3,7,0,464.16,1,Low,51.57,P4
CUST-00690,Mid-Market,Month-to-Month,Direct Sales,US,Standard,48,63.27,2,0.663,-100,0,3.6,44,0,759.24,4,Medium,337.44,P3
CUST-00691,Mid-Market,Month-to-Month,Retail,UAE,Standard,55,11.14,2,0.214,58,0,16.6,60,1,133.68,5,High,0.0,P3
CUST-00692,Mid-Market,Month-to-Month,Online,UK,Standard,2,57.05,1,0.324,-66,0,3.7,60,1,684.6,6,High,0.0,P3
CUST-00693,Mid-Market,Month-to-Month,Direct Sales,US,Basic,51,53.85,0,0.698,-78,0,2.5,8,0,646.2,2,Low,143.6,P4
CUST-00694,SMB,24 Month,Online,US,Standard,30,22.53,0,0.485,92,1,2.8,46,0,270.36,4,Medium,120.16,P3
CUST-00695,Enterprise,Month-to-Month,Partner,UK,Basic,33,39.35,1,0.168,58,0,3.9,47,0,472.2,5,High,262.33,P3
CUST-00696,Mid-Market,Month-to-Month,Partner,UAE,Standard,13,102.3,3,0.464,-16,1,16.6,22,0,1227.6,5,High,682.0,P2
CUST-00697,Consumer,Month-to-Month,Direct Sales,Germany,Standard,62,30.47,2,0.657,-12,1,2.0,52,0,365.64,6,High,243.76,P3
CUST-00698,Enterprise,Month-to-Month,Partner,UK,Premium,18,61.15,0,0.756,20,0,12.8,51,0,733.8,3,Medium,244.6,P3
CUST-00699,Mid-Market,Month-to-Month,Retail,India,Standard,35,37.55,0,0.814,14,0,9.7,29,0,450.6,1,Low,50.07,P4
CUST-00700,SMB,Month-to-Month,Online,UK,Premium,63,58.17,2,0.294,-17,0,10.7,17,0,698.04,4,Medium,310.24,P3
CUST-00701,Mid-Market,Month-to-Month,Partner,UK,Basic,9,55.86,0,0.357,78,0,0.8,3,0,670.32,1,Low,74.48,P4
CUST-00702,SMB,Month-to-Month,Direct Sales,UK,Premium,16,20.41,3,0.528,70,0,19.0,55,1,244.92,4,Medium,0.0,P3
CUST-00703,Consumer,12 Month,Retail,US,Standard,56,122.85,4,0.391,-89,0,5.3,48,0,1474.2,4,Medium,655.2,P2
CUST-00704,Mid-Market,Month-to-Month,Partner,US,Enterprise,32,124.46,1,0.334,28,1,26.3,9,0,1493.52,5,High,829.73,P2
CUST-00705,SMB,24 Month,Direct Sales,UK,Standard,71,73.59,2,0.418,92,0,7.6,55,1,883.08,2,Low,0.0,P4
CUST-00706,Consumer,12 Month,Direct Sales,India,Standard,34,114.47,2,0.292,76,0,2.2,30,0,1373.64,2,Low,305.25,P4
CUST-00707,Consumer,Month-to-Month,Retail,UK,Basic,46,58.23,2,0.394,75,1,0.4,50,1,698.76,5,High,0.0,P3
CUST-00708,SMB,24 Month,Online,Germany,Basic,26,66.53,2,0.584,-69,2,11.4,20,0,798.36,3,Medium,266.12,P3
CUST-00709,Enterprise,Month-to-Month,Retail,UK,Enterprise,34,93.89,0,0.364,-64,0,8.2,48,0,1126.68,4,Medium,500.75,P2
CUST-00710,Consumer,12 Month,Direct Sales,UK,Standard,43,133.07,0,0.819,-82,0,5.5,4,0,1596.84,1,Low,177.43,P4
CUST-00711,SMB,12 Month,Retail,UK,Standard,45,65.77,2,0.143,-99,0,4.5,17,0,789.24,3,Medium,263.08,P3
CUST-00712,SMB,24 Month,Retail,India,Standard,62,24.37,0,0.556,81,0,1.6,40,0,292.44,2,Low,64.99,P4
CUST-00713,Consumer,Month-to-Month,Direct Sales,UK,Standard,63,44.82,3,0.402,0,2,4.0,31,1,537.84,6,High,0.0,P3
CUST-00714,Enterprise,12 Month,Online,UK,Enterprise,9,22.13,3,0.307,-41,0,16.7,20,0,265.56,4,Medium,118.03,P3
CUST-00715,Mid-Market,Month-to-Month,Partner,US,Premium,22,17.92,2,0.811,3,0,2.2,39,0,215.04,3,Medium,71.68,P3
CUST-00716,SMB,12 Month,Retail,UAE,Enterprise,37,66.76,2,0.453,-52,1,1.1,9,0,801.12,3,Medium,267.04,P3
CUST-00717,SMB,12 Month,Online,UK,Enterprise,52,34.49,3,0.513,72,0,3.0,35,0,413.88,3,Medium,137.96,P3
CUST-00718,Mid-Market,Month-to-Month,Online,US,Standard,47,98.45,2,0.772,-45,1,3.5,22,1,1181.4,4,Medium,0.0,P2
CUST-00719,Mid-Market,12 Month,Direct Sales,India,Standard,9,40.75,1,0.852,13,0,3.7,2,0,489.0,0,Low,0.0,P4
CUST-00720,Enterprise,12 Month,Online,UK,Standard,45,37.17,0,0.603,-19,0,1.4,36,0,446.04,3,Medium,148.68,P3
CUST-00721,Consumer,24 Month,Partner,UK,Enterprise,50,50.63,2,0.823,-96,0,22.9,42,0,607.56,3,Medium,202.52,P3
CUST-00722,SMB,12 Month,Retail,India,Enterprise,39,105.61,2,0.509,-4,1,7.9,12,0,1267.32,3,Medium,422.44,P3
CUST-00723,Consumer,Month-to-Month,Online,UK,Enterprise,71,35.19,3,0.615,-33,1,14.5,56,1,422.28,7,Critical,0.0,P3
CUST-00724,SMB,Month-to-Month,Online,US,Standard,48,60.82,1,0.837,37,0,5.9,60,0,729.84,3,Medium,243.28,P3
CUST-00725,Enterprise,Month-to-Month,Direct Sales,UK,Premium,69,40.81,3,0.107,82,0,5.1,50,1,489.72,6,High,0.0,P3
CUST-00726,Mid-Market,Month-to-Month,Online,UK,Enterprise,3,62.56,4,0.445,8,0,12.5,46,0,750.72,4,Medium,333.65,P3
CUST-00727,SMB,Month-to-Month,Online,Germany,Basic,21,48.76,3,0.516,56,2,16.5,58,1,585.12,6,High,0.0,P3
CUST-00728,Enterprise,Month-to-Month,Direct Sales,US,Premium,24,35.85,3,0.438,13,1,7.5,1,0,430.2,4,Medium,191.2,P3
CUST-00729,Mid-Market,Month-to-Month,Online,US,Standard,29,67.32,2,0.577,74,0,3.4,1,0,807.84,1,Low,89.76,P4
CUST-00730,Enterprise,Month-to-Month,Retail,UK,Premium,37,77.71,3,0.369,0,0,6.1,45,0,932.52,4,Medium,414.45,P2
CUST-00731,Consumer,12 Month,Retail,UK,Premium,22,23.43,1,0.28,0,1,12.5,37,0,281.16,6,High,187.44,P3
CUST-00732,SMB,Month-to-Month,Retail,UAE,Basic,66,133.73,1,0.877,47,0,7.7,60,0,1604.76,3,Medium,534.92,P3
CUST-00733,Consumer,24 Month,Online,US,Enterprise,43,106.18,4,0.097,92,0,2.3,28,0,1274.16,3,Medium,424.72,P3
CUST-00734,Enterprise,12 Month,Online,US,Standard,20,79.34,1,0.825,-33,0,20.1,38,0,952.08,3,Medium,317.36,P3
CUST-00735,Consumer,12 Month,Online,UK,Standard,53,25.34,1,0.718,-98,0,1.2,26,0,304.08,1,Low,33.79,P4
CUST-00736,Mid-Market,Month-to-Month,Partner,US,Basic,65,43.81,0,0.348,-78,1,5.0,55,0,525.72,8,Critical,467.31,P3
CUST-00737,SMB,24 Month,Retail,UK,Standard,34,48.08,1,0.254,-81,1,4.2,20,1,576.96,5,High,0.0,P3
CUST-00738,Enterprise,Month-to-Month,Direct Sales,UAE,Standard,16,66.51,1,0.59,35,0,9.3,8,0,798.12,1,Low,88.68,P4
CUST-00739,Mid-Market,Month-to-Month,Online,Germany,Basic,54,60.58,1,0.74,-10,0,3.2,27,0,726.96,2,Low,161.55,P4
CUST-00740,SMB,Month-to-Month,Online,UK,Premium,5,175.65,2,0.805,31,0,2.2,55,1,2107.8,3,Medium,0.0,P3
CUST-00741,SMB,Month-to-Month,Retail,UK,Standard,30,25.68,1,0.382,-25,0,13.9,45,0,308.16,4,Medium,136.96,P3
CUST-00742,Mid-Market,24 Month,Retail,UAE,Enterprise,2,50.62,3,0.936,72,1,13.3,1,0,607.44,3,Medium,202.48,P3
CUST-00743,Consumer,12 Month,Online,India,Standard,42,41.56,1,0.681,61,0,11.6,35,0,498.72,2,Low,110.83,P4
CUST-00744,Consumer,Month-to-Month,Online,US,Premium,22,138.04,1,0.879,-82,0,1.1,19,0,1656.48,2,Low,368.11,P4
CUST-00745,Consumer,12 Month,Partner,UK,Premium,27,62.33,1,0.894,54,1,5.7,31,0,747.96,4,Medium,332.43,P3
CUST-00746,Consumer,Month-to-Month,Online,UK,Enterprise,13,30.3,0,0.464,-81,0,4.8,36,0,363.6,4,Medium,161.6,P3
CUST-00747,Enterprise,Month-to-Month,Retail,UK,Basic,60,183.14,0,0.544,21,1,3.4,19,0,2197.68,3,Medium,732.56,P3
CUST-00748,Mid-Market,12 Month,Direct Sales,UK,Premium,26,71.37,0,0.581,-51,0,13.4,29,0,856.44,1,Low,95.16,P4
CUST-00749,Enterprise,Month-to-Month,Partner,UAE,Standard,51,24.84,2,0.644,-63,0,12.5,45,0,298.08,4,Medium,132.48,P3
CUST-00750,SMB,Month-to-Month,Online,UK,Basic,64,25.53,1,0.732,15,0,3.2,33,0,306.36,3,Medium,102.12,P3
CUST-00751,SMB,Month-to-Month,Direct Sales,UK,Premium,18,31.82,2,0.53,16,0,6.0,55,0,381.84,3,Medium,127.28,P3
CUST-00752,SMB,24 Month,Retail,India,Premium,6,58.65,1,0.479,-48,1,1.8,26,1,703.8,3,Medium,0.0,P3
CUST-00753,SMB,Month-to-Month,Retail,UAE,Standard,51,35.62,1,0.503,73,0,9.0,51,0,427.44,3,Medium,142.48,P3
CUST-00754,Mid-Market,Month-to-Month,Online,Germany,Standard,22,60.52,2,0.789,-94,0,12.1,17,0,726.24,2,Low,161.39,P4
CUST-00755,Consumer,Month-to-Month,Partner,UK,Enterprise,6,58.16,0,0.5,33,0,1.8,19,0,697.92,1,Low,77.55,P4
CUST-00756,Enterprise,Month-to-Month,Direct Sales,US,Premium,70,56.58,2,0.841,1,0,13.5,60,1,678.96,3,Medium,0.0,P3
CUST-00757,Consumer,12 Month,Online,UK,Premium,3,45.28,6,0.809,-32,0,13.7,51,0,543.36,4,Medium,241.49,P3
CUST-00758,SMB,12 Month,Direct Sales,UAE,Basic,27,56.92,1,0.135,-69,0,23.4,55,1,683.04,5,High,0.0,P3
CUST-00759,Mid-Market,Month-to-Month,Direct Sales,UAE,Premium,61,24.05,1,0.866,21,0,6.8,13,0,288.6,1,Low,32.07,P4
CUST-00760,Mid-Market,Month-to-Month,Direct Sales,UK,Basic,46,41.55,6,0.627,-19,0,3.5,51,0,498.6,5,High,277.0,P3
CUST-00761,Consumer,12 Month,Partner,UK,Standard,37,34.24,0,0.719,-18,0,18.1,28,0,410.88,1,Low,45.65,P4
CUST-00762,Consumer,Month-to-Month,Retail,Germany,Basic,31,73.36,1,0.604,-51,0,8.3,56,1,880.32,4,Medium,0.0,P3
CUST-00763,SMB,Month-to-Month,Direct Sales,US,Standard,30,28.56,2,0.591,-34,0,21.2,1,1,342.72,2,Low,0.0,P4
CUST-00764,Consumer,12 Month,Direct Sales,UAE,Basic,57,78.92,4,0.476,55,1,13.9,4,1,947.04,3,Medium,0.0,P3
CUST-00765,Consumer,Month-to-Month,Retail,India,Premium,31,24.42,1,0.723,-11,1,19.3,27,0,293.04,4,Medium,130.24,P3
CUST-00766,SMB,24 Month,Direct Sales,UAE,Standard,8,32.61,2,0.716,-45,0,11.2,39,0,391.32,3,Medium,130.44,P3
CUST-00767,SMB,Month-to-Month,Partner,UAE,Enterprise,62,20.6,1,0.4,79,0,9.8,58,0,247.2,3,Medium,82.4,P3
CUST-00768,SMB,12 Month,Direct Sales,UK,Standard,64,40.49,1,0.474,47,0,2.0,35,0,485.88,2,Low,107.97,P4
CUST-00769,SMB,Month-to-Month,Direct Sales,India,Enterprise,24,39.44,2,0.795,-17,0,14.8,14,0,473.28,2,Low,105.17,P4
CUST-00770,Mid-Market,Month-to-Month,Online,Germany,Standard,32,162.71,1,0.745,-77,1,6.0,2,0,1952.52,4,Medium,867.79,P2
CUST-00771,SMB,24 Month,Partner,US,Enterprise,67,50.84,3,0.113,35,0,4.9,39,0,610.08,5,High,338.93,P3
CUST-00772,Consumer,12 Month,Partner,India,Standard,67,27.41,0,0.481,-48,0,6.5,31,0,328.92,3,Medium,109.64,P3
CUST-00773,Consumer,Month-to-Month,Online,UAE,Premium,14,68.9,1,0.526,92,0,5.7,47,0,826.8,3,Medium,275.6,P3
CUST-00774,Consumer,12 Month,Online,UK,Standard,15,119.48,2,0.476,-59,1,2.3,10,0,1433.76,3,Medium,477.92,P3
CUST-00775,Consumer,Month-to-Month,Direct Sales,UAE,Standard,19,39.57,2,0.44,-72,0,3.1,38,0,474.84,4,Medium,211.04,P3
CUST-00776,Consumer,Month-to-Month,Partner,UK,Standard,31,62.77,2,0.347,-11,2,9.8,47,1,753.24,8,Critical,0.0,P3
CUST-00777,SMB,Month-to-Month,Online,Germany,Premium,23,56.28,1,0.31,-64,0,6.6,50,1,675.36,6,High,0.0,P3
CUST-00778,Consumer,24 Month,Direct Sales,UK,Standard,23,110.05,1,0.387,15,0,18.0,35,1,1320.6,2,Low,0.0,P4
CUST-00779,SMB,Month-to-Month,Direct Sales,US,Enterprise,70,279.04,1,0.488,-35,0,1.3,49,0,3348.48,4,Medium,1488.21,P2
CUST-00780,Consumer,12 Month,Online,UK,Premium,38,164.05,6,0.752,25,0,6.9,19,0,1968.6,1,Low,218.73,P4
CUST-00781,Consumer,12 Month,Retail,US,Basic,6,46.88,2,0.709,79,1,3.1,2,0,562.56,2,Low,125.01,P4
CUST-00782,Enterprise,Month-to-Month,Online,India,Premium,8,36.43,5,0.77,-62,1,6.2,38,0,437.16,7,Critical,340.01,P3
CUST-00783,SMB,12 Month,Retail,Germany,Basic,25,20.74,1,0.176,4,0,6.5,17,0,248.88,2,Low,55.31,P4
CUST-00784,Mid-Market,24 Month,Direct Sales,UK,Premium,1,32.51,1,0.454,24,1,8.8,57,1,390.12,4,Medium,0.0,P3
CUST-00785,Enterprise,Month-to-Month,Direct Sales,Germany,Basic,35,67.58,1,0.74,2,1,14.3,50,0,810.96,5,High,450.53,P3
CUST-00786,Consumer,Month-to-Month,Online,Germany,Basic,25,77.86,2,0.449,34,1,5.9,54,1,934.32,5,High,0.0,P2
CUST-00787,Consumer,24 Month,Direct Sales,UAE,Standard,65,49.41,4,0.864,-2,0,10.9,17,0,592.92,2,Low,131.76,P4
CUST-00788,Consumer,12 Month,Online,UK,Enterprise,45,41.1,1,0.759,-41,0,5.0,19,0,493.2,1,Low,54.8,P4
CUST-00789,SMB,Month-to-Month,Direct Sales,US,Premium,32,36.6,0,0.614,11,0,4.4,48,0,439.2,3,Medium,146.4,P3
CUST-00790,Mid-Market,24 Month,Online,UK,Basic,59,36.67,0,0.26,-51,1,18.6,29,0,440.04,5,High,244.47,P3
CUST-00791,Mid-Market,24 Month,Direct Sales,UK,Standard,41,18.74,0,0.845,-65,0,15.3,33,0,224.88,3,Medium,74.96,P3
CUST-00792,Enterprise,12 Month,Online,UK,Premium,6,61.16,3,0.51,-4,0,6.4,48,0,733.92,4,Medium,326.19,P3
CUST-00793,Consumer,Month-to-Month,Online,India,Basic,20,34.15,0,0.692,-68,0,7.5,48,0,409.8,4,Medium,182.13,P3
CUST-00794,Mid-Market,Month-to-Month,Partner,India,Basic,51,66.42,0,0.514,81,1,13.7,8,0,797.04,3,Medium,265.68,P3
CUST-00795,Consumer,12 Month,Retail,India,Basic,45,33.7,2,0.531,99,0,11.2,43,0,404.4,2,Low,89.87,P4
CUST-00796,SMB,12 Month,Online,UK,Standard,43,38.51,2,0.554,31,0,9.7,31,0,462.12,2,Low,102.69,P4
CUST-00797,SMB,Month-to-Month,Direct Sales,UK,Standard,23,37.75,4,0.455,99,0,16.4,6,0,453.0,2,Low,100.67,P4
CUST-00798,Enterprise,Month-to-Month,Direct Sales,US,Standard,59,56.24,0,0.458,88,1,11.7,3,0,674.88,3,Medium,224.96,P3
CUST-00799,Consumer,24 Month,Online,UK,Basic,28,107.73,2,0.186,-60,0,6.4,20,0,1292.76,3,Medium,430.92,P3
CUST-00800,SMB,Month-to-Month,Direct Sales,US,Premium,16,55.16,6,0.766,99,1,5.2,53,1,661.92,6,High,0.0,P3
CUST-00801,Consumer,Month-to-Month,Direct Sales,Germany,Standard,52,73.08,1,0.511,-28,0,13.2,14,0,876.96,2,Low,194.88,P4
CUST-00802,Consumer,24 Month,Online,US,Premium,32,86.01,2,0.458,-68,0,12.0,0,0,1032.12,1,Low,114.68,P4
CUST-00803,Enterprise,Month-to-Month,Retail,US,Standard,20,62.6,0,0.469,95,0,5.4,18,0,751.2,1,Low,83.47,P4
CUST-00804,SMB,12 Month,Direct Sales,UK,Premium,33,41.23,1,0.589,39,0,12.7,43,0,494.76,2,Low,109.95,P4
CUST-00805,Consumer,Month-to-Month,Partner,Germany,Basic,38,56.79,1,0.111,78,0,4.2,18,0,681.48,3,Medium,227.16,P3
CUST-00806,Enterprise,Month-to-Month,Retail,India,Premium,15,113.03,1,0.584,-42,0,16.1,23,0,1356.36,2,Low,301.41,P4
CUST-00807,Mid-Market,Month-to-Month,Online,UK,Basic,25,41.46,3,0.691,-4,0,15.0,39,1,497.52,5,High,0.0,P3
CUST-00808,Mid-Market,12 Month,Retail,Germany,Premium,21,36.31,4,0.8,4,0,7.4,56,1,435.72,3,Medium,0.0,P3
CUST-00809,SMB,Month-to-Month,Direct Sales,US,Premium,5,40.55,4,0.466,40,0,14.4,6,0,486.6,2,Low,108.13,P4
CUST-00810,SMB,Month-to-Month,Partner,US,Basic,41,95.98,0,0.177,57,0,6.9,14,0,1151.76,3,Medium,383.92,P3
CUST-00811,Consumer,Month-to-Month,Direct Sales,US,Premium,27,52.23,2,0.428,-11,0,22.9,56,0,626.76,4,Medium,278.56,P3
CUST-00812,Consumer,Month-to-Month,Online,India,Basic,53,37.79,2,0.965,43,0,5.8,40,0,453.48,3,Medium,151.16,P3
CUST-00813,Consumer,12 Month,Direct Sales,UK,Basic,51,35.12,1,0.729,-97,0,4.3,43,0,421.44,3,Medium,140.48,P3
CUST-00814,Consumer,24 Month,Retail,UK,Basic,10,34.11,3,0.187,54,0,9.1,42,0,409.32,5,High,227.4,P3
CUST-00815,Mid-Market,24 Month,Partner,UK,Standard,60,65.77,2,0.767,40,1,9.1,11,0,789.24,2,Low,175.39,P4
CUST-00816,Consumer,Month-to-Month,Online,India,Premium,34,95.22,2,0.518,40,0,9.1,59,0,1142.64,3,Medium,380.88,P3
CUST-00817,Enterprise,Month-to-Month,Online,India,Standard,71,41.49,1,0.534,92,1,5.8,53,0,497.88,5,High,276.6,P3
CUST-00818,Consumer,Month-to-Month,Partner,UAE,Basic,56,44.99,3,0.652,50,0,12.1,3,0,539.88,2,Low,119.97,P4
CUST-00819,Consumer,Month-to-Month,Online,UK,Standard,27,55.0,1,0.279,16,0,10.6,45,0,660.0,5,High,366.67,P3
CUST-00820,Consumer,12 Month,Partner,UK,Standard,27,70.18,3,0.732,19,0,13.7,17,0,842.16,1,Low,93.57,P4
CUST-00821,Mid-Market,12 Month,Direct Sales,UK,Basic,40,15.23,2,0.024,3,1,5.3,30,1,182.76,4,Medium,0.0,P3
CUST-00822,Mid-Market,12 Month,Direct Sales,UK,Standard,55,130.66,3,0.402,-12,0,0.1,35,0,1567.92,4,Medium,696.85,P2
CUST-00823,Consumer,24 Month,Direct Sales,US,Standard,27,116.39,2,0.463,66,0,13.2,7,0,1396.68,0,Low,0.0,P4
CUST-00824,Consumer,Month-to-Month,Online,UK,Premium,50,43.2,3,0.285,10,0,2.5,3,0,518.4,4,Medium,230.4,P3
CUST-00825,Consumer,Month-to-Month,Retail,UK,Premium,37,37.38,1,0.258,-46,0,18.5,55,0,448.56,6,High,299.04,P3
CUST-00826,SMB,Month-to-Month,Online,US,Standard,16,44.68,1,0.861,5,0,0.9,4,0,536.16,1,Low,59.57,P4
CUST-00827,SMB,12 Month,Retail,India,Premium,7,72.5,3,0.968,34,1,2.0,15,0,870.0,3,Medium,290.0,P3
CUST-00828,Consumer,12 Month,Retail,UK,Basic,12,73.85,4,0.536,61,0,13.4,38,0,886.2,3,Medium,295.4,P3
CUST-00829,SMB,24 Month,Online,US,Standard,29,110.14,5,0.388,-84,1,2.5,24,0,1321.68,4,Medium,587.41,P2
CUST-00830,Enterprise,12 Month,Direct Sales,Germany,Premium,30,107.45,0,0.668,-93,0,0.8,2,0,1289.4,1,Low,143.27,P4
CUST-00831,SMB,Month-to-Month,Online,India,Standard,47,29.28,2,0.693,96,1,8.4,18,0,351.36,3,Medium,117.12,P3
CUST-00832,Enterprise,Month-to-Month,Retail,India,Premium,22,65.05,0,0.75,10,1,6.4,39,0,780.6,5,High,433.67,P3
CUST-00833,SMB,24 Month,Direct Sales,UK,Basic,52,40.27,2,0.542,14,1,18.0,37,0,483.24,4,Medium,214.77,P3
CUST-00834,Mid-Market,24 Month,Partner,India,Basic,53,22.13,3,0.564,72,0,1.7,42,0,265.56,3,Medium,88.52,P3
CUST-00835,Consumer,Month-to-Month,Partner,UK,Basic,41,57.48,1,0.463,97,0,3.3,53,1,689.76,3,Medium,0.0,P3
CUST-00836,Consumer,12 Month,Direct Sales,UK,Standard,34,41.17,2,0.791,36,0,11.1,46,0,494.04,2,Low,109.79,P4
CUST-00837,SMB,24 Month,Direct Sales,UK,Basic,25,49.89,2,0.827,-99,1,3.7,27,0,598.68,3,Medium,199.56,P3
CUST-00838,Consumer,Month-to-Month,Retail,UK,Standard,41,131.92,4,0.457,30,0,15.9,38,0,1583.04,4,Medium,703.57,P2
CUST-00839,SMB,Month-to-Month,Retail,India,Standard,46,34.13,5,0.896,72,0,15.7,51,0,409.56,4,Medium,182.03,P3
CUST-00840,Mid-Market,12 Month,Retail,UK,Premium,18,199.44,1,0.194,-14,0,10.5,53,0,2393.28,5,High,1329.6,P2
CUST-00841,Mid-Market,Month-to-Month,Direct Sales,UK,Standard,18,48.33,0,0.728,36,0,7.5,15,0,579.96,1,Low,64.44,P4
CUST-00842,Consumer,12 Month,Online,Germany,Premium,49,34.55,2,0.595,6,1,5.8,25,0,414.6,2,Low,92.13,P4
CUST-00843,SMB,12 Month,Direct Sales,India,Enterprise,48,67.6,1,0.737,52,1,7.7,33,0,811.2,4,Medium,360.53,P3
CUST-00844,SMB,12 Month,Direct Sales,US,Standard,59,28.5,4,0.458,-2,1,5.3,27,1,342.0,4,Medium,0.0,P3
CUST-00845,Mid-Market,24 Month,Direct Sales,UK,Basic,5,97.16,4,0.719,26,0,7.1,0,0,1165.92,1,Low,129.55,P4
CUST-00846,Consumer,12 Month,Online,India,Standard,9,75.85,3,0.389,9,0,5.1,60,0,910.2,3,Medium,303.4,P3
CUST-00847,Mid-Market,Month-to-Month,Online,US,Basic,42,31.13,1,0.219,-84,0,8.3,30,1,373.56,4,Medium,0.0,P3
CUST-00848,Consumer,12 Month,Direct Sales,India,Basic,10,47.75,3,0.479,-98,1,5.1,45,1,573.0,6,High,0.0,P3
CUST-00849,SMB,Month-to-Month,Online,UK,Enterprise,20,53.2,0,0.363,12,0,6.6,41,1,638.4,3,Medium,0.0,P3
CUST-00850,Consumer,24 Month,Direct Sales,India,Basic,32,61.92,1,0.661,46,0,3.9,0,0,743.04,0,Low,0.0,P4
CUST-00851,Mid-Market,12 Month,Direct Sales,UAE,Premium,57,60.61,2,0.154,41,2,16.4,49,0,727.32,6,High,484.88,P3
CUST-00852,Mid-Market,12 Month,Direct Sales,UAE,Basic,21,41.6,1,0.697,-77,0,9.4,25,0,499.2,1,Low,55.47,P4
CUST-00853,SMB,Month-to-Month,Partner,Germany,Basic,60,87.04,3,0.395,-41,0,6.8,40,0,1044.48,5,High,580.27,P2
CUST-00854,Mid-Market,Month-to-Month,Online,UK,Premium,29,28.59,2,0.349,-82,0,1.1,22,0,343.08,4,Medium,152.48,P3
CUST-00855,SMB,Month-to-Month,Online,UK,Premium,26,40.34,3,0.596,18,0,17.1,47,0,484.08,4,Medium,215.15,P3
CUST-00856,Consumer,Month-to-Month,Partner,UK,Premium,48,35.4,2,0.679,38,0,6.9,22,0,424.8,1,Low,47.2,P4
CUST-00857,Consumer,12 Month,Direct Sales,UK,Basic,53,44.41,4,0.087,19,0,6.9,21,0,532.92,3,Medium,177.64,P3
CUST-00858,Consumer,Month-to-Month,Online,UAE,Enterprise,45,84.33,2,0.383,-86,0,10.1,19,0,1011.96,2,Low,224.88,P4
CUST-00859,Mid-Market,Month-to-Month,Direct Sales,India,Enterprise,41,49.11,2,0.098,21,0,11.2,21,0,589.32,3,Medium,196.44,P3
CUST-00860,Enterprise,24 Month,Direct Sales,UAE,Standard,29,59.88,2,0.838,-29,0,13.9,35,0,718.56,3,Medium,239.52,P3
CUST-00861,SMB,24 Month,Direct Sales,India,Standard,25,267.06,0,0.37,12,0,9.6,27,0,3204.72,0,Low,0.0,P4
CUST-00862,Enterprise,24 Month,Online,India,Standard,48,38.1,3,0.356,-59,2,6.6,5,1,457.2,4,Medium,0.0,P3
CUST-00863,Consumer,Month-to-Month,Online,US,Standard,29,91.64,2,0.49,8,0,11.6,40,0,1099.68,3,Medium,366.56,P3
CUST-00864,Enterprise,Month-to-Month,Partner,India,Basic,49,230.7,2,0.866,66,0,12.2,50,0,2768.4,3,Medium,922.8,P3
CUST-00865,SMB,24 Month,Retail,UK,Standard,67,74.74,0,0.721,30,2,12.2,59,0,896.88,4,Medium,398.61,P3
CUST-00866,SMB,12 Month,Direct Sales,UK,Standard,4,46.19,4,0.228,-29,0,15.5,35,0,554.28,6,High,369.52,P3
CUST-00867,Enterprise,Month-to-Month,Direct Sales,UK,Enterprise,41,24.69,2,0.782,38,0,5.7,40,0,296.28,3,Medium,98.76,P3
CUST-00868,SMB,24 Month,Online,India,Basic,19,39.08,2,0.317,67,0,14.0,19,0,468.96,2,Low,104.21,P4
CUST-00869,SMB,12 Month,Direct Sales,UK,Premium,62,42.31,1,0.636,47,0,9.6,5,0,507.72,0,Low,0.0,P4
CUST-00870,Mid-Market,12 Month,Retail,UK,Enterprise,65,30.08,1,0.254,-26,0,1.1,8,0,360.96,3,Medium,120.32,P3
CUST-00871,SMB,Month-to-Month,Direct Sales,US,Basic,35,101.89,1,0.701,38,0,15.3,3,0,1222.68,1,Low,135.85,P4
CUST-00872,SMB,Month-to-Month,Direct Sales,US,Premium,10,85.99,4,0.7,-92,0,1.4,21,0,1031.88,3,Medium,343.96,P3
CUST-00873,SMB,12 Month,Online,US,Standard,28,59.87,1,0.344,-17,0,4.7,49,0,718.44,5,High,399.13,P3
CUST-00874,Consumer,24 Month,Retail,Germany,Standard,5,28.04,1,0.375,62,0,6.4,5,0,336.48,0,Low,0.0,P4
CUST-00875,Consumer,24 Month,Retail,Germany,Enterprise,33,63.53,3,0.638,-69,3,1.5,37,0,762.36,6,High,508.24,P3
CUST-00876,Enterprise,Month-to-Month,Online,India,Standard,54,87.91,2,0.667,94,2,6.6,53,1,1054.92,5,High,0.0,P2
CUST-00877,SMB,12 Month,Retail,US,Basic,59,37.34,3,0.855,-40,0,17.8,15,0,448.08,2,Low,99.57,P4
CUST-00878,SMB,Month-to-Month,Online,Germany,Premium,16,56.06,2,0.272,-48,0,3.3,49,0,672.72,6,High,448.48,P3
CUST-00879,SMB,12 Month,Direct Sales,Germany,Enterprise,71,34.66,0,0.267,-5,2,17.9,25,0,415.92,5,High,231.07,P3
CUST-00880,Consumer,24 Month,Direct Sales,UK,Enterprise,45,40.95,4,0.438,93,0,10.1,42,0,491.4,3,Medium,163.8,P3
CUST-00881,Consumer,Month-to-Month,Direct Sales,US,Standard,54,189.35,1,0.411,85,1,11.7,7,0,2272.2,3,Medium,757.4,P3
CUST-00882,Enterprise,12 Month,Online,UK,Standard,24,49.35,1,0.44,10,1,7.5,33,0,592.2,4,Medium,263.2,P3
CUST-00883,Mid-Market,12 Month,Online,US,Basic,71,70.2,0,0.406,99,0,10.9,42,0,842.4,2,Low,187.2,P4
CUST-00884,Mid-Market,Month-to-Month,Online,India,Premium,41,79.14,2,0.694,-77,0,7.7,53,0,949.68,4,Medium,422.08,P2
CUST-00885,SMB,24 Month,Retail,UK,Basic,24,72.34,0,0.853,72,1,12.3,7,0,868.08,2,Low,192.91,P4
CUST-00886,Consumer,12 Month,Online,India,Standard,41,73.51,3,0.648,-91,0,8.7,46,0,882.12,4,Medium,392.05,P3
CUST-00887,Consumer,Month-to-Month,Partner,UK,Standard,24,26.89,4,0.507,17,1,10.5,46,0,322.68,6,High,215.12,P3
CUST-00888,Consumer,12 Month,Online,Germany,Premium,67,65.5,1,0.722,-41,2,8.5,45,0,786.0,5,High,436.67,P3
CUST-00889,Enterprise,24 Month,Direct Sales,Germany,Standard,38,78.86,2,0.262,85,0,11.7,45,1,946.32,4,Medium,0.0,P2
CUST-00890,Mid-Market,Month-to-Month,Direct Sales,India,Standard,8,71.32,2,0.044,-98,2,1.6,51,1,855.84,8,Critical,0.0,P3
CUST-00891,Consumer,12 Month,Online,UAE,Standard,51,47.07,1,0.61,-9,1,6.8,45,0,564.84,5,High,313.8,P3
CUST-00892,Consumer,Month-to-Month,Direct Sales,UK,Premium,5,215.67,3,0.384,0,0,5.9,58,1,2588.04,4,Medium,0.0,P2
CUST-00893,SMB,12 Month,Partner,India,Premium,22,133.49,2,0.958,45,0,11.9,13,0,1601.88,0,Low,0.0,P4
CUST-00894,Mid-Market,12 Month,Partner,US,Basic,6,44.38,3,0.635,-59,0,2.4,33,0,532.56,4,Medium,236.69,P3
CUST-00895,SMB,Month-to-Month,Retail,Germany,Basic,25,67.3,1,0.135,-85,0,13.2,43,1,807.6,6,High,0.0,P3
CUST-00896,Consumer,24 Month,Retail,India,Standard,37,159.33,1,0.893,-46,0,10.8,13,0,1911.96,1,Low,212.44,P4
CUST-00897,Enterprise,Month-to-Month,Direct Sales,India,Basic,8,64.07,2,0.628,94,0,9.1,46,0,768.84,3,Medium,256.28,P3
CUST-00898,Consumer,Month-to-Month,Retail,India,Premium,61,38.03,2,0.908,92,0,7.6,8,0,456.36,1,Low,50.71,P4
CUST-00899,Enterprise,24 Month,Direct Sales,India,Premium,55,70.8,0,0.413,17,0,0.7,50,0,849.6,2,Low,188.8,P4
CUST-00900,Consumer,12 Month,Direct Sales,India,Premium,40,60.76,1,0.737,98,0,2.0,2,0,729.12,0,Low,0.0,P4
CUST-00901,Mid-Market,12 Month,Direct Sales,Germany,Basic,20,123.41,3,0.831,-44,0,15.0,60,0,1480.92,4,Medium,658.19,P2
CUST-00902,Consumer,Month-to-Month,Direct Sales,US,Standard,69,63.34,3,0.913,-96,1,1.9,44,0,760.08,7,Critical,591.17,P3
CUST-00903,Consumer,12 Month,Retail,UAE,Premium,62,53.54,0,0.893,33,0,5.1,12,0,642.48,0,Low,0.0,P4
CUST-00904,Mid-Market,Month-to-Month,Direct Sales,UK,Standard,45,36.45,0,0.55,56,1,12.8,33,0,437.4,5,High,243.0,P3
CUST-00905,Consumer,12 Month,Partner,India,Enterprise,72,44.05,3,0.211,68,0,13.4,52,0,528.6,5,High,293.67,P3
CUST-00906,Consumer,Month-to-Month,Online,UAE,Premium,61,56.47,1,0.375,36,1,7.9,28,0,677.64,3,Medium,225.88,P3
CUST-00907,Consumer,Month-to-Month,Direct Sales,UAE,Standard,17,49.15,0,0.412,-62,0,18.1,42,0,589.8,4,Medium,262.13,P3
CUST-00908,SMB,Month-to-Month,Online,US,Premium,58,60.67,0,0.362,-42,1,1.6,30,0,728.04,4,Medium,323.57,P3
CUST-00909,Mid-Market,24 Month,Online,UK,Standard,26,48.32,2,0.21,14,0,8.5,1,0,579.84,2,Low,128.85,P4
CUST-00910,Mid-Market,Month-to-Month,Online,UAE,Premium,5,81.64,2,0.742,0,0,8.0,10,0,979.68,1,Low,108.85,P4
CUST-00911,Mid-Market,12 Month,Direct Sales,UK,Standard,19,103.47,2,0.585,17,0,6.4,55,0,1241.64,2,Low,275.92,P4
CUST-00912,Mid-Market,12 Month,Retail,Germany,Premium,57,40.59,0,0.703,-48,1,1.2,42,0,487.08,5,High,270.6,P3
CUST-00913,Consumer,24 Month,Direct Sales,UK,Standard,40,71.23,0,0.805,89,1,12.3,16,0,854.76,2,Low,189.95,P4
CUST-00914,Consumer,Month-to-Month,Online,US,Standard,58,72.03,3,0.211,-97,0,19.1,44,1,864.36,7,Critical,0.0,P3
CUST-00915,SMB,24 Month,Retail,UK,Standard,15,88.42,1,0.604,-30,0,7.0,19,0,1061.04,1,Low,117.89,P4
CUST-00916,Mid-Market,12 Month,Direct Sales,UAE,Standard,42,35.83,4,0.455,-28,0,8.3,42,1,429.96,4,Medium,0.0,P3
CUST-00917,SMB,24 Month,Partner,India,Basic,59,161.85,4,0.432,27,1,14.1,55,0,1942.2,5,High,1079.0,P2
CUST-00918,SMB,Month-to-Month,Direct Sales,Germany,Standard,13,45.12,1,0.324,-70,0,8.1,19,1,541.44,4,Medium,0.0,P3
CUST-00919,SMB,Month-to-Month,Online,UAE,Premium,61,28.15,3,0.485,-19,0,4.8,41,1,337.8,5,High,0.0,P3
CUST-00920,SMB,Month-to-Month,Partner,UK,Standard,44,48.56,0,0.673,62,0,13.0,18,0,582.72,1,Low,64.75,P4
CUST-00921,Enterprise,12 Month,Direct Sales,UAE,Basic,7,74.14,0,0.595,55,1,8.2,1,0,889.68,2,Low,197.71,P4
CUST-00922,SMB,24 Month,Online,India,Premium,56,43.37,3,0.125,-72,0,6.0,1,0,520.44,4,Medium,231.31,P3
CUST-00923,Consumer,Month-to-Month,Online,Germany,Standard,6,47.45,1,0.664,-18,0,5.7,32,0,569.4,4,Medium,253.07,P3
CUST-00924,Consumer,12 Month,Partner,UK,Premium,14,84.98,1,0.394,80,0,4.5,32,0,1019.76,2,Low,226.61,P4
CUST-00925,Consumer,Month-to-Month,Direct Sales,UK,Standard,12,38.23,4,0.556,100,0,18.6,7,0,458.76,2,Low,101.95,P4
CUST-00926,Mid-Market,Month-to-Month,Online,UAE,Standard,65,127.56,3,0.634,-65,0,3.6,8,1,1530.72,3,Medium,0.0,P3
CUST-00927,SMB,Month-to-Month,Direct Sales,UAE,Enterprise,32,61.01,0,0.851,14,0,2.6,43,0,732.12,3,Medium,244.04,P3
CUST-00928,Mid-Market,24 Month,Partner,India,Standard,64,65.91,2,0.467,43,1,4.4,7,0,790.92,2,Low,175.76,P4
CUST-00929,Consumer,24 Month,Direct Sales,India,Premium,65,59.13,3,0.348,30,1,6.2,6,0,709.56,5,High,394.2,P3
CUST-00930,SMB,12 Month,Direct Sales,UK,Basic,14,36.1,3,0.407,-33,0,9.8,53,1,433.2,4,Medium,0.0,P3
CUST-00931,Consumer,Month-to-Month,Partner,UK,Standard,71,71.55,0,0.384,-19,0,0.8,15,0,858.6,2,Low,190.8,P4
CUST-00932,Consumer,Month-to-Month,Retail,UK,Standard,28,54.58,1,0.339,92,2,2.3,59,1,654.96,7,Critical,0.0,P3
CUST-00933,Consumer,24 Month,Partner,India,Premium,13,90.88,3,0.076,-82,1,13.6,28,0,1090.56,6,High,727.04,P2
CUST-00934,SMB,12 Month,Direct Sales,Germany,Enterprise,16,32.85,1,0.494,-1,0,3.8,25,0,394.2,1,Low,43.8,P4
CUST-00935,SMB,24 Month,Online,India,Premium,69,84.51,0,0.653,36,2,1.3,15,0,1014.12,2,Low,225.36,P4
CUST-00936,SMB,Month-to-Month,Online,UK,Standard,10,34.9,2,0.498,-4,0,1.7,45,1,418.8,4,Medium,0.0,P3
CUST-00937,Mid-Market,24 Month,Retail,UK,Standard,12,32.51,2,0.37,-9,0,8.3,56,1,390.12,3,Medium,0.0,P3
CUST-00938,Mid-Market,24 Month,Partner,India,Standard,47,45.08,1,0.316,-42,0,3.2,23,0,540.96,3,Medium,180.32,P3
CUST-00939,SMB,24 Month,Direct Sales,UAE,Premium,55,88.16,2,0.582,31,0,10.9,56,0,1057.92,2,Low,235.09,P4
CUST-00940,Consumer,12 Month,Online,UK,Basic,7,93.29,1,0.066,-43,2,3.5,13,1,1119.48,5,High,0.0,P2
CUST-00941,Enterprise,24 Month,Partner,India,Standard,72,34.19,0,0.264,3,0,1.4,20,0,410.28,2,Low,91.17,P4
CUST-00942,Mid-Market,Month-to-Month,Direct Sales,UK,Basic,7,25.42,4,0.594,-25,0,5.8,38,0,305.04,5,High,169.47,P3
CUST-00943,SMB,Month-to-Month,Retail,India,Standard,58,107.19,4,0.268,-58,1,16.9,46,0,1286.28,9,Critical,1286.28,P2
CUST-00944,Mid-Market,Month-to-Month,Direct Sales,UK,Standard,2,110.68,4,0.656,82,0,11.7,30,0,1328.16,2,Low,295.15,P4
CUST-00945,Consumer,24 Month,Partner,Germany,Basic,51,42.14,2,0.344,-75,0,1.3,42,1,505.68,5,High,0.0,P3
CUST-00946,Mid-Market,Month-to-Month,Retail,US,Premium,11,43.73,0,0.292,84,1,6.2,17,0,524.76,5,High,291.53,P3
CUST-00947,Consumer,24 Month,Partner,UK,Enterprise,63,59.67,1,0.27,-13,0,3.9,58,1,716.04,5,High,0.0,P3
CUST-00948,Mid-Market,24 Month,Direct Sales,US,Premium,9,25.95,3,0.547,-4,0,10.4,4,0,311.4,2,Low,69.2,P4
CUST-00949,Consumer,12 Month,Online,India,Premium,47,31.73,4,0.35,-19,0,2.0,12,0,380.76,2,Low,84.61,P4
CUST-00950,Consumer,12 Month,Online,India,Premium,53,38.09,4,0.443,97,1,9.5,8,0,457.08,3,Medium,152.36,P3
CUST-00951,Enterprise,24 Month,Online,India,Premium,57,24.87,2,0.399,68,1,9.4,20,1,298.44,2,Low,0.0,P4
CUST-00952,SMB,12 Month,Online,India,Basic,36,70.9,3,0.273,-87,0,18.0,5,0,850.8,4,Medium,378.13,P3
CUST-00953,Enterprise,12 Month,Partner,Germany,Premium,29,37.39,3,0.276,-77,0,1.7,54,1,448.68,6,High,0.0,P3
CUST-00954,SMB,12 Month,Online,India,Standard,59,24.41,1,0.568,-46,0,7.2,2,0,292.92,1,Low,32.55,P4
CUST-00955,Enterprise,Month-to-Month,Direct Sales,UK,Premium,60,37.31,0,0.311,24,0,10.5,22,0,447.72,3,Medium,149.24,P3
CUST-00956,Mid-Market,Month-to-Month,Online,UAE,Premium,44,64.74,0,0.374,51,0,3.7,52,0,776.88,3,Medium,258.96,P3
CUST-00957,Enterprise,12 Month,Retail,UK,Premium,62,28.47,1,0.6,25,0,3.3,33,0,341.64,2,Low,75.92,P4
CUST-00958,Mid-Market,12 Month,Online,UK,Standard,29,60.31,1,0.785,-50,0,8.2,0,0,723.72,1,Low,80.41,P4
CUST-00959,SMB,24 Month,Online,Germany,Premium,64,62.01,1,0.741,-18,0,10.1,1,0,744.12,1,Low,82.68,P4
CUST-00960,Mid-Market,24 Month,Online,Germany,Standard,9,27.89,2,0.868,-73,0,11.5,15,0,334.68,1,Low,37.19,P4
CUST-00961,SMB,12 Month,Direct Sales,Germany,Enterprise,19,79.59,1,0.512,0,1,5.4,14,1,955.08,2,Low,0.0,P4
CUST-00962,Mid-Market,12 Month,Partner,Germany,Premium,23,22.42,2,0.448,-93,1,18.7,17,0,269.04,3,Medium,89.68,P3
CUST-00963,Mid-Market,Month-to-Month,Direct Sales,India,Standard,37,89.59,3,0.275,1,1,3.7,20,0,1075.08,6,High,716.72,P2
CUST-00964,SMB,12 Month,Online,UAE,Basic,41,29.23,2,0.954,24,1,8.1,23,0,350.76,2,Low,77.95,P4
CUST-00965,SMB,12 Month,Retail,UAE,Standard,71,41.73,3,0.675,32,0,13.9,20,0,500.76,1,Low,55.64,P4
CUST-00966,SMB,24 Month,Partner,India,Basic,37,45.63,2,0.477,-30,1,12.1,17,0,547.56,3,Medium,182.52,P3
CUST-00967,Consumer,Month-to-Month,Online,Germany,Premium,67,45.91,5,0.402,50,0,13.8,38,0,550.92,4,Medium,244.85,P3
CUST-00968,Consumer,24 Month,Retail,UK,Standard,71,111.92,2,0.464,2,0,4.2,26,0,1343.04,0,Low,0.0,P4
CUST-00969,SMB,24 Month,Retail,UAE,Standard,63,84.27,1,0.525,-54,1,4.9,30,0,1011.24,3,Medium,337.08,P3
CUST-00970,Mid-Market,Month-to-Month,Partner,US,Standard,9,168.3,1,0.585,-64,1,10.6,54,1,2019.6,6,High,0.0,P1
CUST-00971,SMB,Month-to-Month,Partner,UK,Enterprise,52,70.46,1,0.973,-51,0,12.5,46,0,845.52,4,Medium,375.79,P3
CUST-00972,Mid-Market,24 Month,Online,US,Standard,4,68.9,1,0.405,-61,0,12.3,1,0,826.8,1,Low,91.87,P4
CUST-00973,Enterprise,12 Month,Partner,India,Enterprise,27,51.68,2,0.89,43,1,3.9,5,0,620.16,2,Low,137.81,P4
CUST-00974,Enterprise,Month-to-Month,Online,US,Standard,17,43.91,3,0.397,8,1,10.6,16,0,526.92,4,Medium,234.19,P3
CUST-00975,Enterprise,Month-to-Month,Online,India,Basic,6,30.28,1,0.523,73,0,11.0,57,0,363.36,3,Medium,121.12,P3
CUST-00976,Consumer,Month-to-Month,Direct Sales,UK,Standard,57,77.68,2,0.968,-75,0,3.3,6,0,932.16,2,Low,207.15,P4
CUST-00977,Consumer,Month-to-Month,Retail,India,Premium,36,86.07,6,0.647,91,0,12.7,45,0,1032.84,4,Medium,459.04,P2
CUST-00978,Consumer,12 Month,Online,US,Enterprise,58,40.71,1,0.751,-73,0,6.1,36,0,488.52,3,Medium,162.84,P3
CUST-00979,Consumer,Month-to-Month,Direct Sales,UK,Premium,53,49.57,2,0.792,84,2,1.7,54,1,594.84,5,High,0.0,P3
CUST-00980,Enterprise,Month-to-Month,Retail,India,Standard,46,74.9,1,0.753,-38,0,1.6,10,0,898.8,2,Low,199.73,P4
CUST-00981,Mid-Market,Month-to-Month,Online,India,Premium,52,88.08,3,0.701,-85,0,18.8,26,0,1056.96,3,Medium,352.32,P3
CUST-00982,Mid-Market,24 Month,Direct Sales,UAE,Enterprise,29,58.48,1,0.476,27,0,9.8,11,0,701.76,0,Low,0.0,P4
CUST-00983,SMB,Month-to-Month,Partner,India,Standard,72,88.48,2,0.654,-98,1,4.0,60,0,1061.76,6,High,707.84,P2
CUST-00984,SMB,Month-to-Month,Direct Sales,UK,Standard,46,100.1,1,0.238,87,0,7.5,16,0,1201.2,3,Medium,400.4,P3
CUST-00985,Consumer,Month-to-Month,Partner,India,Standard,31,71.97,1,0.967,-32,0,4.6,33,0,863.64,4,Medium,383.84,P3
CUST-00986,SMB,Month-to-Month,Online,India,Premium,37,50.02,0,0.214,-10,0,10.2,7,0,600.24,4,Medium,266.77,P3
CUST-00987,Mid-Market,Month-to-Month,Direct Sales,UK,Standard,23,43.24,0,0.798,34,0,7.5,3,0,518.88,1,Low,57.65,P4
CUST-00988,Mid-Market,12 Month,Online,India,Basic,26,45.99,0,0.579,-39,0,1.2,19,0,551.88,1,Low,61.32,P4
CUST-00989,Consumer,Month-to-Month,Direct Sales,US,Standard,33,50.34,2,0.542,-76,0,13.9,58,0,604.08,4,Medium,268.48,P3
CUST-00990,Enterprise,Month-to-Month,Direct Sales,India,Standard,39,76.37,2,0.121,58,0,2.1,52,1,916.44,5,High,0.0,P2
CUST-00991,Consumer,Month-to-Month,Online,Germany,Basic,18,40.11,1,0.522,58,0,13.9,37,0,481.32,3,Medium,160.44,P3
CUST-00992,Enterprise,24 Month,Online,UK,Basic,40,23.95,4,0.643,-76,0,4.9,16,0,287.4,2,Low,63.87,P4
CUST-00993,SMB,12 Month,Direct Sales,UK,Standard,38,30.11,3,0.397,64,2,12.8,39,0,361.32,5,High,200.73,P3
CUST-00994,Mid-Market,24 Month,Online,US,Basic,13,26.29,0,0.649,-97,1,3.5,32,1,315.48,5,High,0.0,P3
CUST-00995,SMB,12 Month,Retail,UAE,Basic,38,41.83,0,0.847,100,0,14.9,49,0,501.96,2,Low,111.55,P4
CUST-00996,Enterprise,Month-to-Month,Direct Sales,UK,Standard,40,91.0,0,0.796,84,1,4.0,27,0,1092.0,3,Medium,364.0,P3
CUST-00997,Consumer,24 Month,Partner,UAE,Standard,29,26.36,4,0.586,70,0,6.3,42,0,316.32,3,Medium,105.44,P3
CUST-00998,Enterprise,Month-to-Month,Direct Sales,UAE,Basic,6,43.01,0,0.923,75,0,7.0,16,0,516.12,1,Low,57.35,P4
CUST-00999,Consumer,12 Month,Online,UK,Standard,49,118.12,2,0.283,-3,1,6.2,56,0,1417.44,7,Critical,1102.45,P2
CUST-01000,Consumer,Month-to-Month,Online,India,Standard,29,25.99,1,0.75,63,0,2.6,43,0,311.88,3,Medium,103.96,P3
CUST-01001,Enterprise,Month-to-Month,Retail,UAE,Basic,55,80.62,1,0.618,46,1,3.6,55,1,967.44,5,High,0.0,P2
CUST-01002,Enterprise,Month-to-Month,Direct Sales,Germany,Basic,60,56.63,1,0.297,-56,0,15.0,3,0,679.56,4,Medium,302.03,P3
CUST-01003,Enterprise,Month-to-Month,Direct Sales,UAE,Enterprise,46,60.56,5,0.58,-90,1,3.4,2,0,726.72,5,High,403.73,P3
CUST-01004,SMB,Month-to-Month,Direct Sales,UK,Basic,7,31.17,6,0.542,67,0,9.7,48,0,374.04,4,Medium,166.24,P3
CUST-01005,Consumer,Month-to-Month,Online,UK,Premium,7,79.84,1,0.411,-40,0,9.4,12,0,958.08,2,Low,212.91,P4
CUST-01006,Mid-Market,Month-to-Month,Retail,Germany,Premium,46,102.78,2,0.717,-34,1,12.5,23,0,1233.36,4,Medium,548.16,P2
CUST-01007,Enterprise,24 Month,Partner,UK,Enterprise,50,66.77,1,0.22,-18,0,6.8,51,0,801.24,5,High,445.13,P3
CUST-01008,Enterprise,Month-to-Month,Partner,US,Enterprise,55,39.55,3,0.558,-80,0,7.3,48,0,474.6,5,High,263.67,P3
CUST-01009,Mid-Market,12 Month,Online,UK,Standard,37,28.56,2,0.333,72,0,3.8,25,0,342.72,2,Low,76.16,P4
CUST-01010,Consumer,Month-to-Month,Direct Sales,UK,Premium,47,46.02,0,0.644,-5,0,0.6,17,0,552.24,2,Low,122.72,P4
CUST-01011,Consumer,24 Month,Online,UK,Premium,6,66.9,1,0.537,-18,1,11.7,28,0,802.8,3,Medium,267.6,P3
CUST-01012,Enterprise,Month-to-Month,Retail,UAE,Premium,4,53.07,0,0.716,-54,0,1.8,30,0,636.84,2,Low,141.52,P4
CUST-01013,Enterprise,24 Month,Online,UK,Enterprise,14,84.14,4,0.146,-79,0,9.4,15,0,1009.68,4,Medium,448.75,P2
CUST-01014,Consumer,Month-to-Month,Partner,UK,Enterprise,45,55.05,1,0.291,-24,0,1.5,29,1,660.6,4,Medium,0.0,P3
CUST-01015,Consumer,Month-to-Month,Partner,US,Standard,2,32.92,0,0.299,-35,0,5.1,21,1,395.04,4,Medium,0.0,P3
CUST-01016,Consumer,24 Month,Direct Sales,India,Standard,23,54.1,2,0.464,-6,2,5.0,53,0,649.2,5,High,360.67,P3
CUST-01017,Consumer,12 Month,Online,UAE,Basic,28,40.24,1,0.645,-2,1,3.9,23,0,482.88,3,Medium,160.96,P3
CUST-01018,Consumer,Month-to-Month,Partner,UAE,Standard,60,29.25,3,0.785,8,0,11.9,57,0,351.0,4,Medium,156.0,P3
CUST-01019,Consumer,12 Month,Partner,UAE,Premium,25,43.36,3,0.72,28,1,8.8,59,0,520.32,5,High,289.07,P3
CUST-01020,Consumer,Month-to-Month,Direct Sales,US,Premium,55,24.81,0,0.631,-76,0,0.7,21,0,297.72,2,Low,66.16,P4
CUST-01021,Enterprise,12 Month,Direct Sales,India,Premium,5,71.65,4,0.629,31,2,12.8,44,1,859.8,5,High,0.0,P3
CUST-01022,Enterprise,Month-to-Month,Retail,UK,Basic,18,37.53,3,0.773,-93,0,16.1,11,0,450.36,3,Medium,150.12,P3
CUST-01023,SMB,Month-to-Month,Online,UAE,Basic,9,72.54,3,0.184,32,0,1.2,1,0,870.48,4,Medium,386.88,P3
CUST-01024,Mid-Market,24 Month,Online,UAE,Premium,53,55.62,0,0.271,54,1,1.9,40,0,667.44,6,High,444.96,P3
CUST-01025,Mid-Market,24 Month,Online,UK,Standard,71,26.09,0,0.469,79,0,5.0,17,0,313.08,0,Low,0.0,P4
CUST-01026,Mid-Market,Month-to-Month,Online,Germany,Premium,49,26.76,4,0.421,-89,0,6.7,37,0,321.12,5,High,178.4,P3
CUST-01027,SMB,Month-to-Month,Direct Sales,UAE,Standard,26,62.57,2,0.598,-78,0,11.8,35,1,750.84,4,Medium,0.0,P3
CUST-01028,Consumer,24 Month,Partner,UAE,Basic,47,65.08,1,0.803,-41,0,3.2,56,0,780.96,3,Medium,260.32,P3
CUST-01029,Consumer,12 Month,Direct Sales,UAE,Premium,8,155.92,1,0.144,34,0,1.6,37,0,1871.04,4,Medium,831.57,P2
CUST-01030,Mid-Market,12 Month,Direct Sales,US,Standard,65,135.97,1,0.441,71,1,4.6,27,0,1631.64,2,Low,362.59,P4
CUST-01031,Enterprise,24 Month,Retail,UK,Standard,26,43.09,2,0.203,2,1,11.0,56,0,517.08,6,High,344.72,P3
CUST-01032,Consumer,12 Month,Direct Sales,Germany,Standard,50,50.35,3,0.533,-13,0,7.1,20,0,604.2,2,Low,134.27,P4
CUST-01033,Enterprise,Month-to-Month,Online,UK,Enterprise,2,43.43,1,0.159,-85,0,6.5,55,1,521.16,6,High,0.0,P3
CUST-01034,Mid-Market,24 Month,Partner,UK,Enterprise,38,37.66,1,0.703,8,1,12.1,3,0,451.92,2,Low,100.43,P4
CUST-01035,Mid-Market,12 Month,Direct Sales,Germany,Enterprise,30,15.28,0,0.646,3,0,1.2,14,0,183.36,0,Low,0.0,P4
CUST-01036,Mid-Market,Month-to-Month,Direct Sales,UK,Premium,33,22.31,2,0.237,9,0,3.2,25,0,267.72,3,Medium,89.24,P3
CUST-01037,Consumer,24 Month,Online,UK,Standard,18,32.72,2,0.427,-86,0,10.9,25,0,392.64,1,Low,43.63,P4
CUST-01038,Consumer,Month-to-Month,Online,UAE,Standard,68,47.99,2,0.8,28,0,6.5,60,0,575.88,3,Medium,191.96,P3
CUST-01039,SMB,Month-to-Month,Retail,UK,Basic,34,66.04,1,0.377,18,1,14.9,50,1,792.48,5,High,0.0,P3
CUST-01040,SMB,Month-to-Month,Direct Sales,UK,Basic,13,50.65,4,0.738,16,0,12.7,20,0,607.8,2,Low,135.07,P4
CUST-01041,Consumer,Month-to-Month,Partner,UK,Standard,3,51.54,2,0.541,-21,0,8.7,55,0,618.48,4,Medium,274.88,P3
CUST-01042,Enterprise,24 Month,Direct Sales,Germany,Basic,35,45.68,2,0.408,18,0,3.0,20,0,548.16,0,Low,0.0,P4
CUST-01043,Enterprise,Month-to-Month,Partner,UAE,Enterprise,50,34.34,3,0.324,11,0,13.8,32,1,412.08,6,High,0.0,P3
CUST-01044,SMB,24 Month,Partner,India,Basic,46,55.28,2,0.406,-31,1,7.0,9,0,663.36,3,Medium,221.12,P3
CUST-01045,SMB,Month-to-Month,Partner,UAE,Basic,19,50.72,2,0.827,-18,1,8.1,48,1,608.64,6,High,0.0,P3
CUST-01046,Consumer,24 Month,Retail,UK,Basic,36,104.4,1,0.532,35,1,3.6,7,0,1252.8,2,Low,278.4,P4
CUST-01047,Consumer,12 Month,Direct Sales,UK,Premium,60,82.11,1,0.636,-28,0,11.9,5,0,985.32,1,Low,109.48,P4
CUST-01048,Consumer,12 Month,Online,UAE,Standard,48,34.05,0,0.412,94,1,2.4,2,0,408.6,2,Low,90.8,P4
CUST-01049,Enterprise,Month-to-Month,Online,UK,Enterprise,52,62.78,2,0.956,-36,0,10.8,47,0,753.36,4,Medium,334.83,P3
CUST-01050,Enterprise,Month-to-Month,Retail,UAE,Standard,38,61.12,2,0.723,-46,1,3.7,24,1,733.44,4,Medium,0.0,P3
CUST-01051,SMB,24 Month,Retail,UK,Basic,65,47.41,1,0.51,-79,0,12.8,4,0,568.92,1,Low,63.21,P4
CUST-01052,Mid-Market,Month-to-Month,Partner,India,Standard,21,31.98,1,0.676,-22,1,0.8,49,0,383.76,6,High,255.84,P3
CUST-01053,Consumer,24 Month,Online,Germany,Enterprise,44,24.5,1,0.716,-93,1,11.7,25,0,294.0,3,Medium,98.0,P3
CUST-01054,Mid-Market,Month-to-Month,Direct Sales,India,Standard,67,39.49,0,0.457,75,0,4.0,43,0,473.88,3,Medium,157.96,P3
CUST-01055,Consumer,24 Month,Online,India,Basic,16,69.41,0,0.212,93,0,4.0,56,0,832.92,4,Medium,370.19,P3
CUST-01056,Consumer,12 Month,Online,Germany,Premium,42,39.87,3,0.636,39,1,17.7,1,0,478.44,3,Medium,159.48,P3
CUST-01057,Consumer,24 Month,Retail,India,Premium,4,39.48,2,0.554,-82,1,6.8,15,0,473.76,3,Medium,157.92,P3
CUST-01058,Mid-Market,Month-to-Month,Online,India,Standard,32,53.71,0,0.717,-10,0,1.4,11,0,644.52,2,Low,143.23,P4
CUST-01059,Consumer,12 Month,Direct Sales,UAE,Premium,62,26.51,1,0.73,-93,0,10.9,21,0,318.12,1,Low,35.35,P4
CUST-01060,Consumer,12 Month,Online,Germany,Basic,2,39.54,0,0.961,-6,0,1.5,1,0,474.48,1,Low,52.72,P4
CUST-01061,Enterprise,12 Month,Direct Sales,UK,Basic,52,62.44,3,0.914,63,0,4.9,33,0,749.28,3,Medium,249.76,P3
CUST-01062,Consumer,Month-to-Month,Direct Sales,UK,Basic,64,118.15,2,0.597,72,0,9.3,48,0,1417.8,3,Medium,472.6,P3
CUST-01063,Mid-Market,24 Month,Retail,UAE,Standard,47,44.56,0,0.773,49,2,5.7,5,0,534.72,2,Low,118.83,P4
CUST-01064,Enterprise,12 Month,Retail,UAE,Basic,58,44.59,2,0.835,58,1,0.7,39,0,535.08,4,Medium,237.81,P3
CUST-01065,Consumer,Month-to-Month,Partner,India,Standard,4,90.69,2,0.831,27,0,15.7,31,0,1088.28,3,Medium,362.76,P3
CUST-01066,Consumer,12 Month,Partner,UK,Premium,67,24.7,3,0.358,22,0,3.2,34,0,296.4,3,Medium,98.8,P3
CUST-01067,SMB,24 Month,Retail,Germany,Premium,18,91.42,0,0.291,11,0,11.1,54,0,1097.04,4,Medium,487.57,P2
CUST-01068,Mid-Market,Month-to-Month,Online,UK,Premium,2,29.08,2,0.377,-76,1,6.9,58,0,348.96,6,High,232.64,P3
CUST-01069,SMB,Month-to-Month,Online,Germany,Enterprise,8,42.69,2,0.252,-12,0,9.9,22,0,512.28,4,Medium,227.68,P3
CUST-01070,Consumer,Month-to-Month,Partner,Germany,Basic,34,54.34,2,0.486,11,0,16.4,37,1,652.08,3,Medium,0.0,P3
CUST-01071,Consumer,12 Month,Direct Sales,UK,Standard,65,62.13,3,0.465,-25,0,10.8,16,0,745.56,2,Low,165.68,P4
CUST-01072,Mid-Market,Month-to-Month,Retail,Germany,Premium,16,21.63,2,0.103,-11,1,13.7,9,1,259.56,6,High,0.0,P3
CUST-01073,Consumer,Month-to-Month,Direct Sales,India,Standard,6,36.4,3,0.827,-98,1,6.6,27,1,436.8,5,High,0.0,P3
CUST-01074,Consumer,12 Month,Online,UAE,Premium,12,35.55,1,0.358,-20,0,3.9,32,0,426.6,3,Medium,142.2,P3
CUST-01075,Consumer,Month-to-Month,Direct Sales,India,Basic,16,70.64,0,0.365,62,0,15.9,2,0,847.68,1,Low,94.19,P4
CUST-01076,Enterprise,24 Month,Retail,UK,Premium,63,91.61,1,0.348,-78,0,5.1,8,0,1099.32,3,Medium,366.44,P3
CUST-01077,Mid-Market,Month-to-Month,Online,US,Premium,69,20.62,3,0.624,-24,1,1.9,52,0,247.44,7,Critical,192.45,P3
CUST-01078,SMB,24 Month,Retail,UK,Standard,42,18.53,3,0.366,-61,0,15.8,12,0,222.36,2,Low,49.41,P4
CUST-01079,Enterprise,Month-to-Month,Partner,India,Standard,3,83.29,1,0.461,-32,1,1.6,37,1,999.48,6,High,0.0,P2
CUST-01080,Consumer,Month-to-Month,Online,UK,Premium,12,18.64,2,0.597,-56,0,5.9,31,0,223.68,4,Medium,99.41,P3
CUST-01081,Enterprise,12 Month,Direct Sales,India,Standard,51,64.02,2,0.861,38,1,12.8,1,0,768.24,2,Low,170.72,P4
CUST-01082,SMB,12 Month,Online,India,Premium,67,266.88,1,0.172,-26,0,2.4,56,0,3202.56,5,High,1779.2,P2
CUST-01083,Consumer,24 Month,Direct Sales,UK,Basic,37,49.55,0,0.587,69,0,22.6,18,0,594.6,0,Low,0.0,P4
CUST-01084,SMB,Month-to-Month,Direct Sales,US,Premium,15,62.16,4,0.429,-30,0,26.7,8,0,745.92,3,Medium,248.64,P3
CUST-01085,Consumer,Month-to-Month,Retail,UAE,Enterprise,3,33.48,4,0.436,-39,1,5.6,20,0,401.76,5,High,223.2,P3
CUST-01086,Consumer,24 Month,Online,UAE,Standard,36,50.63,2,0.697,-90,0,11.1,35,1,607.56,3,Medium,0.0,P3
CUST-01087,Consumer,24 Month,Online,UK,Enterprise,48,73.96,1,0.292,-31,1,6.2,13,0,887.52,5,High,493.07,P3
CUST-01088,Mid-Market,12 Month,Direct Sales,UK,Basic,25,36.37,2,0.416,4,0,7.2,12,0,436.44,0,Low,0.0,P4
CUST-01089,Consumer,24 Month,Direct Sales,Germany,Standard,37,65.72,0,0.484,86,1,4.6,59,1,788.64,4,Medium,0.0,P3
CUST-01090,Mid-Market,24 Month,Partner,UK,Basic,58,30.19,2,0.719,-41,0,7.6,33,0,362.28,3,Medium,120.76,P3
CUST-01091,Enterprise,Month-to-Month,Retail,UAE,Standard,25,33.96,1,0.351,45,1,9.3,47,0,407.52,5,High,226.4,P3
CUST-01092,Consumer,24 Month,Online,UK,Standard,1,84.08,1,0.643,-15,0,13.9,50,0,1008.96,3,Medium,336.32,P3
CUST-01093,Consumer,12 Month,Partner,India,Premium,72,150.13,2,0.396,36,0,8.9,22,0,1801.56,0,Low,0.0,P4
CUST-01094,Consumer,Month-to-Month,Direct Sales,UAE,Standard,44,26.88,1,0.622,-71,1,0.8,37,0,322.56,6,High,215.04,P3
CUST-01095,Consumer,Month-to-Month,Online,UK,Premium,5,85.37,1,0.4,70,1,4.9,35,0,1024.44,5,High,569.13,P2
CUST-01096,Consumer,12 Month,Partner,UK,Basic,26,69.17,1,0.446,31,0,3.5,40,0,830.04,2,Low,184.45,P4
CUST-01097,SMB,Month-to-Month,Direct Sales,UK,Basic,65,98.04,4,0.827,4,0,15.2,41,0,1176.48,4,Medium,522.88,P2
CUST-01098,Mid-Market,12 Month,Online,UAE,Standard,21,100.47,2,0.217,-59,1,2.4,24,0,1205.64,5,High,669.8,P2
CUST-01099,Mid-Market,12 Month,Partner,UK,Premium,10,71.35,3,0.415,-29,0,5.6,46,0,856.2,4,Medium,380.53,P3
CUST-01100,Mid-Market,24 Month,Direct Sales,Germany,Premium,61,42.19,1,0.684,51,1,11.4,35,0,506.28,4,Medium,225.01,P3
CUST-01101,SMB,Month-to-Month,Online,India,Standard,48,30.29,2,0.278,82,0,24.1,42,0,363.48,5,High,201.93,P3
CUST-01102,Consumer,Month-to-Month,Direct Sales,US,Standard,46,63.32,3,0.256,40,0,9.9,49,0,759.84,6,High,506.56,P3
CUST-01103,SMB,24 Month,Online,India,Standard,32,38.37,5,0.422,-11,0,11.4,0,0,460.44,2,Low,102.32,P4
CUST-01104,Mid-Market,Month-to-Month,Online,US,Premium,25,33.68,2,0.735,30,0,9.0,29,0,404.16,1,Low,44.91,P4
CUST-01105,Enterprise,12 Month,Partner,India,Basic,11,80.04,1,0.403,79,0,10.8,36,0,960.48,2,Low,213.44,P4
CUST-01106,Consumer,12 Month,Retail,UAE,Premium,8,77.76,1,0.561,-26,0,1.8,54,0,933.12,3,Medium,311.04,P3
CUST-01107,Consumer,Month-to-Month,Direct Sales,India,Standard,47,141.49,0,0.821,-82,1,7.3,58,0,1697.88,6,High,1131.92,P1
CUST-01108,Mid-Market,24 Month,Retail,UK,Basic,27,52.99,1,0.645,95,1,14.9,54,0,635.88,4,Medium,282.61,P3
CUST-01109,SMB,Month-to-Month,Direct Sales,Germany,Basic,38,48.54,1,0.666,-41,0,14.9,43,1,582.48,4,Medium,0.0,P3
CUST-01110,Consumer,12 Month,Direct Sales,Germany,Basic,54,50.17,2,0.615,84,2,10.8,49,0,602.04,4,Medium,267.57,P3
CUST-01111,SMB,Month-to-Month,Partner,Germany,Basic,33,86.2,1,0.722,9,0,4.8,47,0,1034.4,3,Medium,344.8,P3
CUST-01112,SMB,12 Month,Retail,UK,Premium,24,38.75,1,0.706,-59,0,12.0,52,0,465.0,3,Medium,155.0,P3
CUST-01113,SMB,Month-to-Month,Retail,Germany,Standard,23,77.41,1,0.459,-48,0,7.0,5,0,928.92,2,Low,206.43,P4
CUST-01114,SMB,12 Month,Online,UK,Basic,24,67.6,2,0.446,-41,0,9.9,1,0,811.2,1,Low,90.13,P4
CUST-01115,SMB,Month-to-Month,Online,UAE,Premium,28,111.73,2,0.131,45,0,14.8,19,0,1340.76,3,Medium,446.92,P3
CUST-01116,Mid-Market,24 Month,Direct Sales,UK,Enterprise,15,38.63,1,0.154,62,0,11.1,39,0,463.56,4,Medium,206.03,P3
CUST-01117,Mid-Market,12 Month,Partner,India,Basic,44,32.34,5,0.799,-14,0,8.8,48,0,388.08,4,Medium,172.48,P3
CUST-01118,Consumer,Month-to-Month,Retail,India,Basic,43,45.35,1,0.718,22,1,3.0,9,0,544.2,3,Medium,181.4,P3
CUST-01119,Consumer,24 Month,Retail,US,Standard,30,50.76,2,0.197,70,0,2.1,52,0,609.12,4,Medium,270.72,P3
CUST-01120,Consumer,24 Month,Direct Sales,UAE,Basic,56,54.21,3,0.536,-4,1,5.0,50,0,650.52,6,High,433.68,P3
CUST-01121,Enterprise,24 Month,Direct Sales,India,Basic,19,38.29,4,0.775,-10,1,10.1,33,0,459.48,6,High,306.32,P3
CUST-01122,SMB,12 Month,Direct Sales,UAE,Premium,30,91.48,2,0.116,18,0,5.2,19,0,1097.76,2,Low,243.95,P4
CUST-01123,Consumer,24 Month,Retail,US,Standard,26,45.22,2,0.69,-70,1,9.2,1,0,542.64,3,Medium,180.88,P3
CUST-01124,Mid-Market,Month-to-Month,Direct Sales,UAE,Enterprise,9,51.5,0,0.945,-99,0,11.1,47,0,618.0,4,Medium,274.67,P3
CUST-01125,Consumer,24 Month,Retail,UK,Standard,48,105.13,3,0.237,-2,2,10.5,23,1,1261.56,6,High,0.0,P2
CUST-01126,Mid-Market,12 Month,Retail,India,Standard,16,42.56,1,0.829,9,0,4.8,15,0,510.72,0,Low,0.0,P4
CUST-01127,SMB,12 Month,Retail,US,Standard,42,66.14,4,0.424,23,0,4.5,2,0,793.68,1,Low,88.19,P4
CUST-01128,Mid-Market,24 Month,Partner,US,Enterprise,19,78.76,4,0.067,-27,1,1.7,52,0,945.12,8,Critical,840.11,P2
CUST-01129,Mid-Market,24 Month,Direct Sales,UK,Basic,12,85.5,1,0.661,84,0,1.8,47,1,1026.0,2,Low,0.0,P4
CUST-01130,Consumer,Month-to-Month,Retail,India,Standard,39,43.48,0,0.305,79,0,2.5,49,0,521.76,5,High,289.87,P3
CUST-01131,Consumer,24 Month,Retail,India,Premium,6,112.03,0,0.798,89,0,7.6,58,0,1344.36,2,Low,298.75,P4
CUST-01132,Mid-Market,24 Month,Retail,Germany,Standard,26,23.95,2,0.334,38,0,10.3,32,0,287.4,4,Medium,127.73,P3
CUST-01133,SMB,24 Month,Retail,India,Standard,8,38.24,5,0.514,81,0,3.2,52,1,458.88,3,Medium,0.0,P3
CUST-01134,Enterprise,Month-to-Month,Online,UAE,Premium,26,44.08,2,0.269,39,2,2.1,51,1,528.96,7,Critical,0.0,P3
CUST-01135,Consumer,12 Month,Online,UK,Standard,66,80.6,1,0.758,11,0,12.7,38,0,967.2,2,Low,214.93,P4
CUST-01136,Enterprise,Month-to-Month,Direct Sales,UAE,Basic,45,74.86,1,0.28,46,0,9.5,0,0,898.32,3,Medium,299.44,P3
CUST-01137,Consumer,12 Month,Direct Sales,India,Enterprise,58,82.93,2,0.667,-62,2,6.3,17,0,995.16,3,Medium,331.72,P3
CUST-01138,SMB,Month-to-Month,Direct Sales,Germany,Standard,24,12.55,2,0.964,89,0,13.3,42,0,150.6,3,Medium,50.2,P3
CUST-01139,Consumer,Month-to-Month,Partner,UAE,Standard,45,48.21,1,0.368,-74,0,9.0,1,0,578.52,2,Low,128.56,P4
CUST-01140,Consumer,Month-to-Month,Partner,UAE,Premium,12,40.67,0,0.42,63,1,2.1,43,1,488.04,5,High,0.0,P3
CUST-01141,SMB,Month-to-Month,Retail,US,Standard,54,58.86,3,0.673,28,1,10.6,22,0,706.32,4,Medium,313.92,P3
CUST-01142,Consumer,12 Month,Online,US,Standard,5,29.6,2,0.689,77,0,5.3,6,0,355.2,0,Low,0.0,P4
CUST-01143,SMB,Month-to-Month,Online,UK,Premium,4,31.29,0,0.502,59,0,7.6,42,0,375.48,3,Medium,125.16,P3
CUST-01144,Mid-Market,24 Month,Retail,US,Basic,3,65.01,3,0.827,11,0,14.7,56,0,780.12,3,Medium,260.04,P3
CUST-01145,Consumer,Month-to-Month,Direct Sales,UK,Premium,44,32.33,1,0.76,-55,0,7.3,59,1,387.96,4,Medium,0.0,P3
CUST-01146,SMB,Month-to-Month,Online,UK,Standard,10,51.69,2,0.689,-52,0,5.3,46,0,620.28,4,Medium,275.68,P3
CUST-01147,SMB,24 Month,Direct Sales,US,Standard,21,24.15,1,0.422,-15,1,11.2,9,0,289.8,3,Medium,96.6,P3
CUST-01148,Mid-Market,Month-to-Month,Online,India,Standard,42,37.45,1,0.267,-41,0,0.8,33,0,449.4,6,High,299.6,P3
CUST-01149,Enterprise,Month-to-Month,Online,Germany,Premium,15,22.87,3,0.606,54,1,6.4,12,0,274.44,4,Medium,121.97,P3
CUST-01150,Mid-Market,24 Month,Retail,UAE,Enterprise,25,67.84,2,0.437,7,0,2.9,53,0,814.08,2,Low,180.91,P4
CUST-01151,Consumer,12 Month,Online,US,Premium,40,67.57,1,0.528,-29,1,18.2,4,0,810.84,3,Medium,270.28,P3
CUST-01152,SMB,Month-to-Month,Partner,Germany,Standard,37,44.6,2,0.27,8,0,9.5,6,0,535.2,3,Medium,178.4,P3
CUST-01153,Consumer,12 Month,Direct Sales,UK,Basic,59,41.32,2,0.66,96,0,2.4,51,0,495.84,2,Low,110.19,P4
CUST-01154,Enterprise,Month-to-Month,Partner,UAE,Basic,21,27.26,1,0.661,52,0,10.0,32,0,327.12,3,Medium,109.04,P3
CUST-01155,Mid-Market,12 Month,Online,UAE,Premium,37,177.89,0,0.054,25,0,0.9,54,0,2134.68,4,Medium,948.75,P2
CUST-01156,Consumer,Month-to-Month,Online,UAE,Basic,65,65.55,5,0.924,25,0,8.2,54,0,786.6,4,Medium,349.6,P3
CUST-01157,SMB,12 Month,Online,UK,Basic,32,19.73,1,0.423,45,1,8.2,53,1,236.76,4,Medium,0.0,P3
CUST-01158,Mid-Market,24 Month,Direct Sales,UK,Premium,53,34.51,2,0.784,23,0,9.3,12,0,414.12,0,Low,0.0,P4
CUST-01159,Enterprise,Month-to-Month,Online,India,Standard,6,38.09,4,0.425,77,1,2.4,35,0,457.08,6,High,304.72,P3
CUST-01160,Enterprise,24 Month,Online,UAE,Enterprise,10,31.28,3,0.576,45,1,7.6,27,0,375.36,3,Medium,125.12,P3
CUST-01161,Mid-Market,Month-to-Month,Retail,Germany,Standard,18,17.33,2,0.207,27,0,0.8,32,0,207.96,5,High,115.53,P3
CUST-01162,Consumer,24 Month,Direct Sales,UK,Basic,20,76.13,3,0.77,-27,0,15.3,53,0,913.56,4,Medium,406.03,P2
CUST-01163,Consumer,24 Month,Direct Sales,US,Standard,9,43.92,2,0.843,-59,1,4.2,53,0,527.04,5,High,292.8,P3
CUST-01164,Consumer,Month-to-Month,Online,US,Premium,60,152.28,3,0.608,-8,0,5.6,48,0,1827.36,5,High,1015.2,P2
CUST-01165,Mid-Market,Month-to-Month,Retail,UK,Standard,58,63.82,5,0.548,-46,0,18.0,50,0,765.84,5,High,425.47,P3
CUST-01166,Mid-Market,Month-to-Month,Retail,UK,Basic,62,50.79,2,0.891,-20,0,4.4,28,0,609.48,2,Low,135.44,P4
CUST-01167,Enterprise,12 Month,Direct Sales,US,Basic,44,68.59,1,0.669,-18,0,7.8,28,1,823.08,1,Low,0.0,P4
CUST-01168,SMB,24 Month,Partner,UK,Premium,5,68.44,1,0.344,-26,0,4.9,58,1,821.28,5,High,0.0,P3
CUST-01169,SMB,24 Month,Direct Sales,India,Basic,65,74.73,2,0.536,-26,1,6.4,13,0,896.76,3,Medium,298.92,P3
CUST-01170,Mid-Market,24 Month,Online,Germany,Enterprise,28,33.57,0,0.481,-4,0,1.4,15,0,402.84,1,Low,44.76,P4
CUST-01171,Consumer,24 Month,Retail,UK,Basic,35,61.65,1,0.732,60,3,8.1,36,0,739.8,4,Medium,328.8,P3
CUST-01172,Mid-Market,Month-to-Month,Direct Sales,US,Basic,27,52.9,4,0.449,-24,0,5.7,8,0,634.8,3,Medium,211.6,P3
CUST-01173,Consumer,Month-to-Month,Partner,UAE,Premium,40,89.8,2,0.298,-82,0,9.4,22,0,1077.6,4,Medium,478.93,P2
CUST-01174,Consumer,Month-to-Month,Direct Sales,UAE,Premium,24,106.35,2,0.61,12,0,6.7,30,0,1276.2,1,Low,141.8,P4
CUST-01175,Consumer,24 Month,Direct Sales,US,Enterprise,7,37.24,1,0.281,83,0,9.5,40,1,446.88,4,Medium,0.0,P3
CUST-01176,SMB,24 Month,Direct Sales,US,Premium,67,33.87,0,0.52,30,0,5.8,16,0,406.44,0,Low,0.0,P4
CUST-01177,Mid-Market,24 Month,Direct Sales,US,Premium,16,61.52,0,0.102,-24,0,5.9,48,0,738.24,5,High,410.13,P3
CUST-01178,SMB,Month-to-Month,Online,Germany,Standard,20,45.52,2,0.087,68,0,2.6,2,0,546.24,3,Medium,182.08,P3
CUST-01179,Enterprise,24 Month,Direct Sales,UK,Basic,18,93.67,3,0.668,-43,1,0.8,51,0,1124.04,6,High,749.36,P2
CUST-01180,Consumer,24 Month,Online,UK,Basic,25,67.29,0,0.796,94,0,3.3,13,0,807.48,0,Low,0.0,P4
CUST-01181,Enterprise,Month-to-Month,Retail,US,Standard,20,49.8,2,0.806,-29,1,9.5,3,0,597.6,4,Medium,265.6,P3
CUST-01182,SMB,Month-to-Month,Online,UK,Enterprise,41,97.59,3,0.934,20,0,15.7,47,0,1171.08,4,Medium,520.48,P2
CUST-01183,Enterprise,12 Month,Direct Sales,UAE,Standard,64,31.14,0,0.242,-36,1,4.7,33,0,373.68,7,Critical,290.64,P3
CUST-01184,SMB,24 Month,Direct Sales,India,Standard,5,103.47,3,0.597,56,0,1.5,23,0,1241.64,1,Low,137.96,P4
CUST-01185,SMB,Month-to-Month,Retail,US,Standard,45,30.17,3,0.408,-22,1,9.6,10,0,362.04,5,High,201.13,P3
CUST-01186,Consumer,24 Month,Retail,UK,Premium,47,27.52,1,0.696,100,1,16.3,7,0,330.24,2,Low,73.39,P4
CUST-01187,SMB,Month-to-Month,Online,Germany,Standard,42,38.4,4,0.64,1,0,16.1,32,1,460.8,4,Medium,0.0,P3
CUST-01188,SMB,Month-to-Month,Direct Sales,UAE,Enterprise,59,57.87,2,0.203,45,0,4.4,11,0,694.44,3,Medium,231.48,P3
CUST-01189,Consumer,12 Month,Retail,Germany,Premium,9,70.03,0,0.549,69,0,3.0,53,1,840.36,2,Low,0.0,P4
CUST-01190,SMB,12 Month,Online,India,Standard,69,31.4,3,0.754,71,0,8.3,4,0,376.8,1,Low,41.87,P4
CUST-01191,Consumer,Month-to-Month,Online,UK,Standard,17,34.38,5,0.137,79,0,2.3,32,1,412.56,6,High,0.0,P3
CUST-01192,Mid-Market,Month-to-Month,Online,UK,Enterprise,56,49.48,4,0.703,83,1,11.7,34,0,593.76,6,High,395.84,P3
CUST-01193,Consumer,24 Month,Direct Sales,UAE,Standard,63,59.58,2,0.44,88,0,5.7,9,0,714.96,0,Low,0.0,P4
CUST-01194,Consumer,Month-to-Month,Partner,Germany,Basic,48,53.25,3,0.781,-92,0,0.4,7,0,639.0,3,Medium,213.0,P3
CUST-01195,Consumer,12 Month,Direct Sales,US,Basic,44,31.28,1,0.538,49,1,7.8,52,0,375.36,4,Medium,166.83,P3
CUST-01196,Mid-Market,12 Month,Online,UK,Standard,21,86.86,4,0.172,76,0,3.2,30,0,1042.32,3,Medium,347.44,P3
CUST-01197,Enterprise,Month-to-Month,Online,US,Premium,36,134.99,0,0.695,-36,1,6.0,10,0,1619.88,4,Medium,719.95,P2
CUST-01198,Consumer,24 Month,Direct Sales,UAE,Standard,38,40.13,2,0.345,75,2,6.2,31,0,481.56,6,High,321.04,P3
CUST-01199,Enterprise,Month-to-Month,Online,India,Premium,26,74.04,1,0.205,-49,0,1.6,1,0,888.48,4,Medium,394.88,P3
CUST-01200,Consumer,Month-to-Month,Online,US,Premium,9,96.65,2,0.266,-78,0,5.5,11,0,1159.8,4,Medium,515.47,P2
CUST-01201,Mid-Market,Month-to-Month,Direct Sales,US,Standard,28,49.56,1,0.174,43,2,3.5,55,1,594.72,7,Critical,0.0,P3
CUST-01202,Enterprise,12 Month,Retail,India,Standard,70,57.98,2,0.394,-79,1,18.6,37,0,695.76,5,High,386.53,P3
CUST-01203,Enterprise,Month-to-Month,Partner,UK,Standard,26,36.83,2,0.287,-100,0,16.7,49,1,441.96,6,High,0.0,P3
CUST-01204,SMB,12 Month,Online,UK,Premium,60,40.49,0,0.505,10,1,3.8,40,0,485.88,4,Medium,215.95,P3
CUST-01205,Consumer,Month-to-Month,Online,UK,Standard,30,30.01,2,0.265,-18,0,0.6,13,1,360.12,4,Medium,0.0,P3
CUST-01206,Enterprise,Month-to-Month,Partner,UK,Premium,60,71.38,0,0.512,70,0,3.0,4,0,856.56,1,Low,95.17,P4
CUST-01207,Mid-Market,Month-to-Month,Retail,UK,Basic,58,57.05,1,0.168,12,0,5.7,0,0,684.6,3,Medium,228.2,P3
CUST-01208,Consumer,12 Month,Online,UK,Basic,12,59.47,6,0.358,-67,0,3.4,22,1,713.64,2,Low,0.0,P4
CUST-01209,Consumer,24 Month,Direct Sales,India,Standard,35,115.58,2,0.494,32,0,12.0,42,0,1386.96,2,Low,308.21,P4
CUST-01210,Consumer,12 Month,Direct Sales,Germany,Enterprise,53,62.14,0,0.934,-57,0,9.2,4,0,745.68,1,Low,82.85,P4
CUST-01211,Mid-Market,24 Month,Retail,US,Premium,43,84.12,5,0.619,44,0,11.8,45,0,1009.44,3,Medium,336.48,P3
CUST-01212,Enterprise,Month-to-Month,Online,UK,Standard,39,19.88,1,0.579,40,2,7.6,1,0,238.56,3,Medium,79.52,P3
CUST-01213,Consumer,24 Month,Direct Sales,Germany,Basic,28,42.68,3,0.462,-51,0,5.2,49,1,512.16,4,Medium,0.0,P3
CUST-01214,SMB,Month-to-Month,Partner,India,Basic,47,20.94,2,0.921,91,0,6.3,44,0,251.28,3,Medium,83.76,P3
CUST-01215,Consumer,12 Month,Online,India,Basic,6,145.88,0,0.756,95,1,3.7,46,0,1750.56,4,Medium,778.03,P2
CUST-01216,Consumer,Month-to-Month,Direct Sales,UAE,Standard,18,197.59,1,0.946,-83,2,8.0,39,0,2371.08,6,High,1580.72,P1
CUST-01217,Consumer,Month-to-Month,Online,UK,Enterprise,20,160.16,1,0.758,-74,1,8.2,45,0,1921.92,6,High,1281.28,P1
CUST-01218,Enterprise,Month-to-Month,Online,India,Basic,22,64.01,2,0.444,-88,0,0.8,5,0,768.12,2,Low,170.69,P4
CUST-01219,Consumer,12 Month,Direct Sales,UAE,Premium,31,63.87,1,0.09,-16,0,5.2,17,0,766.44,3,Medium,255.48,P3
CUST-01220,Mid-Market,12 Month,Online,India,Basic,37,56.44,1,0.57,31,0,4.5,57,0,677.28,2,Low,150.51,P4
CUST-01221,Consumer,Month-to-Month,Direct Sales,Germany,Standard,28,121.11,1,0.435,23,0,1.5,59,1,1453.32,3,Medium,0.0,P3
CUST-01222,Mid-Market,Month-to-Month,Direct Sales,UK,Standard,69,121.54,0,0.846,100,0,6.6,10,0,1458.48,1,Low,162.05,P4
CUST-01223,Enterprise,24 Month,Direct Sales,Germany,Premium,22,129.24,4,0.526,-72,1,14.2,19,0,1550.88,4,Medium,689.28,P2
CUST-01224,Consumer,Month-to-Month,Online,Germany,Standard,58,68.08,0,0.723,-11,0,5.6,20,0,816.96,2,Low,181.55,P4
CUST-01225,Mid-Market,24 Month,Retail,UK,Standard,15,39.68,2,0.543,8,0,12.9,55,0,476.16,2,Low,105.81,P4
CUST-01226,Consumer,Month-to-Month,Direct Sales,UAE,Standard,52,70.64,1,0.298,27,0,3.1,0,0,847.68,3,Medium,282.56,P3
CUST-01227,Mid-Market,Month-to-Month,Retail,Germany,Premium,46,53.65,0,0.936,16,0,11.1,24,0,643.8,1,Low,71.53,P4
CUST-01228,Enterprise,Month-to-Month,Retail,Germany,Premium,1,85.91,1,0.368,43,0,14.8,1,0,1030.92,1,Low,114.55,P4
CUST-01229,SMB,24 Month,Partner,India,Enterprise,37,43.02,1,0.322,3,0,6.9,26,1,516.24,2,Low,0.0,P4
CUST-01230,SMB,Month-to-Month,Direct Sales,Germany,Standard,6,63.88,1,0.477,-32,0,14.4,14,0,766.56,2,Low,170.35,P4
CUST-01231,Mid-Market,12 Month,Retail,UK,Standard,24,74.21,6,0.371,-74,0,24.2,30,0,890.52,2,Low,197.89,P4
CUST-01232,Mid-Market,Month-to-Month,Partner,UK,Standard,9,153.63,3,0.632,-39,0,15.2,3,0,1843.56,3,Medium,614.52,P3
CUST-01233,Enterprise,Month-to-Month,Direct Sales,UAE,Premium,29,64.16,2,0.305,66,0,7.6,46,1,769.92,5,High,0.0,P3
CUST-01234,Mid-Market,12 Month,Direct Sales,UK,Standard,6,82.04,0,0.412,36,1,10.0,17,0,984.48,2,Low,218.77,P4
CUST-01235,Consumer,12 Month,Retail,Germany,Basic,28,68.03,1,0.442,65,0,8.5,6,0,816.36,0,Low,0.0,P4
CUST-01236,SMB,Month-to-Month,Online,US,Standard,47,77.94,1,0.214,19,0,14.5,1,0,935.28,3,Medium,311.76,P3
CUST-01237,Consumer,24 Month,Direct Sales,Germany,Standard,30,67.02,1,0.124,67,1,0.4,50,0,804.24,6,High,536.16,P3
CUST-01238,SMB,Month-to-Month,Online,UAE,Standard,37,51.2,3,0.404,50,0,7.0,21,0,614.4,2,Low,136.53,P4
CUST-01239,SMB,Month-to-Month,Online,UAE,Premium,31,53.89,3,0.445,-17,0,9.0,46,0,646.68,5,High,359.27,P3
CUST-01240,Mid-Market,Month-to-Month,Direct Sales,UK,Premium,14,86.99,3,0.596,-80,1,4.5,18,0,1043.88,5,High,579.93,P2
CUST-01241,Enterprise,Month-to-Month,Online,US,Standard,18,42.64,4,0.684,-39,0,2.8,27,0,511.68,3,Medium,170.56,P3
CUST-01242,Consumer,Month-to-Month,Retail,UAE,Premium,20,34.25,2,0.727,-40,0,1.2,12,0,411.0,2,Low,91.33,P4
CUST-01243,SMB,Month-to-Month,Direct Sales,UK,Enterprise,13,78.66,0,0.7,1,0,15.3,7,0,943.92,1,Low,104.88,P4
CUST-01244,Consumer,24 Month,Online,India,Premium,46,72.76,2,0.194,62,1,1.8,43,0,873.12,6,High,582.08,P3
CUST-01245,SMB,Month-to-Month,Retail,US,Basic,18,41.53,0,0.76,82,0,3.7,1,0,498.36,1,Low,55.37,P4
CUST-01246,Enterprise,24 Month,Partner,US,Standard,11,70.33,0,0.161,52,1,2.6,10,0,843.96,4,Medium,375.09,P3
CUST-01247,Mid-Market,Month-to-Month,Direct Sales,UK,Standard,22,69.67,2,0.299,64,0,4.8,11,0,836.04,3,Medium,278.68,P3
CUST-01248,Consumer,Month-to-Month,Retail,UAE,Standard,47,148.2,0,0.2,13,0,1.8,23,0,1778.4,3,Medium,592.8,P3
CUST-01249,SMB,24 Month,Direct Sales,UK,Premium,29,85.62,1,0.229,24,0,7.7,42,0,1027.44,4,Medium,456.64,P2
CUST-01250,SMB,Month-to-Month,Online,UAE,Premium,33,62.09,4,0.207,-77,0,0.7,14,0,745.08,5,High,413.93,P3
CUST-01251,Consumer,Month-to-Month,Online,UK,Premium,63,58.67,2,0.504,68,0,12.7,37,0,704.04,3,Medium,234.68,P3
CUST-01252,SMB,Month-to-Month,Online,US,Basic,65,55.32,1,0.941,-56,0,8.3,50,0,663.84,4,Medium,295.04,P3
CUST-01253,Enterprise,12 Month,Direct Sales,UK,Basic,27,46.64,5,0.403,-55,0,10.0,27,0,559.68,2,Low,124.37,P4
CUST-01254,Enterprise,Month-to-Month,Online,India,Standard,8,106.66,4,0.107,97,0,3.6,11,0,1279.92,4,Medium,568.85,P2
CUST-01255,Consumer,Month-to-Month,Online,India,Basic,44,33.67,2,0.67,-32,2,7.1,15,0,404.04,4,Medium,179.57,P3
CUST-01256,Consumer,12 Month,Retail,UK,Standard,64,29.37,2,0.093,-89,0,13.3,56,1,352.44,5,High,0.0,P3
CUST-01257,SMB,12 Month,Retail,US,Standard,15,86.06,2,0.15,-7,0,5.5,3,0,1032.72,3,Medium,344.24,P3
CUST-01258,SMB,Month-to-Month,Direct Sales,US,Premium,14,41.52,3,0.702,79,2,1.5,9,0,498.24,4,Medium,221.44,P3
CUST-01259,Consumer,24 Month,Partner,UAE,Standard,6,82.4,0,0.579,-23,0,14.9,50,0,988.8,3,Medium,329.6,P3
CUST-01260,Consumer,24 Month,Online,India,Standard,49,21.08,1,0.889,24,0,8.9,23,0,252.96,0,Low,0.0,P4
CUST-01261,Enterprise,Month-to-Month,Partner,India,Enterprise,51,59.73,3,0.613,70,1,2.9,9,0,716.76,4,Medium,318.56,P3
CUST-01262,Mid-Market,12 Month,Online,UK,Premium,60,21.44,0,0.653,90,0,7.0,19,0,257.28,0,Low,0.0,P4
CUST-01263,Mid-Market,Month-to-Month,Partner,UAE,Basic,13,45.38,1,0.536,-4,1,20.1,31,0,544.56,6,High,363.04,P3
CUST-01264,Mid-Market,24 Month,Direct Sales,India,Premium,28,29.71,2,0.15,-96,0,7.2,36,1,356.52,5,High,0.0,P3
CUST-01265,Enterprise,24 Month,Direct Sales,India,Standard,63,32.8,3,0.555,-64,0,8.1,32,0,393.6,4,Medium,174.93,P3
CUST-01266,SMB,Month-to-Month,Online,Germany,Basic,33,91.52,1,0.526,53,1,16.0,27,0,1098.24,3,Medium,366.08,P3
CUST-01267,Consumer,Month-to-Month,Direct Sales,UK,Premium,4,62.15,2,0.652,96,1,1.2,40,0,745.8,5,High,414.33,P3
CUST-01268,Mid-Market,Month-to-Month,Online,India,Standard,11,58.45,0,0.375,39,0,8.9,49,0,701.4,3,Medium,233.8,P3
CUST-01269,Consumer,12 Month,Online,India,Standard,10,58.49,0,0.937,4,0,17.7,11,0,701.88,0,Low,0.0,P4
CUST-01270,SMB,Month-to-Month,Direct Sales,US,Basic,8,28.41,3,0.607,-28,1,5.5,40,1,340.92,7,Critical,0.0,P3
CUST-01271,Mid-Market,12 Month,Direct Sales,UK,Premium,18,52.52,1,0.856,42,0,3.7,10,0,630.24,0,Low,0.0,P4
CUST-01272,SMB,12 Month,Online,UK,Standard,43,32.27,0,0.38,38,0,19.5,3,0,387.24,0,Low,0.0,P4
CUST-01273,Consumer,Month-to-Month,Retail,UAE,Standard,57,46.69,2,0.571,-3,0,19.7,58,1,560.28,4,Medium,0.0,P3
CUST-01274,Enterprise,Month-to-Month,Direct Sales,UK,Standard,46,77.64,1,0.703,30,1,14.2,10,0,931.68,3,Medium,310.56,P3
CUST-01275,Enterprise,Month-to-Month,Partner,UK,Premium,30,34.49,1,0.644,-19,0,5.9,33,0,413.88,4,Medium,183.95,P3
CUST-01276,Consumer,Month-to-Month,Online,India,Standard,6,94.16,2,0.484,42,0,2.0,57,1,1129.92,3,Medium,0.0,P3
CUST-01277,SMB,Month-to-Month,Direct Sales,UK,Standard,27,46.3,3,0.464,-61,1,5.7,3,0,555.6,5,High,308.67,P3
CUST-01278,SMB,Month-to-Month,Direct Sales,Germany,Basic,40,34.71,1,0.726,-37,1,10.5,37,0,416.52,6,High,277.68,P3
CUST-01279,Enterprise,12 Month,Retail,UK,Basic,29,102.41,3,0.355,-62,2,9.0,55,1,1228.92,6,High,0.0,P2
CUST-01280,Enterprise,Month-to-Month,Partner,India,Enterprise,31,19.95,2,0.465,30,2,11.7,21,0,239.4,3,Medium,79.8,P3
CUST-01281,SMB,12 Month,Online,Germany,Enterprise,60,38.29,3,0.915,55,1,3.1,11,0,459.48,3,Medium,153.16,P3
CUST-01282,Enterprise,12 Month,Online,US,Standard,18,103.03,1,0.2,58,1,8.0,50,0,1236.36,6,High,824.24,P2
CUST-01283,Mid-Market,24 Month,Direct Sales,Germany,Standard,42,58.4,2,0.826,-66,1,15.5,36,1,700.8,5,High,0.0,P3
CUST-01284,Consumer,12 Month,Online,India,Basic,52,104.03,0,0.541,-17,0,4.6,6,0,1248.36,1,Low,138.71,P4
CUST-01285,Mid-Market,12 Month,Retail,UK,Standard,22,33.45,1,0.169,-78,0,6.1,58,0,401.4,5,High,223.0,P3
CUST-01286,Enterprise,Month-to-Month,Online,India,Standard,29,44.66,1,0.799,79,0,3.2,56,0,535.92,3,Medium,178.64,P3
CUST-01287,Consumer,24 Month,Direct Sales,UK,Premium,23,26.98,1,0.799,54,1,1.8,43,0,323.76,4,Medium,143.89,P3
CUST-01288,Consumer,Month-to-Month,Direct Sales,India,Standard,34,30.07,3,0.696,-94,0,13.7,52,0,360.84,5,High,200.47,P3
CUST-01289,SMB,12 Month,Partner,UK,Basic,61,65.92,2,0.136,-56,0,3.3,53,1,791.04,5,High,0.0,P3
CUST-01290,SMB,24 Month,Online,UK,Enterprise,10,50.86,1,0.645,-72,0,2.2,27,1,610.32,1,Low,0.0,P4
CUST-01291,Enterprise,Month-to-Month,Retail,India,Basic,49,105.15,5,0.323,6,0,7.3,2,0,1261.8,4,Medium,560.8,P2
CUST-01292,SMB,Month-to-Month,Online,Germany,Standard,31,37.78,6,0.896,-24,1,1.3,39,1,453.36,7,Critical,0.0,P3
CUST-01293,Enterprise,Month-to-Month,Partner,US,Enterprise,18,54.31,3,0.38,1,0,14.3,7,0,651.72,2,Low,144.83,P4
CUST-01294,Consumer,Month-to-Month,Partner,US,Standard,25,35.41,3,0.317,-5,2,19.2,25,0,424.92,7,Critical,330.49,P3
CUST-01295,Consumer,Month-to-Month,Online,Germany,Standard,62,158.48,4,0.542,89,1,9.4,30,0,1901.76,4,Medium,845.23,P2
CUST-01296,Enterprise,Month-to-Month,Direct Sales,UK,Standard,50,26.33,2,0.6,44,1,0.9,45,1,315.96,5,High,0.0,P3
CUST-01297,SMB,Month-to-Month,Online,UAE,Premium,67,66.69,3,0.674,65,0,4.2,20,0,800.28,2,Low,177.84,P4
CUST-01298,SMB,Month-to-Month,Retail,Germany,Premium,11,55.02,0,0.724,-56,1,7.2,26,0,660.24,4,Medium,293.44,P3
CUST-01299,Enterprise,12 Month,Partner,Germany,Standard,43,73.74,0,0.838,84,0,2.1,35,0,884.88,2,Low,196.64,P4
CUST-01300,Mid-Market,24 Month,Direct Sales,UAE,Standard,9,28.99,0,0.839,-10,0,10.0,41,0,347.88,3,Medium,115.96,P3
CUST-01301,Enterprise,Month-to-Month,Online,UAE,Standard,44,83.42,1,0.88,-96,1,8.0,35,0,1001.04,6,High,667.36,P2
CUST-01302,Consumer,12 Month,Online,UAE,Standard,43,89.31,2,0.354,48,0,12.5,41,0,1071.72,2,Low,238.16,P4
CUST-01303,Consumer,12 Month,Online,India,Standard,54,95.05,3,0.493,76,1,4.0,15,0,1140.6,3,Medium,380.2,P3
CUST-01304,Consumer,Month-to-Month,Retail,US,Premium,6,193.53,2,0.205,-61,1,3.8,36,0,2322.36,8,Critical,2064.32,P1
CUST-01305,SMB,24 Month,Online,Germany,Enterprise,21,62.22,0,0.138,-77,1,5.3,42,1,746.64,7,Critical,0.0,P3
CUST-01306,Consumer,12 Month,Retail,India,Standard,13,65.9,3,0.381,-11,0,4.8,29,0,790.8,2,Low,175.73,P4
CUST-01307,Consumer,12 Month,Online,UK,Basic,18,27.97,4,0.557,18,1,5.7,43,0,335.64,5,High,186.47,P3
CUST-01308,Enterprise,12 Month,Retail,US,Basic,33,67.7,1,0.766,75,1,11.1,38,0,812.4,4,Medium,361.07,P3
CUST-01309,Consumer,Month-to-Month,Direct Sales,India,Basic,21,167.75,1,0.753,-68,0,12.0,14,0,2013.0,2,Low,447.33,P4
CUST-01310,Mid-Market,Month-to-Month,Direct Sales,UK,Premium,22,153.6,2,0.708,-6,0,3.5,12,0,1843.2,2,Low,409.6,P4
CUST-01311,Consumer,Month-to-Month,Direct Sales,India,Premium,56,59.43,2,0.563,-25,0,11.8,46,0,713.16,4,Medium,316.96,P3
CUST-01312,SMB,Month-to-Month,Online,UK,Enterprise,39,34.06,2,0.438,-97,1,5.1,58,1,408.72,6,High,0.0,P3
CUST-01313,SMB,24 Month,Direct Sales,UK,Premium,44,17.98,1,0.575,71,1,8.7,44,0,215.76,4,Medium,95.89,P3
CUST-01314,Mid-Market,12 Month,Online,UAE,Premium,12,15.01,1,0.71,98,0,1.2,47,0,180.12,2,Low,40.03,P4
CUST-01315,Consumer,Month-to-Month,Direct Sales,UK,Basic,40,71.17,1,0.46,67,1,7.2,50,1,854.04,5,High,0.0,P3
CUST-01316,Enterprise,24 Month,Direct Sales,India,Standard,25,59.66,1,0.409,-37,0,11.5,43,0,715.92,3,Medium,238.64,P3
CUST-01317,Consumer,12 Month,Direct Sales,India,Standard,58,31.14,1,0.293,-21,0,21.1,45,0,373.68,5,High,207.6,P3
CUST-01318,Mid-Market,12 Month,Online,UK,Basic,27,50.96,3,0.518,32,0,8.6,49,0,611.52,3,Medium,203.84,P3
CUST-01319,Enterprise,24 Month,Partner,US,Premium,29,67.57,5,0.497,-22,0,3.8,44,1,810.84,4,Medium,0.0,P3
CUST-01320,Enterprise,Month-to-Month,Direct Sales,Germany,Basic,37,29.4,1,0.321,-20,1,20.7,13,0,352.8,6,High,235.2,P3
CUST-01321,Consumer,Month-to-Month,Partner,UK,Premium,57,164.7,2,0.394,69,0,1.2,6,0,1976.4,1,Low,219.6,P4
CUST-01322,Consumer,12 Month,Direct Sales,US,Enterprise,53,21.52,1,0.718,-87,0,1.0,9,0,258.24,1,Low,28.69,P4
CUST-01323,SMB,Month-to-Month,Online,India,Standard,4,83.97,2,0.413,-98,1,17.2,50,1,1007.64,6,High,0.0,P2
CUST-01324,Consumer,12 Month,Direct Sales,UK,Premium,4,50.32,1,0.853,-34,0,14.5,3,0,603.84,1,Low,67.09,P4
CUST-01325,Mid-Market,12 Month,Partner,UAE,Standard,44,128.73,1,0.587,8,0,19.1,11,0,1544.76,0,Low,0.0,P4
CUST-01326,Consumer,Month-to-Month,Partner,India,Standard,50,24.78,0,0.332,-20,0,20.5,18,0,297.36,4,Medium,132.16,P3
CUST-01327,SMB,24 Month,Retail,India,Standard,31,24.19,3,0.195,40,0,18.0,49,0,290.28,5,High,161.27,P3
CUST-01328,Consumer,Month-to-Month,Online,UAE,Premium,28,101.59,3,0.565,-52,0,4.8,24,0,1219.08,3,Medium,406.36,P3
CUST-01329,SMB,12 Month,Direct Sales,UK,Standard,69,51.17,2,0.598,-6,0,13.2,46,0,614.04,3,Medium,204.68,P3
CUST-01330,Consumer,Month-to-Month,Partner,India,Premium,54,13.68,1,0.701,-41,1,0.5,30,0,164.16,4,Medium,72.96,P3
CUST-01331,Consumer,12 Month,Partner,Germany,Standard,29,37.82,0,0.577,-25,1,6.8,22,0,453.84,3,Medium,151.28,P3
CUST-01332,SMB,Month-to-Month,Direct Sales,India,Enterprise,19,49.7,2,0.421,-6,1,6.2,28,1,596.4,4,Medium,0.0,P3
CUST-01333,Consumer,12 Month,Retail,US,Enterprise,1,42.74,1,0.689,-58,0,5.3,4,0,512.88,1,Low,56.99,P4
CUST-01334,SMB,Month-to-Month,Retail,India,Enterprise,7,56.63,2,0.561,-66,0,5.9,54,1,679.56,4,Medium,0.0,P3
CUST-01335,Enterprise,Month-to-Month,Direct Sales,UK,Enterprise,64,26.61,1,0.389,-58,1,9.4,48,1,319.32,6,High,0.0,P3
CUST-01336,SMB,Month-to-Month,Online,US,Standard,34,120.14,1,0.858,96,1,6.6,47,0,1441.68,5,High,800.93,P2
CUST-01337,SMB,Month-to-Month,Online,US,Enterprise,7,99.91,2,0.706,30,0,4.0,11,0,1198.92,1,Low,133.21,P4
CUST-01338,Consumer,Month-to-Month,Online,US,Standard,4,97.05,0,0.733,-27,0,6.5,14,0,1164.6,2,Low,258.8,P4
CUST-01339,Enterprise,24 Month,Online,UK,Basic,37,22.62,0,0.209,-54,2,2.0,13,0,271.44,5,High,150.8,P3
CUST-01340,Consumer,12 Month,Online,US,Premium,1,83.47,1,0.889,-29,0,1.6,2,0,1001.64,1,Low,111.29,P4
CUST-01341,SMB,Month-to-Month,Online,India,Enterprise,64,50.67,1,0.588,-53,1,5.2,48,0,608.04,6,High,405.36,P3
CUST-01342,Consumer,12 Month,Online,US,Premium,14,15.55,0,0.7,-47,1,7.1,46,0,186.6,5,High,103.67,P3
CUST-01343,Enterprise,12 Month,Direct Sales,UK,Enterprise,39,129.52,3,0.624,1,1,1.0,12,0,1554.24,3,Medium,518.08,P3
CUST-01344,Enterprise,24 Month,Direct Sales,UAE,Enterprise,35,67.52,1,0.694,100,0,2.5,25,0,810.24,0,Low,0.0,P4
CUST-01345,Consumer,12 Month,Retail,India,Enterprise,21,193.27,3,0.583,39,0,2.8,7,0,2319.24,1,Low,257.69,P4
CUST-01346,Consumer,12 Month,Direct Sales,UAE,Standard,53,39.29,3,0.767,-90,0,15.1,2,0,471.48,2,Low,104.77,P4
CUST-01347,Consumer,12 Month,Retail,India,Basic,25,68.6,2,0.537,-54,0,20.7,15,0,823.2,1,Low,91.47,P4
CUST-01348,SMB,12 Month,Online,UK,Basic,72,60.78,0,0.477,55,2,16.3,36,0,729.36,4,Medium,324.16,P3
CUST-01349,SMB,Month-to-Month,Retail,UK,Standard,17,58.03,1,0.348,-27,1,13.5,55,0,696.36,8,Critical,618.99,P3
CUST-01350,Mid-Market,Month-to-Month,Direct Sales,US,Standard,43,45.39,1,0.562,-75,0,14.0,41,0,544.68,4,Medium,242.08,P3
CUST-01351,Mid-Market,Month-to-Month,Retail,UK,Basic,38,55.48,1,0.559,31,0,6.9,9,0,665.76,1,Low,73.97,P4
CUST-01352,Mid-Market,Month-to-Month,Online,India,Premium,39,37.18,2,0.518,54,0,1.4,8,0,446.16,1,Low,49.57,P4
CUST-01353,SMB,Month-to-Month,Retail,UK,Standard,11,126.62,3,0.428,-6,0,4.9,52,0,1519.44,5,High,844.13,P2
CUST-01354,Enterprise,12 Month,Online,India,Standard,28,102.24,1,0.22,71,1,3.0,8,0,1226.88,4,Medium,545.28,P2
CUST-01355,Consumer,24 Month,Online,UK,Enterprise,35,65.15,3,0.43,-58,0,9.2,5,0,781.8,2,Low,173.73,P4
CUST-01356,Consumer,12 Month,Online,UAE,Basic,66,124.31,2,0.114,-58,1,8.8,57,1,1491.72,7,Critical,0.0,P2
CUST-01357,Mid-Market,24 Month,Partner,US,Standard,19,97.64,1,0.782,19,1,3.9,47,0,1171.68,4,Medium,520.75,P2
CUST-01358,Mid-Market,24 Month,Partner,UK,Basic,8,50.19,0,0.692,46,0,11.2,31,1,602.28,2,Low,0.0,P4
CUST-01359,SMB,24 Month,Online,India,Premium,28,76.02,3,0.351,93,0,25.0,13,0,912.24,1,Low,101.36,P4
CUST-01360,Mid-Market,12 Month,Direct Sales,UK,Basic,52,48.29,2,0.11,-27,0,24.9,30,0,579.48,3,Medium,193.16,P3
CUST-01361,SMB,12 Month,Direct Sales,Germany,Standard,14,246.08,2,0.576,75,1,6.5,20,0,2952.96,2,Low,656.21,P4
CUST-01362,Consumer,Month-to-Month,Retail,US,Standard,29,63.92,2,0.387,3,0,8.5,37,1,767.04,3,Medium,0.0,P3
CUST-01363,Enterprise,12 Month,Online,US,Standard,43,45.26,2,0.905,-66,1,3.6,18,0,543.12,3,Medium,181.04,P3
CUST-01364,Enterprise,12 Month,Direct Sales,UK,Premium,14,40.07,1,0.028,-93,1,11.7,37,0,480.84,7,Critical,373.99,P3
CUST-01365,SMB,12 Month,Direct Sales,India,Enterprise,16,42.72,2,0.693,29,0,3.5,5,0,512.64,0,Low,0.0,P4
CUST-01366,SMB,Month-to-Month,Direct Sales,UAE,Basic,32,54.74,2,0.27,-12,0,17.5,51,1,656.88,6,High,0.0,P3
CUST-01367,SMB,Month-to-Month,Direct Sales,India,Standard,57,29.01,1,0.105,-72,0,7.9,6,0,348.12,4,Medium,154.72,P3
CUST-01368,Enterprise,Month-to-Month,Retail,UK,Standard,13,213.06,1,0.82,-6,1,8.0,21,0,2556.72,4,Medium,1136.32,P2
CUST-01369,Mid-Market,Month-to-Month,Partner,US,Standard,39,50.38,3,0.681,-99,0,1.1,35,0,604.56,5,High,335.87,P3
CUST-01370,Consumer,12 Month,Online,UAE,Premium,52,55.05,2,0.631,19,0,7.5,51,0,660.6,2,Low,146.8,P4
CUST-01371,Mid-Market,Month-to-Month,Partner,UK,Premium,11,33.73,0,0.513,-33,0,2.8,41,1,404.76,4,Medium,0.0,P3
CUST-01372,Consumer,12 Month,Online,US,Standard,36,50.2,2,0.466,-89,2,0.5,31,0,602.4,5,High,334.67,P3
CUST-01373,SMB,Month-to-Month,Online,UAE,Enterprise,57,39.65,1,0.892,97,1,7.8,57,0,475.8,5,High,264.33,P3
CUST-01374,Consumer,12 Month,Direct Sales,UK,Premium,8,35.25,4,0.264,-6,2,6.6,37,0,423.0,8,Critical,376.0,P3
CUST-01375,SMB,12 Month,Partner,UK,Enterprise,25,111.28,2,0.547,87,1,7.2,28,0,1335.36,2,Low,296.75,P4
CUST-01376,Enterprise,Month-to-Month,Online,UK,Premium,21,76.35,2,0.351,-53,1,5.3,41,0,916.2,6,High,610.8,P2
CUST-01377,Mid-Market,12 Month,Direct Sales,UAE,Premium,65,65.57,1,0.917,-87,1,9.4,3,0,786.84,3,Medium,262.28,P3
CUST-01378,Enterprise,12 Month,Direct Sales,India,Standard,20,46.07,1,0.203,-98,0,4.8,24,0,552.84,3,Medium,184.28,P3
CUST-01379,SMB,Month-to-Month,Direct Sales,UK,Standard,66,57.08,2,0.686,62,0,9.3,28,0,684.96,1,Low,76.11,P4
CUST-01380,Mid-Market,12 Month,Direct Sales,UAE,Enterprise,67,42.64,2,0.749,76,0,8.1,31,0,511.68,2,Low,113.71,P4
CUST-01381,Mid-Market,24 Month,Retail,India,Premium,34,34.11,2,0.859,-88,0,11.6,7,0,409.32,1,Low,45.48,P4
CUST-01382,SMB,24 Month,Online,US,Premium,48,32.16,0,0.496,-49,0,7.7,42,0,385.92,3,Medium,128.64,P3
CUST-01383,SMB,12 Month,Online,US,Basic,39,74.67,1,0.6,69,0,1.5,20,1,896.04,0,Low,0.0,P4
CUST-01384,Mid-Market,Month-to-Month,Direct Sales,UK,Standard,2,130.62,4,0.586,83,0,5.8,39,0,1567.44,4,Medium,696.64,P2
CUST-01385,Mid-Market,Month-to-Month,Online,UAE,Basic,48,127.39,1,0.717,-71,0,1.5,44,1,1528.68,4,Medium,0.0,P2
CUST-01386,Consumer,12 Month,Retail,India,Standard,42,107.17,3,0.707,-74,2,7.4,1,0,1286.04,4,Medium,571.57,P2
CUST-01387,SMB,Month-to-Month,Online,UK,Premium,53,39.63,2,0.822,63,0,1.3,26,1,475.56,1,Low,0.0,P4
CUST-01388,Mid-Market,Month-to-Month,Direct Sales,UK,Basic,59,43.57,4,0.677,-46,0,7.3,12,0,522.84,3,Medium,174.28,P3
CUST-01389,Mid-Market,12 Month,Direct Sales,US,Premium,8,47.41,1,0.639,-81,0,7.6,55,1,568.92,3,Medium,0.0,P3
CUST-01390,Consumer,12 Month,Online,UAE,Standard,58,91.12,2,0.612,31,0,6.2,12,0,1093.44,0,Low,0.0,P4
CUST-01391,SMB,24 Month,Online,UK,Premium,56,27.18,1,0.382,77,2,2.7,33,0,326.16,4,Medium,144.96,P3
CUST-01392,SMB,Month-to-Month,Partner,UK,Basic,34,92.49,1,0.706,51,1,13.0,59,0,1109.88,5,High,616.6,P2
CUST-01393,SMB,24 Month,Online,India,Basic,51,50.06,3,0.218,-32,0,20.1,55,0,600.72,6,High,400.48,P3
CUST-01394,SMB,Month-to-Month,Direct Sales,UK,Premium,66,27.17,1,0.28,61,1,10.2,22,0,326.04,5,High,181.13,P3
CUST-01395,SMB,Month-to-Month,Direct Sales,UK,Premium,9,20.05,0,0.618,-96,1,9.3,24,0,240.6,4,Medium,106.93,P3
CUST-01396,Enterprise,Month-to-Month,Direct Sales,US,Basic,27,41.22,3,0.712,-94,0,16.1,5,0,494.64,3,Medium,164.88,P3
CUST-01397,SMB,12 Month,Online,India,Standard,65,21.53,2,0.495,79,0,1.5,60,0,258.36,2,Low,57.41,P4
CUST-01398,SMB,12 Month,Online,UK,Basic,16,76.64,2,0.786,28,0,1.8,36,0,919.68,2,Low,204.37,P4
CUST-01399,SMB,24 Month,Direct Sales,UAE,Standard,50,90.8,0,0.632,-52,0,24.5,57,1,1089.6,3,Medium,0.0,P3
CUST-01400,Consumer,Month-to-Month,Online,India,Basic,53,60.75,0,0.445,74,0,10.7,52,0,729.0,3,Medium,243.0,P3
CUST-01401,Mid-Market,Month-to-Month,Direct Sales,India,Standard,53,66.5,0,0.341,38,0,14.4,21,1,798.0,3,Medium,0.0,P3
CUST-01402,Consumer,Month-to-Month,Online,Germany,Enterprise,8,21.17,2,0.826,1,0,20.9,32,0,254.04,3,Medium,84.68,P3
CUST-01403,Consumer,Month-to-Month,Retail,US,Basic,13,107.35,3,0.245,70,0,5.6,20,0,1288.2,4,Medium,572.53,P2
CUST-01404,Consumer,Month-to-Month,Online,Germany,Enterprise,18,62.62,1,0.346,-94,0,2.8,15,0,751.44,4,Medium,333.97,P3
CUST-01405,Mid-Market,12 Month,Online,US,Enterprise,52,83.38,1,0.425,55,1,17.5,52,0,1000.56,4,Medium,444.69,P2
CUST-01406,Enterprise,12 Month,Direct Sales,Germany,Basic,43,42.99,1,0.432,80,0,0.7,48,1,515.88,2,Low,0.0,P4
CUST-01407,Enterprise,Month-to-Month,Direct Sales,UK,Enterprise,67,113.69,1,0.664,77,0,14.7,4,0,1364.28,1,Low,151.59,P4
CUST-01408,Enterprise,Month-to-Month,Partner,UK,Premium,11,70.87,3,0.64,17,0,3.9,37,0,850.44,4,Medium,377.97,P3
CUST-01409,Mid-Market,Month-to-Month,Retail,Germany,Basic,47,109.34,2,0.179,89,0,15.7,24,1,1312.08,3,Medium,0.0,P3
CUST-01410,Mid-Market,Month-to-Month,Retail,US,Enterprise,51,55.2,3,0.419,67,0,20.0,56,0,662.4,4,Medium,294.4,P3
CUST-01411,SMB,12 Month,Online,US,Enterprise,45,107.75,2,0.715,-7,0,5.6,51,1,1293.0,3,Medium,0.0,P3
CUST-01412,Consumer,12 Month,Online,UK,Premium,33,77.55,4,0.275,96,0,10.7,46,1,930.6,5,High,0.0,P2
CUST-01413,SMB,24 Month,Direct Sales,US,Premium,49,29.34,2,0.2,92,1,14.4,6,0,352.08,4,Medium,156.48,P3
CUST-01414,Enterprise,24 Month,Direct Sales,Germany,Standard,34,53.97,1,0.715,5,1,12.5,22,0,647.64,2,Low,143.92,P4
CUST-01415,SMB,Month-to-Month,Online,UAE,Standard,41,113.03,1,0.315,-54,2,5.2,13,0,1356.36,6,High,904.24,P2
CUST-01416,Consumer,Month-to-Month,Partner,Germany,Premium,63,53.54,0,0.423,-77,0,7.0,6,0,642.48,2,Low,142.77,P4
CUST-01417,Mid-Market,Month-to-Month,Retail,UK,Basic,4,84.54,0,0.807,46,1,2.4,23,0,1014.48,3,Medium,338.16,P3
CUST-01418,Mid-Market,12 Month,Direct Sales,US,Standard,10,59.33,1,0.709,35,0,2.0,9,0,711.96,0,Low,0.0,P4
CUST-01419,Consumer,12 Month,Partner,UAE,Premium,47,98.43,2,0.659,-7,0,1.8,43,0,1181.16,3,Medium,393.72,P3
CUST-01420,Enterprise,Month-to-Month,Online,UAE,Premium,24,33.62,1,0.663,37,0,9.5,28,0,403.44,1,Low,44.83,P4
CUST-01421,Consumer,12 Month,Direct Sales,Germany,Basic,23,44.47,1,0.116,-31,0,18.5,54,0,533.64,5,High,296.47,P3
CUST-01422,Enterprise,Month-to-Month,Direct Sales,UK,Standard,64,87.7,2,0.325,16,0,6.1,14,0,1052.4,3,Medium,350.8,P3
CUST-01423,Mid-Market,24 Month,Online,UK,Basic,29,137.87,1,0.6,-29,0,3.8,16,0,1654.44,1,Low,183.83,P4
CUST-01424,Consumer,Month-to-Month,Online,UK,Enterprise,20,125.16,1,0.891,-7,0,11.5,4,0,1501.92,2,Low,333.76,P4
CUST-01425,Mid-Market,Month-to-Month,Online,UK,Enterprise,20,46.77,1,0.49,33,1,6.3,31,0,561.24,5,High,311.8,P3
CUST-01426,Mid-Market,12 Month,Online,UK,Standard,43,71.99,0,0.742,33,0,1.6,27,0,863.88,0,Low,0.0,P4
CUST-01427,Mid-Market,12 Month,Direct Sales,UK,Premium,16,16.35,0,0.902,52,0,6.0,40,0,196.2,2,Low,43.6,P4
CUST-01428,Consumer,12 Month,Online,US,Premium,29,64.79,2,0.106,-28,0,1.4,59,1,777.48,5,High,0.0,P3
CUST-01429,Consumer,12 Month,Online,Germany,Standard,2,42.31,2,0.493,-70,1,3.1,35,0,507.72,5,High,282.07,P3
CUST-01430,Consumer,12 Month,Online,UK,Enterprise,44,55.9,2,0.629,-66,0,3.9,16,0,670.8,1,Low,74.53,P4
CUST-01431,Consumer,24 Month,Partner,US,Premium,62,43.59,3,0.045,-64,2,5.3,14,0,523.08,6,High,348.72,P3
CUST-01432,Consumer,12 Month,Direct Sales,India,Standard,49,35.06,3,0.6,50,1,14.1,54,0,420.72,5,High,233.73,P3
CUST-01433,Consumer,Month-to-Month,Retail,UK,Standard,33,78.33,1,0.187,16,1,3.6,16,0,939.96,5,High,522.2,P2
CUST-01434,SMB,12 Month,Partner,UAE,Basic,16,51.1,2,0.736,-47,1,3.3,36,0,613.2,5,High,340.67,P3
CUST-01435,Mid-Market,24 Month,Online,UAE,Premium,34,65.41,4,0.631,-32,1,6.8,32,0,784.92,6,High,523.28,P3
CUST-01436,Consumer,12 Month,Online,UK,Standard,28,49.1,2,0.693,4,0,5.3,11,0,589.2,0,Low,0.0,P4
CUST-01437,Consumer,12 Month,Online,India,Standard,67,184.3,1,0.217,32,0,4.3,11,0,2211.6,2,Low,491.47,P4
CUST-01438,Consumer,12 Month,Online,UAE,Premium,13,45.15,1,0.496,-98,1,5.5,7,0,541.8,3,Medium,180.6,P3
CUST-01439,Enterprise,24 Month,Online,US,Enterprise,50,122.89,0,0.243,68,1,7.5,35,0,1474.68,6,High,983.12,P2
CUST-01440,Consumer,12 Month,Retail,Germany,Standard,64,106.36,3,0.68,-74,0,14.4,53,0,1276.32,4,Medium,567.25,P2
CUST-01441,Enterprise,12 Month,Retail,India,Standard,47,103.89,0,0.415,-99,0,9.6,54,0,1246.68,3,Medium,415.56,P3
CUST-01442,Consumer,24 Month,Online,UK,Standard,6,80.99,1,0.27,-98,0,7.1,40,0,971.88,5,High,539.93,P2
CUST-01443,Mid-Market,24 Month,Online,US,Premium,3,24.45,2,0.346,-48,0,15.2,47,0,293.4,5,High,163.0,P3
CUST-01444,SMB,12 Month,Direct Sales,US,Basic,48,89.69,4,0.374,-78,1,2.8,4,0,1076.28,4,Medium,478.35,P2
CUST-01445,SMB,Month-to-Month,Retail,UK,Premium,35,20.09,1,0.306,90,1,16.2,32,0,241.08,7,Critical,187.51,P3
CUST-01446,SMB,24 Month,Online,UK,Premium,67,253.34,2,0.351,-29,0,15.1,43,1,3040.08,3,Medium,0.0,P3
CUST-01447,Consumer,12 Month,Retail,UK,Premium,40,28.18,3,0.626,51,0,7.3,41,0,338.16,3,Medium,112.72,P3
CUST-01448,Consumer,24 Month,Direct Sales,UK,Premium,38,40.22,2,0.642,-3,0,2.7,7,0,482.64,1,Low,53.63,P4
CUST-01449,Consumer,Month-to-Month,Direct Sales,UK,Standard,49,56.19,3,0.501,-15,0,1.8,49,1,674.28,5,High,0.0,P3
CUST-01450,SMB,Month-to-Month,Online,UK,Premium,16,63.08,0,0.653,6,0,6.3,6,0,756.96,1,Low,84.11,P4
CUST-01451,SMB,Month-to-Month,Online,Germany,Enterprise,30,60.31,5,0.151,-71,0,3.8,23,0,723.72,5,High,402.07,P3
CUST-01452,SMB,Month-to-Month,Retail,US,Standard,27,41.6,2,0.372,-31,0,8.8,16,0,499.2,2,Low,110.93,P4
CUST-01453,Mid-Market,12 Month,Direct Sales,US,Basic,53,56.14,0,0.713,-62,0,1.8,45,0,673.68,3,Medium,224.56,P3
CUST-01454,Consumer,24 Month,Direct Sales,US,Basic,38,26.02,2,0.857,90,0,11.8,16,0,312.24,0,Low,0.0,P4
CUST-01455,SMB,Month-to-Month,Online,India,Premium,72,63.02,0,0.634,21,1,9.2,7,0,756.24,3,Medium,252.08,P3
CUST-01456,SMB,12 Month,Direct Sales,UK,Enterprise,60,81.46,2,0.956,-89,0,10.5,3,0,977.52,1,Low,108.61,P4
CUST-01457,Mid-Market,12 Month,Online,Germany,Basic,4,58.97,1,0.305,87,0,2.1,57,0,707.64,4,Medium,314.51,P3
CUST-01458,Consumer,12 Month,Partner,UK,Standard,37,66.1,2,0.571,-63,0,18.5,39,0,793.2,3,Medium,264.4,P3
CUST-01459,Consumer,Month-to-Month,Retail,UK,Premium,41,57.01,3,0.364,-82,1,13.4,48,1,684.12,7,Critical,0.0,P3
CUST-01460,Consumer,Month-to-Month,Partner,UAE,Enterprise,66,42.34,2,0.891,-49,1,24.9,6,0,508.08,4,Medium,225.81,P3
CUST-01461,Enterprise,Month-to-Month,Retail,US,Premium,61,39.19,0,0.179,52,0,3.6,52,0,470.28,5,High,261.27,P3
CUST-01462,Enterprise,Month-to-Month,Online,UK,Enterprise,45,65.55,4,0.822,-33,1,14.0,59,0,786.6,7,Critical,611.8,P3
CUST-01463,Mid-Market,Month-to-Month,Partner,UK,Standard,63,11.76,2,0.194,83,0,3.1,15,0,141.12,3,Medium,47.04,P3
CUST-01464,SMB,24 Month,Direct Sales,US,Standard,65,45.34,3,0.363,83,0,11.7,17,0,544.08,1,Low,60.45,P4
CUST-01465,SMB,24 Month,Retail,US,Premium,67,38.6,2,0.95,26,1,2.1,43,0,463.2,4,Medium,205.87,P3
CUST-01466,Enterprise,Month-to-Month,Partner,UK,Standard,39,37.67,1,0.499,28,0,3.7,53,0,452.04,3,Medium,150.68,P3
CUST-01467,Mid-Market,Month-to-Month,Partner,UK,Enterprise,7,43.79,2,0.377,-67,0,13.7,43,0,525.48,4,Medium,233.55,P3
CUST-01468,SMB,12 Month,Direct Sales,UK,Premium,42,46.85,1,0.565,84,0,7.9,35,0,562.2,2,Low,124.93,P4
CUST-01469,SMB,24 Month,Online,India,Enterprise,58,32.96,1,0.79,-73,1,5.1,35,0,395.52,5,High,219.73,P3
CUST-01470,Consumer,12 Month,Retail,Germany,Standard,62,29.76,1,0.466,-21,1,10.8,23,0,357.12,3,Medium,119.04,P3
CUST-01471,SMB,12 Month,Retail,India,Standard,24,57.44,2,0.619,-67,1,8.8,37,0,689.28,5,High,382.93,P3
CUST-01472,Enterprise,12 Month,Retail,UAE,Standard,6,47.22,0,0.628,-79,0,9.3,2,0,566.64,1,Low,62.96,P4
CUST-01473,Enterprise,12 Month,Retail,UK,Premium,12,60.68,2,0.478,62,0,8.8,40,1,728.16,2,Low,0.0,P4
CUST-01474,Consumer,12 Month,Partner,Germany,Standard,48,23.47,4,0.452,53,0,4.5,17,0,281.64,1,Low,31.29,P4
CUST-01475,SMB,12 Month,Online,UAE,Enterprise,69,180.39,0,0.255,75,2,3.0,41,1,2164.68,6,High,0.0,P1
CUST-01476,SMB,Month-to-Month,Retail,US,Standard,19,56.4,3,0.166,97,0,2.7,40,0,676.8,6,High,451.2,P3
CUST-01477,Consumer,Month-to-Month,Partner,UK,Premium,42,45.12,1,0.487,-47,1,6.2,37,0,541.44,6,High,360.96,P3
CUST-01478,Mid-Market,12 Month,Direct Sales,UK,Enterprise,11,88.05,3,0.508,55,0,8.0,16,0,1056.6,1,Low,117.4,P4
CUST-01479,Consumer,Month-to-Month,Direct Sales,UK,Basic,3,19.12,3,0.773,0,0,5.9,7,1,229.44,2,Low,0.0,P4
CUST-01480,SMB,Month-to-Month,Online,US,Enterprise,6,184.01,2,0.714,4,1,5.0,26,1,2208.12,3,Medium,0.0,P3
CUST-01481,Consumer,Month-to-Month,Direct Sales,UK,Standard,26,38.47,1,0.194,39,0,3.6,7,0,461.64,3,Medium,153.88,P3
CUST-01482,Mid-Market,24 Month,Partner,US,Basic,69,37.24,3,0.358,-19,0,8.4,57,0,446.88,4,Medium,198.61,P3
CUST-01483,SMB,Month-to-Month,Online,UAE,Premium,14,41.1,3,0.774,-84,0,17.7,18,0,493.2,3,Medium,164.4,P3
CUST-01484,Enterprise,12 Month,Retail,UK,Basic,60,39.53,2,0.211,-73,0,6.5,12,0,474.36,3,Medium,158.12,P3
CUST-01485,SMB,Month-to-Month,Online,UAE,Standard,17,54.36,2,0.319,-93,1,7.6,55,0,652.32,8,Critical,579.84,P3
CUST-01486,Mid-Market,12 Month,Direct Sales,Germany,Basic,21,55.61,2,0.432,-100,0,1.2,24,1,667.32,1,Low,0.0,P4
CUST-01487,Enterprise,12 Month,Online,Germany,Standard,52,111.69,3,0.663,-87,0,3.7,46,0,1340.28,4,Medium,595.68,P2
CUST-01488,Consumer,24 Month,Online,Germany,Basic,53,53.0,2,0.946,-40,1,15.4,47,1,636.0,5,High,0.0,P3
CUST-01489,Mid-Market,12 Month,Direct Sales,UK,Premium,21,78.22,0,0.651,-70,0,7.3,9,0,938.64,1,Low,104.29,P4
CUST-01490,Consumer,12 Month,Partner,UK,Basic,28,66.94,1,0.604,6,0,19.1,20,0,803.28,0,Low,0.0,P4
CUST-01491,SMB,Month-to-Month,Partner,US,Standard,31,50.19,3,0.593,-43,0,4.7,18,0,602.28,3,Medium,200.76,P3
CUST-01492,Consumer,12 Month,Direct Sales,India,Basic,29,26.24,0,0.494,33,0,1.4,20,0,314.88,0,Low,0.0,P4
CUST-01493,Mid-Market,12 Month,Partner,UK,Premium,33,58.53,1,0.63,12,0,1.2,26,1,702.36,0,Low,0.0,P4
CUST-01494,Enterprise,Month-to-Month,Partner,UAE,Enterprise,69,45.18,2,0.871,42,0,1.9,22,0,542.16,1,Low,60.24,P4
CUST-01495,Consumer,Month-to-Month,Online,UAE,Premium,58,93.0,1,0.497,-52,0,6.6,46,0,1116.0,4,Medium,496.0,P2
CUST-01496,Mid-Market,Month-to-Month,Direct Sales,US,Standard,55,40.55,1,0.867,-100,0,3.0,32,0,486.6,4,Medium,216.27,P3
CUST-01497,SMB,Month-to-Month,Partner,UAE,Premium,64,118.6,0,0.904,63,1,2.5,37,0,1423.2,5,High,790.67,P2
CUST-01498,Mid-Market,Month-to-Month,Online,UK,Enterprise,15,33.03,1,0.599,31,0,2.8,27,0,396.36,1,Low,44.04,P4
CUST-01499,SMB,12 Month,Online,Germany,Basic,24,87.77,1,0.65,-98,0,3.8,42,0,1053.24,3,Medium,351.08,P3
CUST-01500,Consumer,12 Month,Direct Sales,UK,Standard,4,70.22,1,0.654,-8,1,2.8,44,0,842.64,5,High,468.13,P3
CUST-01501,Mid-Market,12 Month,Direct Sales,India,Basic,16,85.48,0,0.172,-9,0,4.2,40,0,1025.76,5,High,569.87,P2
CUST-01502,Consumer,12 Month,Online,US,Standard,41,51.93,2,0.601,76,1,5.2,13,0,623.16,2,Low,138.48,P4
CUST-01503,Enterprise,Month-to-Month,Online,India,Standard,50,34.94,1,0.532,-46,3,4.8,31,0,419.28,6,High,279.52,P3
CUST-01504,Consumer,12 Month,Direct Sales,India,Premium,12,47.29,0,0.697,-70,1,12.9,5,0,567.48,3,Medium,189.16,P3
CUST-01505,Mid-Market,24 Month,Direct Sales,US,Standard,10,35.35,2,0.563,17,0,2.1,18,0,424.2,0,Low,0.0,P4
CUST-01506,SMB,12 Month,Direct Sales,UAE,Enterprise,2,27.88,3,0.697,83,0,14.5,19,0,334.56,1,Low,37.17,P4
CUST-01507,Consumer,24 Month,Direct Sales,UK,Basic,35,19.3,0,0.662,-6,0,13.0,14,0,231.6,1,Low,25.73,P4
CUST-01508,SMB,Month-to-Month,Online,UAE,Basic,39,48.07,3,0.504,-28,0,12.4,28,0,576.84,3,Medium,192.28,P3
CUST-01509,Consumer,12 Month,Direct Sales,India,Standard,14,75.69,3,0.62,-56,1,5.9,7,0,908.28,4,Medium,403.68,P2
CUST-01510,Enterprise,Month-to-Month,Direct Sales,UAE,Standard,39,41.89,0,0.242,-83,0,6.4,14,0,502.68,4,Medium,223.41,P3
CUST-01511,SMB,24 Month,Online,UAE,Basic,26,160.35,4,0.964,-17,0,0.2,25,0,1924.2,2,Low,427.6,P4
CUST-01512,Mid-Market,12 Month,Retail,Germany,Standard,19,34.03,1,0.281,5,0,4.5,0,0,408.36,2,Low,90.75,P4
CUST-01513,Enterprise,12 Month,Retail,UK,Standard,9,43.4,0,0.215,61,0,10.6,56,0,520.8,4,Medium,231.47,P3
CUST-01514,Mid-Market,Month-to-Month,Online,UK,Standard,39,44.38,4,0.262,50,0,1.5,57,1,532.56,6,High,0.0,P3
CUST-01515,Mid-Market,Month-to-Month,Retail,US,Enterprise,69,49.72,1,0.485,-30,0,16.0,36,0,596.64,4,Medium,265.17,P3
CUST-01516,SMB,12 Month,Online,India,Basic,72,23.16,2,0.452,-38,0,5.5,3,0,277.92,1,Low,30.88,P4
CUST-01517,Consumer,24 Month,Direct Sales,Germany,Standard,10,61.43,2,0.326,-38,0,2.6,32,0,737.16,5,High,409.53,P3
CUST-01518,Enterprise,12 Month,Direct Sales,Germany,Standard,70,71.0,1,0.541,-91,2,17.6,46,1,852.0,5,High,0.0,P3
CUST-01519,SMB,24 Month,Direct Sales,UAE,Standard,40,37.1,2,0.537,-3,1,13.0,46,1,445.2,5,High,0.0,P3
CUST-01520,Consumer,12 Month,Retail,US,Basic,46,63.48,2,0.936,-72,0,7.9,35,0,761.76,3,Medium,253.92,P3
CUST-01521,Consumer,12 Month,Online,UK,Premium,30,59.03,3,0.269,55,0,2.8,30,0,708.36,3,Medium,236.12,P3
CUST-01522,Enterprise,24 Month,Direct Sales,US,Standard,25,97.91,2,0.513,-26,0,4.3,22,0,1174.92,1,Low,130.55,P4
CUST-01523,Mid-Market,Month-to-Month,Online,US,Basic,58,31.18,0,0.659,2,0,2.0,48,0,374.16,3,Medium,124.72,P3
CUST-01524,Consumer,12 Month,Online,US,Standard,23,18.66,4,0.641,-70,0,4.1,54,0,223.92,4,Medium,99.52,P3
CUST-01525,Consumer,Month-to-Month,Online,US,Enterprise,47,32.81,2,0.881,-15,0,12.6,7,0,393.72,2,Low,87.49,P4
CUST-01526,Consumer,24 Month,Online,UK,Standard,59,64.17,2,0.12,-58,0,11.0,47,0,770.04,5,High,427.8,P3
CUST-01527,SMB,Month-to-Month,Online,UK,Premium,43,77.99,3,0.49,-49,0,0.5,37,0,935.88,5,High,519.93,P2
CUST-01528,Mid-Market,12 Month,Online,UK,Premium,67,55.33,0,0.51,96,1,6.5,29,0,663.96,2,Low,147.55,P4
CUST-01529,SMB,Month-to-Month,Online,UK,Enterprise,1,60.09,6,0.528,-56,0,0.7,15,0,721.08,3,Medium,240.36,P3
CUST-01530,SMB,Month-to-Month,Direct Sales,UAE,Standard,15,158.75,2,0.553,-29,0,9.1,57,0,1905.0,4,Medium,846.67,P2
CUST-01531,Consumer,Month-to-Month,Online,UK,Basic,57,185.77,1,0.248,-57,1,0.8,6,0,2229.24,6,High,1486.16,P1
CUST-01532,Consumer,Month-to-Month,Partner,UK,Premium,65,46.79,1,0.531,-9,2,2.4,53,1,561.48,6,High,0.0,P3
CUST-01533,Mid-Market,24 Month,Partner,US,Basic,26,62.45,1,0.482,-93,0,11.7,39,0,749.4,3,Medium,249.8,P3
CUST-01534,SMB,24 Month,Online,UK,Basic,27,53.72,1,0.518,-98,0,10.7,8,0,644.64,1,Low,71.63,P4
CUST-01535,Consumer,Month-to-Month,Online,UK,Premium,63,52.02,4,0.926,87,0,23.6,39,0,624.24,4,Medium,277.44,P3
CUST-01536,Consumer,Month-to-Month,Online,UK,Enterprise,29,148.42,1,0.46,37,0,1.9,56,0,1781.04,3,Medium,593.68,P3
CUST-01537,Consumer,24 Month,Direct Sales,US,Basic,55,26.74,5,0.635,-94,1,5.7,33,0,320.88,6,High,213.92,P3
CUST-01538,Consumer,12 Month,Direct Sales,India,Premium,20,36.85,2,0.764,36,0,9.2,14,0,442.2,0,Low,0.0,P4
CUST-01539,SMB,12 Month,Direct Sales,UAE,Premium,9,102.36,2,0.718,-28,0,12.2,58,0,1228.32,3,Medium,409.44,P3
CUST-01540,Consumer,12 Month,Direct Sales,India,Standard,67,124.01,1,0.505,28,0,17.3,36,0,1488.12,2,Low,330.69,P4
CUST-01541,Consumer,Month-to-Month,Partner,UAE,Premium,30,60.78,2,0.423,67,0,10.4,52,0,729.36,3,Medium,243.12,P3
CUST-01542,Enterprise,Month-to-Month,Direct Sales,UAE,Basic,12,16.1,3,0.853,43,1,3.9,50,0,193.2,6,High,128.8,P3
CUST-01543,SMB,Month-to-Month,Online,UAE,Enterprise,7,46.16,1,0.914,28,0,2.9,9,1,553.92,1,Low,0.0,P4
CUST-01544,Consumer,Month-to-Month,Direct Sales,Germany,Standard,1,142.07,4,0.45,95,0,2.1,48,1,1704.84,4,Medium,0.0,P2
CUST-01545,SMB,Month-to-Month,Direct Sales,UK,Premium,50,52.85,1,0.177,78,0,9.1,15,0,634.2,3,Medium,211.4,P3
CUST-01546,Mid-Market,Month-to-Month,Partner,Germany,Standard,24,120.1,3,0.504,-2,0,6.3,44,0,1441.2,5,High,800.67,P2
CUST-01547,Consumer,24 Month,Online,US,Premium,72,114.42,2,0.462,-72,1,5.9,18,0,1373.04,3,Medium,457.68,P3
CUST-01548,Enterprise,Month-to-Month,Partner,Germany,Premium,20,80.84,2,0.177,16,0,3.1,37,0,970.08,5,High,538.93,P2
CUST-01549,SMB,24 Month,Direct Sales,UK,Standard,18,33.49,1,0.476,90,0,1.1,4,0,401.88,0,Low,0.0,P4
CUST-01550,Enterprise,Month-to-Month,Direct Sales,UK,Premium,5,51.49,3,0.501,-35,0,1.5,38,0,617.88,5,High,343.27,P3
CUST-01551,Mid-Market,Month-to-Month,Retail,India,Basic,21,24.23,0,0.691,-99,1,8.0,18,0,290.76,4,Medium,129.23,P3
CUST-01552,SMB,12 Month,Online,UK,Premium,21,85.32,2,0.794,43,0,11.9,59,0,1023.84,2,Low,227.52,P4
CUST-01553,Consumer,24 Month,Retail,UK,Standard,45,163.57,2,0.505,-33,0,4.9,1,0,1962.84,1,Low,218.09,P4
CUST-01554,SMB,Month-to-Month,Retail,Germany,Enterprise,41,77.29,2,0.62,28,0,5.0,3,0,927.48,1,Low,103.05,P4
CUST-01555,Consumer,24 Month,Retail,US,Basic,66,83.53,1,0.933,27,0,10.9,57,0,1002.36,2,Low,222.75,P4
CUST-01556,Consumer,Month-to-Month,Retail,US,Premium,24,42.61,0,0.526,44,0,4.0,32,0,511.32,3,Medium,170.44,P3
CUST-01557,SMB,Month-to-Month,Direct Sales,Germany,Basic,3,36.08,0,0.072,93,0,10.6,18,0,432.96,3,Medium,144.32,P3
CUST-01558,Consumer,12 Month,Retail,UK,Standard,34,18.45,1,0.708,92,0,7.7,2,0,221.4,0,Low,0.0,P4
CUST-01559,Mid-Market,12 Month,Online,Germany,Standard,54,110.73,3,0.655,-58,0,4.6,46,0,1328.76,4,Medium,590.56,P2
CUST-01560,Mid-Market,24 Month,Retail,UAE,Basic,31,35.67,2,0.453,34,0,6.1,0,0,428.04,0,Low,0.0,P4
CUST-01561,Consumer,12 Month,Online,Germany,Basic,69,73.86,1,0.447,-19,1,2.6,20,0,886.32,3,Medium,295.44,P3
CUST-01562,SMB,Month-to-Month,Online,UAE,Basic,64,127.32,2,0.452,-29,0,4.2,58,0,1527.84,4,Medium,679.04,P2
CUST-01563,SMB,12 Month,Online,US,Basic,15,58.31,0,0.502,16,0,1.6,51,0,699.72,2,Low,155.49,P4
CUST-01564,SMB,12 Month,Partner,UK,Premium,51,48.03,2,0.741,55,1,0.5,19,0,576.36,2,Low,128.08,P4
CUST-01565,SMB,24 Month,Retail,US,Standard,70,115.87,2,0.549,75,1,17.7,45,0,1390.44,4,Medium,617.97,P2
CUST-01566,SMB,24 Month,Retail,India,Premium,40,81.35,3,0.647,-86,1,2.5,56,0,976.2,6,High,650.8,P2
CUST-01567,Consumer,24 Month,Direct Sales,UK,Standard,24,47.48,2,0.546,9,0,1.1,50,0,569.76,2,Low,126.61,P4
CUST-01568,Consumer,Month-to-Month,Retail,US,Premium,2,37.04,2,0.705,-28,0,19.0,20,0,444.48,2,Low,98.77,P4
CUST-01569,Consumer,Month-to-Month,Online,UAE,Basic,24,84.57,4,0.417,-42,0,15.2,16,0,1014.84,3,Medium,338.28,P3
CUST-01570,Enterprise,12 Month,Direct Sales,UK,Premium,40,52.71,2,0.901,86,0,3.2,11,0,632.52,0,Low,0.0,P4
CUST-01571,Consumer,Month-to-Month,Direct Sales,UK,Standard,19,60.68,2,0.392,-64,0,7.3,38,0,728.16,4,Medium,323.63,P3
CUST-01572,Consumer,Month-to-Month,Direct Sales,US,Standard,46,58.3,1,0.636,-18,0,10.2,32,0,699.6,4,Medium,310.93,P3
CUST-01573,SMB,Month-to-Month,Direct Sales,Germany,Standard,8,64.9,2,0.894,-24,0,5.2,17,0,778.8,2,Low,173.07,P4
CUST-01574,SMB,Month-to-Month,Retail,US,Premium,51,63.05,2,0.225,14,1,4.3,23,1,756.6,5,High,0.0,P3
CUST-01575,Consumer,12 Month,Partner,UK,Enterprise,49,14.05,1,0.596,-45,1,8.1,49,0,168.6,5,High,93.67,P3
CUST-01576,Consumer,Month-to-Month,Retail,Germany,Premium,13,54.47,1,0.378,-96,0,10.0,15,0,653.64,2,Low,145.25,P4
CUST-01577,Consumer,Month-to-Month,Online,India,Standard,43,100.29,2,0.427,32,0,2.9,37,0,1203.48,3,Medium,401.16,P3
CUST-01578,Enterprise,Month-to-Month,Retail,UK,Premium,66,43.45,3,0.843,-68,0,0.8,24,0,521.4,3,Medium,173.8,P3
CUST-01579,SMB,24 Month,Retail,US,Premium,24,150.63,3,0.704,86,0,2.2,5,0,1807.56,1,Low,200.84,P4
CUST-01580,Mid-Market,Month-to-Month,Online,UAE,Basic,14,32.77,2,0.241,-4,0,24.2,26,1,393.24,4,Medium,0.0,P3
CUST-01581,Enterprise,Month-to-Month,Direct Sales,Germany,Standard,27,52.25,1,0.135,-22,0,4.6,23,0,627.0,4,Medium,278.67,P3
CUST-01582,SMB,Month-to-Month,Partner,Germany,Enterprise,14,29.03,1,0.445,-44,1,13.3,23,0,348.36,4,Medium,154.83,P3
CUST-01583,Mid-Market,12 Month,Retail,India,Basic,62,50.35,3,0.227,-79,0,11.4,47,0,604.2,6,High,402.8,P3
CUST-01584,SMB,Month-to-Month,Partner,Germany,Standard,3,67.08,0,0.672,6,0,8.2,22,0,804.96,1,Low,89.44,P4
CUST-01585,SMB,12 Month,Partner,UAE,Premium,58,81.59,1,0.606,67,2,6.5,1,0,979.08,2,Low,217.57,P4
CUST-01586,Mid-Market,Month-to-Month,Online,US,Premium,43,92.94,3,0.904,63,1,10.5,36,0,1115.28,6,High,743.52,P2
CUST-01587,SMB,12 Month,Partner,US,Basic,71,71.39,2,0.531,-68,1,12.8,15,1,856.68,3,Medium,0.0,P3
CUST-01588,Consumer,Month-to-Month,Direct Sales,US,Standard,28,34.99,3,0.442,-79,0,8.6,19,0,419.88,3,Medium,139.96,P3
CUST-01589,SMB,Month-to-Month,Retail,Germany,Premium,72,60.86,0,0.315,-37,1,6.0,46,0,730.32,8,Critical,649.17,P3
CUST-01590,Mid-Market,24 Month,Online,US,Basic,67,46.17,1,0.44,-35,0,4.8,47,0,554.04,3,Medium,184.68,P3
CUST-01591,Consumer,24 Month,Partner,UK,Premium,53,72.67,3,0.778,-71,1,8.7,1,0,872.04,4,Medium,387.57,P3
CUST-01592,Consumer,12 Month,Retail,India,Standard,8,56.1,1,0.59,-15,0,4.8,30,0,673.2,1,Low,74.8,P4
CUST-01593,SMB,12 Month,Partner,UK,Premium,21,76.94,1,0.455,13,1,11.2,25,0,923.28,2,Low,205.17,P4
CUST-01594,Consumer,Month-to-Month,Direct Sales,India,Standard,32,62.52,0,0.427,-48,0,2.5,41,0,750.24,4,Medium,333.44,P3
CUST-01595,Consumer,Month-to-Month,Retail,UAE,Standard,22,42.25,1,0.377,100,0,3.2,6,0,507.0,1,Low,56.33,P4
CUST-01596,Consumer,Month-to-Month,Online,UK,Basic,37,316.63,1,0.755,-90,1,3.4,38,1,3799.56,6,High,0.0,P1
CUST-01597,Mid-Market,12 Month,Direct Sales,US,Premium,49,64.66,4,0.357,47,1,25.1,26,0,775.92,3,Medium,258.64,P3
CUST-01598,Consumer,Month-to-Month,Online,UAE,Premium,40,44.5,0,0.631,-79,1,11.2,36,0,534.0,6,High,356.0,P3
CUST-01599,SMB,Month-to-Month,Partner,UK,Basic,10,83.73,3,0.045,75,2,7.0,51,1,1004.76,8,Critical,0.0,P2
CUST-01600,Consumer,Month-to-Month,Online,UK,Basic,3,84.22,0,0.852,-45,0,2.2,12,0,1010.64,2,Low,224.59,P4
CUST-01601,Consumer,Month-to-Month,Partner,Germany,Premium,23,44.62,1,0.514,-82,1,18.3,18,0,535.44,4,Medium,237.97,P3
CUST-01602,Consumer,24 Month,Direct Sales,US,Standard,20,55.05,0,0.411,90,0,4.3,29,1,660.6,0,Low,0.0,P4
CUST-01603,SMB,24 Month,Direct Sales,UK,Basic,17,101.73,1,0.345,-99,1,9.2,7,1,1220.76,5,High,0.0,P2
CUST-01604,Consumer,Month-to-Month,Retail,UAE,Premium,37,114.84,1,0.435,-54,0,9.7,56,1,1378.08,4,Medium,0.0,P2
CUST-01605,Consumer,24 Month,Online,US,Standard,70,30.88,1,0.509,-40,0,2.2,0,0,370.56,1,Low,41.17,P4
CUST-01606,Consumer,12 Month,Online,UAE,Standard,47,51.93,2,0.041,36,0,12.2,10,0,623.16,2,Low,138.48,P4
CUST-01607,Consumer,Month-to-Month,Direct Sales,UAE,Basic,21,59.36,2,0.448,56,0,1.9,35,0,712.32,3,Medium,237.44,P3
CUST-01608,Consumer,12 Month,Partner,UAE,Enterprise,19,59.55,2,0.282,-49,0,2.9,0,0,714.6,3,Medium,238.2,P3
CUST-01609,SMB,12 Month,Retail,India,Basic,30,48.41,2,0.545,91,1,9.4,24,0,580.92,2,Low,129.09,P4
CUST-01610,Consumer,Month-to-Month,Retail,India,Enterprise,44,159.97,0,0.894,93,0,2.2,48,0,1919.64,3,Medium,639.88,P3
CUST-01611,Consumer,12 Month,Retail,UK,Standard,50,53.48,1,0.492,65,0,3.4,21,0,641.76,0,Low,0.0,P4
CUST-01612,Enterprise,Month-to-Month,Partner,UAE,Premium,52,31.55,2,0.687,78,1,3.0,20,0,378.6,3,Medium,126.2,P3
CUST-01613,Enterprise,Month-to-Month,Direct Sales,UK,Premium,48,40.3,1,0.489,-37,0,10.7,6,0,483.6,2,Low,107.47,P4
CUST-01614,Enterprise,24 Month,Retail,UK,Premium,61,85.17,0,0.608,-32,0,8.7,16,0,1022.04,1,Low,113.56,P4
CUST-01615,SMB,12 Month,Retail,UAE,Basic,50,30.02,0,0.915,57,0,5.0,40,0,360.24,2,Low,80.05,P4
CUST-01616,Consumer,Month-to-Month,Online,UK,Standard,55,53.44,1,0.376,-63,0,9.3,43,0,641.28,4,Medium,285.01,P3
CUST-01617,SMB,12 Month,Partner,UK,Enterprise,43,51.06,0,0.49,45,0,8.9,1,0,612.72,0,Low,0.0,P4
CUST-01618,Mid-Market,Month-to-Month,Direct Sales,Germany,Premium,56,51.07,3,0.524,9,0,10.8,5,0,612.84,2,Low,136.19,P4
CUST-01619,Consumer,12 Month,Online,US,Premium,18,44.27,1,0.3,-87,0,17.6,43,0,531.24,5,High,295.13,P3
CUST-01620,Mid-Market,12 Month,Partner,UK,Standard,5,29.58,1,0.569,-25,0,2.3,39,0,354.96,3,Medium,118.32,P3
CUST-01621,SMB,24 Month,Direct Sales,India,Enterprise,58,121.51,3,0.257,-77,0,10.6,12,0,1458.12,4,Medium,648.05,P2
CUST-01622,SMB,12 Month,Online,UAE,Enterprise,29,47.33,5,0.124,19,0,18.9,35,0,567.96,5,High,315.53,P3
CUST-01623,Consumer,24 Month,Partner,UK,Basic,49,62.1,0,0.59,-94,0,14.1,53,1,745.2,3,Medium,0.0,P3
CUST-01624,Consumer,12 Month,Direct Sales,UK,Standard,43,67.19,2,0.51,-2,0,3.8,27,0,806.28,1,Low,89.59,P4
CUST-01625,Consumer,Month-to-Month,Online,UAE,Standard,64,18.2,3,0.508,28,1,8.0,47,0,218.4,6,High,145.6,P3
CUST-01626,Mid-Market,12 Month,Online,US,Enterprise,18,48.88,4,0.361,92,1,2.8,47,1,586.56,5,High,0.0,P3
CUST-01627,Enterprise,Month-to-Month,Direct Sales,US,Standard,43,30.27,1,0.475,33,0,3.0,45,0,363.24,3,Medium,121.08,P3
CUST-01628,Enterprise,24 Month,Online,UK,Basic,57,61.11,3,0.598,-45,0,6.1,57,0,733.32,4,Medium,325.92,P3
CUST-01629,SMB,Month-to-Month,Retail,India,Standard,45,104.23,4,0.677,-61,0,12.0,39,0,1250.76,5,High,694.87,P2
CUST-01630,Enterprise,Month-to-Month,Retail,US,Premium,48,38.39,3,0.237,92,0,12.0,56,0,460.68,6,High,307.12,P3
CUST-01631,Consumer,12 Month,Online,US,Basic,11,19.8,1,0.502,19,1,12.5,14,0,237.6,2,Low,52.8,P4
CUST-01632,Enterprise,12 Month,Online,India,Standard,56,43.36,2,0.494,-26,1,14.0,48,0,520.32,5,High,289.07,P3
CUST-01633,Mid-Market,12 Month,Direct Sales,Germany,Basic,46,34.26,2,0.462,20,0,12.4,46,1,411.12,2,Low,0.0,P4
CUST-01634,Mid-Market,24 Month,Direct Sales,India,Standard,46,74.84,3,0.573,95,0,3.7,22,0,898.08,1,Low,99.79,P4
CUST-01635,SMB,24 Month,Online,UK,Standard,58,84.75,2,0.246,38,1,4.1,20,0,1017.0,4,Medium,452.0,P2
CUST-01636,SMB,24 Month,Partner,UK,Standard,35,31.67,0,0.263,-53,0,7.0,10,0,380.04,3,Medium,126.68,P3
CUST-01637,SMB,Month-to-Month,Partner,US,Standard,26,116.34,2,0.361,23,1,1.0,9,0,1396.08,3,Medium,465.36,P3
CUST-01638,SMB,12 Month,Direct Sales,UAE,Basic,4,44.84,4,0.579,-69,0,1.6,13,0,538.08,2,Low,119.57,P4
CUST-01639,Enterprise,12 Month,Retail,US,Standard,30,45.7,3,0.376,5,1,0.2,20,0,548.4,3,Medium,182.8,P3
CUST-01640,Consumer,Month-to-Month,Direct Sales,US,Basic,72,37.62,3,0.913,6,0,10.8,55,0,451.44,4,Medium,200.64,P3
CUST-01641,Consumer,Month-to-Month,Direct Sales,US,Standard,15,35.49,3,0.606,56,0,4.2,42,0,425.88,4,Medium,189.28,P3
CUST-01642,Mid-Market,24 Month,Partner,UK,Standard,23,59.46,1,0.742,93,1,1.6,38,0,713.52,4,Medium,317.12,P3
CUST-01643,SMB,12 Month,Partner,US,Premium,30,21.75,7,0.841,12,0,17.6,17,0,261.0,1,Low,29.0,P4
CUST-01644,Consumer,12 Month,Retail,India,Standard,63,76.88,0,0.172,-40,0,19.0,36,0,922.56,5,High,512.53,P2
CUST-01645,Enterprise,24 Month,Direct Sales,UAE,Standard,25,34.29,7,0.07,-60,0,14.3,43,0,411.48,6,High,274.32,P3
CUST-01646,Mid-Market,Month-to-Month,Partner,UAE,Standard,7,49.72,2,0.35,54,0,8.4,27,0,596.64,1,Low,66.29,P4
CUST-01647,Mid-Market,24 Month,Partner,UK,Basic,54,120.94,4,0.883,78,0,14.9,53,0,1451.28,3,Medium,483.76,P3
CUST-01648,SMB,12 Month,Online,US,Basic,54,56.77,2,0.439,11,0,0.8,34,1,681.24,2,Low,0.0,P4
CUST-01649,SMB,12 Month,Direct Sales,US,Premium,19,40.88,2,0.273,65,0,17.0,19,0,490.56,2,Low,109.01,P4
CUST-01650,Consumer,12 Month,Online,US,Standard,65,89.67,2,0.428,-35,0,11.4,51,1,1076.04,3,Medium,0.0,P3
CUST-01651,Consumer,Month-to-Month,Partner,US,Standard,36,40.64,0,0.528,70,1,3.0,18,0,487.68,3,Medium,162.56,P3
CUST-01652,Enterprise,12 Month,Online,UK,Basic,29,49.2,4,0.246,40,0,1.6,10,0,590.4,3,Medium,196.8,P3
CUST-01653,Consumer,Month-to-Month,Retail,Germany,Standard,72,80.48,2,0.623,63,0,0.5,6,0,965.76,1,Low,107.31,P4
CUST-01654,Mid-Market,12 Month,Online,UK,Standard,35,110.63,1,0.377,84,0,9.1,28,0,1327.56,0,Low,0.0,P4
CUST-01655,Consumer,Month-to-Month,Direct Sales,India,Basic,66,72.48,2,0.485,34,0,12.2,12,0,869.76,1,Low,96.64,P4
CUST-01656,Enterprise,12 Month,Online,UK,Basic,19,50.14,1,0.436,-51,0,2.5,25,0,601.68,1,Low,66.85,P4
CUST-01657,Enterprise,Month-to-Month,Online,India,Basic,18,59.95,1,0.254,16,0,1.7,10,0,719.4,3,Medium,239.8,P3
CUST-01658,Consumer,12 Month,Online,Germany,Standard,41,58.77,2,0.333,-53,0,7.6,18,0,705.24,3,Medium,235.08,P3
CUST-01659,Consumer,Month-to-Month,Online,UK,Premium,12,73.47,2,0.466,-74,0,2.7,12,0,881.64,2,Low,195.92,P4
CUST-01660,SMB,Month-to-Month,Partner,UK,Standard,23,30.35,4,0.357,89,0,17.9,29,0,364.2,2,Low,80.93,P4
CUST-01661,Consumer,Month-to-Month,Direct Sales,UAE,Premium,54,85.25,1,0.793,-96,1,8.8,36,0,1023.0,6,High,682.0,P2
CUST-01662,Consumer,12 Month,Retail,Germany,Basic,7,90.97,2,0.684,63,0,2.2,38,0,1091.64,2,Low,242.59,P4
CUST-01663,SMB,Month-to-Month,Online,India,Premium,59,73.54,3,0.235,46,1,3.5,41,0,882.48,8,Critical,784.43,P3
CUST-01664,Mid-Market,Month-to-Month,Partner,UK,Basic,21,55.82,3,0.336,-14,0,3.1,52,1,669.84,7,Critical,0.0,P3
CUST-01665,SMB,Month-to-Month,Online,US,Enterprise,17,126.42,3,0.676,85,2,5.1,36,0,1517.04,6,High,1011.36,P1
CUST-01666,Consumer,Month-to-Month,Partner,India,Premium,42,41.06,0,0.603,71,0,15.2,20,0,492.72,1,Low,54.75,P4
CUST-01667,Enterprise,Month-to-Month,Online,Germany,Basic,71,42.27,2,0.41,-90,0,4.2,44,1,507.24,4,Medium,0.0,P3
CUST-01668,Enterprise,Month-to-Month,Online,Germany,Basic,28,150.56,4,0.24,-10,0,4.5,58,0,1806.72,7,Critical,1405.23,P1
CUST-01669,Mid-Market,Month-to-Month,Retail,UAE,Basic,70,83.13,2,0.392,-11,0,5.5,47,0,997.56,4,Medium,443.36,P2
CUST-01670,SMB,24 Month,Online,US,Standard,52,53.37,1,0.203,88,0,2.4,4,0,640.44,2,Low,142.32,P4
CUST-01671,SMB,Month-to-Month,Direct Sales,UK,Premium,13,77.09,1,0.615,-36,1,6.7,20,1,925.08,4,Medium,0.0,P2
CUST-01672,Mid-Market,Month-to-Month,Online,India,Premium,49,47.14,0,0.838,-69,0,14.0,60,1,565.68,4,Medium,0.0,P3
CUST-01673,SMB,12 Month,Direct Sales,India,Basic,60,38.51,0,0.259,42,0,14.1,8,0,462.12,2,Low,102.69,P4
CUST-01674,Consumer,24 Month,Online,India,Basic,16,34.93,0,0.291,57,1,9.7,53,1,419.16,6,High,0.0,P3
CUST-01675,Mid-Market,24 Month,Retail,UK,Basic,54,56.28,4,0.311,59,1,3.2,37,1,675.36,7,Critical,0.0,P3
CUST-01676,SMB,Month-to-Month,Partner,UAE,Basic,29,36.93,3,0.57,-76,0,6.8,46,1,443.16,5,High,0.0,P3
CUST-01677,Mid-Market,Month-to-Month,Online,UK,Standard,62,220.59,0,0.574,32,1,5.8,21,1,2647.08,3,Medium,0.0,P3
CUST-01678,Consumer,Month-to-Month,Online,UK,Premium,38,67.5,3,0.487,71,1,14.5,16,0,810.0,4,Medium,360.0,P3
CUST-01679,SMB,12 Month,Direct Sales,US,Basic,33,73.22,0,0.219,-7,1,2.2,17,0,878.64,5,High,488.13,P3
CUST-01680,Enterprise,Month-to-Month,Online,UAE,Standard,39,167.49,1,0.721,-90,0,11.0,5,0,2009.88,2,Low,446.64,P4
CUST-01681,Mid-Market,Month-to-Month,Online,Germany,Enterprise,36,41.2,1,0.8,-98,0,8.3,49,0,494.4,4,Medium,219.73,P3
CUST-01682,Mid-Market,Month-to-Month,Direct Sales,India,Enterprise,5,33.26,0,0.35,-91,0,5.6,9,1,399.12,2,Low,0.0,P4
CUST-01683,Enterprise,12 Month,Direct Sales,US,Basic,19,83.59,1,0.161,29,0,9.8,54,0,1003.08,4,Medium,445.81,P2
CUST-01684,SMB,12 Month,Online,India,Enterprise,26,21.33,0,0.795,-94,0,14.7,12,0,255.96,1,Low,28.44,P4
CUST-01685,Consumer,Month-to-Month,Direct Sales,Germany,Premium,25,119.32,0,0.305,-15,0,14.9,32,0,1431.84,6,High,954.56,P2
CUST-01686,Consumer,Month-to-Month,Online,India,Premium,30,51.39,2,0.197,-30,0,9.2,13,0,616.68,4,Medium,274.08,P3
CUST-01687,Consumer,Month-to-Month,Online,UK,Standard,55,45.96,2,0.228,-4,0,1.7,56,0,551.52,6,High,367.68,P3
CUST-01688,SMB,Month-to-Month,Retail,UK,Standard,61,35.69,1,0.866,28,0,6.3,41,0,428.28,3,Medium,142.76,P3
CUST-01689,SMB,24 Month,Direct Sales,UK,Basic,66,66.09,1,0.462,-21,1,6.9,0,0,793.08,3,Medium,264.36,P3
CUST-01690,SMB,24 Month,Direct Sales,US,Enterprise,13,53.14,2,0.413,-31,0,4.4,19,0,637.68,1,Low,70.85,P4
CUST-01691,Consumer,Month-to-Month,Online,UK,Premium,41,67.56,2,0.237,-31,1,14.7,25,0,810.72,6,High,540.48,P3
CUST-01692,Enterprise,12 Month,Direct Sales,India,Premium,19,59.13,1,0.379,-8,1,10.6,49,0,709.56,5,High,394.2,P3
CUST-01693,Consumer,24 Month,Direct Sales,India,Premium,64,40.72,4,0.54,62,0,7.2,46,0,488.64,3,Medium,162.88,P3
CUST-01694,Mid-Market,12 Month,Partner,UK,Premium,33,60.11,5,0.091,-62,0,3.2,45,0,721.32,6,High,480.88,P3
CUST-01695,Consumer,Month-to-Month,Retail,UK,Enterprise,63,22.04,1,0.527,34,0,3.9,4,0,264.48,1,Low,29.39,P4
CUST-01696,Enterprise,24 Month,Online,India,Standard,17,73.34,1,0.556,95,0,15.4,4,0,880.08,0,Low,0.0,P4
CUST-01697,Mid-Market,Month-to-Month,Partner,US,Standard,31,31.47,2,0.422,-51,0,3.7,20,0,377.64,2,Low,83.92,P4
CUST-01698,SMB,24 Month,Direct Sales,UK,Standard,1,49.49,1,0.672,-59,0,0.9,33,0,593.88,3,Medium,197.96,P3
CUST-01699,Enterprise,12 Month,Retail,India,Enterprise,44,57.25,2,0.633,62,0,2.2,0,0,687.0,0,Low,0.0,P4
CUST-01700,Consumer,Month-to-Month,Online,UK,Standard,69,50.21,1,0.32,-56,1,4.8,2,0,602.52,6,High,401.68,P3
CUST-01701,SMB,Month-to-Month,Partner,India,Basic,30,24.54,1,0.675,28,0,6.1,50,0,294.48,3,Medium,98.16,P3
CUST-01702,Mid-Market,Month-to-Month,Partner,India,Basic,42,20.32,2,0.272,-97,0,5.2,5,1,243.84,4,Medium,0.0,P3
CUST-01703,Consumer,Month-to-Month,Online,UK,Standard,15,59.84,0,0.723,-96,0,4.9,36,0,718.08,4,Medium,319.15,P3
CUST-01704,Consumer,Month-to-Month,Retail,India,Premium,24,28.24,1,0.469,-81,0,9.4,33,0,338.88,4,Medium,150.61,P3
CUST-01705,SMB,Month-to-Month,Retail,UAE,Basic,2,81.99,1,0.253,3,0,27.0,59,1,983.88,5,High,0.0,P2
CUST-01706,Consumer,Month-to-Month,Online,UAE,Premium,59,83.16,1,0.193,50,0,1.7,43,0,997.92,5,High,554.4,P2
CUST-01707,Enterprise,12 Month,Online,UAE,Basic,51,118.71,1,0.439,-81,0,1.5,7,0,1424.52,1,Low,158.28,P4
CUST-01708,Consumer,12 Month,Partner,India,Enterprise,56,33.37,5,0.651,-60,0,3.0,41,0,400.44,4,Medium,177.97,P3
CUST-01709,SMB,24 Month,Direct Sales,UAE,Enterprise,31,18.67,1,0.318,81,0,9.6,46,0,224.04,4,Medium,99.57,P3
CUST-01710,Consumer,Month-to-Month,Direct Sales,India,Enterprise,68,60.08,2,0.669,27,0,5.3,24,0,720.96,1,Low,80.11,P4
CUST-01711,Mid-Market,12 Month,Direct Sales,US,Basic,62,111.67,0,0.762,-92,1,18.3,36,0,1340.04,5,High,744.47,P2
CUST-01712,Consumer,Month-to-Month,Online,Germany,Basic,51,24.16,5,0.161,23,0,6.1,5,0,289.92,4,Medium,128.85,P3
CUST-01713,SMB,Month-to-Month,Online,UK,Basic,72,64.35,0,0.502,-73,0,4.1,11,0,772.2,2,Low,171.6,P4
CUST-01714,Enterprise,Month-to-Month,Online,UK,Enterprise,3,24.54,1,0.155,76,0,4.4,17,0,294.48,3,Medium,98.16,P3
CUST-01715,SMB,12 Month,Partner,UK,Basic,21,51.0,1,0.472,-10,0,11.1,3,0,612.0,1,Low,68.0,P4
CUST-01716,Consumer,12 Month,Partner,US,Enterprise,46,61.14,1,0.343,-49,0,9.1,30,0,733.68,3,Medium,244.56,P3
CUST-01717,Consumer,24 Month,Partner,US,Enterprise,2,42.47,2,0.272,-34,1,11.3,11,1,509.64,5,High,0.0,P3
CUST-01718,Consumer,12 Month,Retail,US,Premium,49,25.58,0,0.294,-2,0,20.4,3,0,306.96,3,Medium,102.32,P3
CUST-01719,SMB,Month-to-Month,Direct Sales,US,Basic,18,164.08,1,0.649,-79,0,5.5,27,0,1968.96,2,Low,437.55,P4
CUST-01720,Enterprise,12 Month,Retail,UK,Basic,29,43.14,2,0.382,60,1,4.8,25,0,517.68,2,Low,115.04,P4
CUST-01721,Consumer,Month-to-Month,Retail,US,Enterprise,55,52.5,2,0.439,53,0,5.9,50,0,630.0,3,Medium,210.0,P3
CUST-01722,Consumer,24 Month,Online,UK,Premium,63,54.27,3,0.125,-95,1,3.7,5,0,651.24,6,High,434.16,P3
CUST-01723,Consumer,24 Month,Partner,UK,Basic,28,30.76,3,0.256,-8,0,23.4,48,0,369.12,6,High,246.08,P3
CUST-01724,Mid-Market,24 Month,Retail,US,Basic,54,118.67,0,0.299,-39,0,7.8,4,0,1424.04,3,Medium,474.68,P3
CUST-01725,Consumer,12 Month,Direct Sales,India,Basic,24,119.06,0,0.678,-38,0,0.4,58,1,1428.72,3,Medium,0.0,P3
CUST-01726,Consumer,Month-to-Month,Retail,UAE,Basic,37,66.87,5,0.58,26,2,16.4,36,1,802.44,6,High,0.0,P3
CUST-01727,Consumer,Month-to-Month,Direct Sales,UAE,Basic,59,37.14,1,0.71,6,0,4.0,19,0,445.68,1,Low,49.52,P4
CUST-01728,Consumer,Month-to-Month,Retail,UK,Enterprise,21,24.04,1,0.233,89,3,9.8,7,0,288.48,5,High,160.27,P3
CUST-01729,Mid-Market,12 Month,Partner,US,Standard,59,90.76,2,0.736,-79,1,1.1,24,0,1089.12,3,Medium,363.04,P3
CUST-01730,Enterprise,12 Month,Partner,UK,Premium,38,96.31,1,0.497,79,0,9.2,22,0,1155.72,0,Low,0.0,P4
CUST-01731,Consumer,Month-to-Month,Online,UK,Basic,6,36.6,4,0.556,-24,1,3.7,55,0,439.2,7,Critical,341.6,P3
CUST-01732,Enterprise,24 Month,Retail,UK,Premium,41,63.92,3,0.728,-85,0,2.1,13,0,767.04,2,Low,170.45,P4
CUST-01733,SMB,Month-to-Month,Online,India,Enterprise,25,124.43,2,0.893,-40,0,8.3,36,0,1493.16,4,Medium,663.63,P2
CUST-01734,Mid-Market,Month-to-Month,Direct Sales,Germany,Enterprise,52,78.38,1,0.727,25,0,1.5,49,0,940.56,3,Medium,313.52,P3
CUST-01735,Mid-Market,24 Month,Online,India,Basic,38,72.9,3,0.327,-9,0,6.5,12,0,874.8,4,Medium,388.8,P3
CUST-01736,Mid-Market,Month-to-Month,Direct Sales,UK,Basic,35,71.07,2,0.585,-39,0,10.6,10,0,852.84,2,Low,189.52,P4
CUST-01737,Consumer,Month-to-Month,Partner,UK,Standard,28,209.28,1,0.348,75,0,13.9,31,0,2511.36,5,High,1395.2,P2
CUST-01738,Mid-Market,24 Month,Partner,UK,Premium,51,116.49,2,0.786,-19,0,6.1,23,0,1397.88,1,Low,155.32,P4
CUST-01739,Enterprise,12 Month,Partner,UAE,Standard,52,103.99,1,0.131,64,0,9.8,5,0,1247.88,2,Low,277.31,P4
CUST-01740,Consumer,12 Month,Partner,Germany,Basic,56,75.09,5,0.739,61,0,6.0,40,0,901.08,3,Medium,300.36,P3
CUST-01741,SMB,12 Month,Direct Sales,UK,Premium,28,68.43,3,0.679,93,0,9.3,30,0,821.16,1,Low,91.24,P4
CUST-01742,SMB,12 Month,Direct Sales,US,Standard,45,62.82,3,0.517,-85,0,9.0,4,0,753.84,2,Low,167.52,P4
CUST-01743,Mid-Market,Month-to-Month,Direct Sales,UK,Standard,63,81.85,1,0.765,33,1,3.7,17,0,982.2,3,Medium,327.4,P3
CUST-01744,Enterprise,24 Month,Partner,US,Premium,35,79.48,3,0.473,-97,0,11.0,5,0,953.76,2,Low,211.95,P4
CUST-01745,SMB,12 Month,Retail,India,Premium,48,70.71,1,0.22,81,0,5.0,46,0,848.52,4,Medium,377.12,P3
CUST-01746,Enterprise,12 Month,Direct Sales,Germany,Standard,59,26.96,2,0.446,-31,0,12.9,31,0,323.52,3,Medium,107.84,P3
CUST-01747,Enterprise,24 Month,Online,Germany,Basic,30,40.77,3,0.73,-99,2,13.3,23,0,489.24,4,Medium,217.44,P3
CUST-01748,Mid-Market,Month-to-Month,Partner,Germany,Premium,13,58.02,1,0.095,29,2,1.4,38,0,696.24,7,Critical,541.52,P3
CUST-01749,Consumer,12 Month,Retail,US,Standard,15,47.88,3,0.865,-12,1,8.3,2,0,574.56,4,Medium,255.36,P3
CUST-01750,SMB,24 Month,Direct Sales,Germany,Enterprise,20,45.66,3,0.209,17,0,6.5,59,1,547.92,5,High,0.0,P3
CUST-01751,Consumer,Month-to-Month,Direct Sales,US,Standard,14,67.84,1,0.269,24,0,10.8,16,0,814.08,3,Medium,271.36,P3
CUST-01752,SMB,Month-to-Month,Online,US,Enterprise,61,132.18,1,0.194,67,1,3.0,28,0,1586.16,5,High,881.2,P2
CUST-01753,Mid-Market,Month-to-Month,Direct Sales,UK,Standard,18,89.63,4,0.443,-49,1,12.2,5,0,1075.56,5,High,597.53,P2
CUST-01754,Consumer,Month-to-Month,Direct Sales,UK,Enterprise,3,110.5,2,0.105,-70,0,17.5,22,1,1326.0,4,Medium,0.0,P2
CUST-01755,Mid-Market,Month-to-Month,Online,UK,Premium,72,37.42,0,0.483,-65,1,8.3,0,0,449.04,4,Medium,199.57,P3
CUST-01756,Enterprise,12 Month,Online,UK,Premium,26,159.41,3,0.453,19,1,12.6,39,0,1912.92,5,High,1062.73,P2
CUST-01757,Enterprise,12 Month,Direct Sales,Germany,Standard,43,63.23,3,0.331,31,1,10.8,51,0,758.76,7,Critical,590.15,P3
CUST-01758,Consumer,Month-to-Month,Online,US,Standard,31,73.7,0,0.527,82,0,0.8,38,0,884.4,3,Medium,294.8,P3
CUST-01759,Enterprise,12 Month,Online,Germany,Standard,72,87.61,2,0.28,59,0,3.4,56,0,1051.32,4,Medium,467.25,P2
CUST-01760,Consumer,Month-to-Month,Retail,Germany,Premium,4,10.9,2,0.846,80,0,3.5,33,0,130.8,3,Medium,43.6,P3
CUST-01761,SMB,12 Month,Retail,India,Premium,72,21.95,5,0.7,87,0,1.3,60,0,263.4,3,Medium,87.8,P3
CUST-01762,Consumer,Month-to-Month,Direct Sales,UK,Basic,8,18.26,0,0.235,85,0,6.9,35,1,219.12,5,High,0.0,P3
CUST-01763,Consumer,Month-to-Month,Retail,India,Basic,62,51.97,1,0.365,-49,3,0.8,54,1,623.64,6,High,0.0,P3
CUST-01764,Mid-Market,Month-to-Month,Online,US,Premium,29,80.03,4,0.492,-20,0,5.6,20,0,960.36,3,Medium,320.12,P3
CUST-01765,SMB,Month-to-Month,Online,India,Basic,1,22.79,1,0.715,-39,0,7.8,52,0,273.48,4,Medium,121.55,P3
CUST-01766,Enterprise,12 Month,Retail,India,Premium,29,32.98,1,0.536,-20,2,3.2,24,0,395.76,3,Medium,131.92,P3
CUST-01767,Consumer,12 Month,Retail,India,Standard,4,44.76,4,0.291,96,0,5.8,56,0,537.12,5,High,298.4,P3
CUST-01768,Enterprise,24 Month,Online,UK,Basic,17,52.92,0,0.575,-14,0,3.5,35,0,635.04,3,Medium,211.68,P3
CUST-01769,SMB,24 Month,Online,US,Premium,28,30.48,2,0.197,34,1,2.3,5,0,365.76,4,Medium,162.56,P3
CUST-01770,Enterprise,24 Month,Direct Sales,US,Standard,47,46.05,3,0.596,86,0,2.7,36,0,552.6,3,Medium,184.2,P3
CUST-01771,SMB,Month-to-Month,Online,Germany,Basic,13,24.63,3,0.317,13,0,10.5,53,1,295.56,6,High,0.0,P3
CUST-01772,SMB,Month-to-Month,Online,India,Basic,47,21.61,2,0.825,-52,0,1.9,31,1,259.32,4,Medium,0.0,P3
CUST-01773,SMB,12 Month,Online,India,Premium,72,51.82,3,0.478,66,0,13.1,18,1,621.84,1,Low,0.0,P4
CUST-01774,SMB,12 Month,Direct Sales,UAE,Premium,11,76.6,2,0.806,-90,0,1.5,18,0,919.2,1,Low,102.13,P4
CUST-01775,Consumer,12 Month,Retail,Germany,Standard,52,45.14,2,0.559,-52,1,17.9,15,0,541.68,3,Medium,180.56,P3
CUST-01776,Enterprise,Month-to-Month,Online,UK,Standard,66,71.05,3,0.739,18,0,24.6,9,0,852.6,2,Low,189.47,P4
CUST-01777,Consumer,Month-to-Month,Retail,UK,Enterprise,65,57.85,1,0.161,31,0,17.4,13,0,694.2,3,Medium,231.4,P3
CUST-01778,Enterprise,Month-to-Month,Direct Sales,US,Enterprise,70,126.0,0,0.674,50,0,9.0,52,1,1512.0,3,Medium,0.0,P3
CUST-01779,SMB,Month-to-Month,Retail,UAE,Basic,65,83.0,1,0.37,65,0,12.0,0,0,996.0,1,Low,110.67,P4
CUST-01780,Consumer,Month-to-Month,Direct Sales,Germany,Standard,44,94.65,0,0.697,-47,0,3.4,48,0,1135.8,4,Medium,504.8,P2
CUST-01781,Enterprise,12 Month,Direct Sales,US,Premium,38,66.78,3,0.095,50,0,9.6,45,0,801.36,5,High,445.2,P3
CUST-01782,Enterprise,Month-to-Month,Online,US,Standard,64,56.73,0,0.638,61,0,5.1,33,1,680.76,3,Medium,0.0,P3
CUST-01783,SMB,12 Month,Partner,US,Enterprise,20,79.18,0,0.73,-45,0,11.2,4,0,950.16,1,Low,105.57,P4
CUST-01784,Consumer,24 Month,Online,US,Standard,21,76.8,1,0.36,-94,0,11.8,60,0,921.6,3,Medium,307.2,P3
CUST-01785,Mid-Market,12 Month,Retail,India,Standard,38,116.2,3,0.617,42,1,4.2,37,0,1394.4,5,High,774.67,P2
CUST-01786,Consumer,Month-to-Month,Online,India,Standard,21,109.3,5,0.603,-52,0,3.7,27,0,1311.6,3,Medium,437.2,P3
CUST-01787,SMB,Month-to-Month,Retail,India,Premium,37,30.59,3,0.735,-4,0,2.7,43,0,367.08,5,High,203.93,P3
CUST-01788,Mid-Market,12 Month,Partner,US,Premium,69,36.94,1,0.495,26,0,15.9,53,0,443.28,2,Low,98.51,P4
CUST-01789,Consumer,Month-to-Month,Online,UK,Basic,8,30.63,1,0.557,89,1,5.7,12,1,367.56,3,Medium,0.0,P3
CUST-01790,Mid-Market,12 Month,Retail,UK,Premium,35,37.89,3,0.735,22,0,0.7,2,0,454.68,1,Low,50.52,P4
CUST-01791,SMB,12 Month,Retail,US,Premium,26,41.79,0,0.732,95,0,0.7,60,0,501.48,2,Low,111.44,P4
CUST-01792,Consumer,Month-to-Month,Direct Sales,UK,Basic,21,46.13,1,0.824,-10,0,2.1,5,0,553.56,2,Low,123.01,P4
CUST-01793,Mid-Market,24 Month,Direct Sales,UK,Premium,54,23.33,4,0.269,14,0,10.2,47,0,279.96,5,High,155.53,P3
CUST-01794,Consumer,24 Month,Direct Sales,US,Basic,65,54.73,3,0.713,-12,0,16.5,36,0,656.76,4,Medium,291.89,P3
CUST-01795,SMB,24 Month,Direct Sales,UK,Standard,13,143.54,2,0.678,70,0,6.9,26,1,1722.48,0,Low,0.0,P4
CUST-01796,Consumer,Month-to-Month,Retail,India,Basic,51,99.3,4,0.451,-71,3,8.3,54,1,1191.6,7,Critical,0.0,P2
CUST-01797,Mid-Market,12 Month,Direct Sales,UK,Standard,19,44.67,5,0.292,-83,1,7.6,22,0,536.04,6,High,357.36,P3
CUST-01798,Consumer,Month-to-Month,Direct Sales,US,Basic,71,83.47,2,0.674,-86,2,4.4,10,0,1001.64,4,Medium,445.17,P2
CUST-01799,Consumer,12 Month,Online,UAE,Standard,48,75.09,1,0.343,63,0,4.3,46,0,901.08,4,Medium,400.48,P2
CUST-01800,Enterprise,Month-to-Month,Online,UK,Enterprise,40,121.41,1,0.552,-20,0,3.2,23,0,1456.92,2,Low,323.76,P4
CUST-01801,Mid-Market,Month-to-Month,Online,UAE,Standard,7,34.37,1,0.799,78,0,3.1,29,0,412.44,1,Low,45.83,P4
CUST-01802,Consumer,Month-to-Month,Direct Sales,UK,Basic,6,75.18,4,0.323,-81,0,3.7,36,0,902.16,7,Critical,701.68,P2
CUST-01803,SMB,24 Month,Direct Sales,India,Standard,68,73.76,0,0.763,-100,0,18.7,24,0,885.12,1,Low,98.35,P4
CUST-01804,Consumer,24 Month,Retail,UK,Standard,38,49.84,0,0.36,-66,1,12.8,24,0,598.08,3,Medium,199.36,P3
CUST-01805,Mid-Market,24 Month,Partner,UAE,Premium,60,43.88,0,0.582,73,0,8.5,31,0,526.56,2,Low,117.01,P4
CUST-01806,SMB,12 Month,Online,UK,Premium,28,48.57,2,0.668,33,0,3.4,27,0,582.84,0,Low,0.0,P4
CUST-01807,Mid-Market,12 Month,Direct Sales,India,Standard,11,95.84,1,0.725,-27,1,1.4,17,0,1150.08,3,Medium,383.36,P3
CUST-01808,Consumer,12 Month,Direct Sales,Germany,Premium,5,80.47,3,0.779,-76,1,6.8,17,0,965.64,4,Medium,429.17,P2
CUST-01809,Consumer,Month-to-Month,Direct Sales,UAE,Standard,71,52.92,2,0.599,-38,1,5.7,9,0,635.04,4,Medium,282.24,P3
CUST-01810,Mid-Market,Month-to-Month,Direct Sales,UK,Basic,64,77.66,7,0.687,30,0,13.3,39,1,931.92,4,Medium,0.0,P2
CUST-01811,SMB,Month-to-Month,Partner,US,Enterprise,24,29.2,1,0.498,-19,0,3.1,29,0,350.4,2,Low,77.87,P4
CUST-01812,SMB,12 Month,Retail,UAE,Standard,12,59.62,2,0.398,48,0,2.5,20,0,715.44,0,Low,0.0,P4
CUST-01813,Mid-Market,24 Month,Online,India,Basic,70,49.51,4,0.125,83,0,7.9,8,0,594.12,3,Medium,198.04,P3
CUST-01814,SMB,Month-to-Month,Partner,Germany,Standard,28,66.21,0,0.565,11,0,19.8,1,0,794.52,1,Low,88.28,P4
CUST-01815,Mid-Market,Month-to-Month,Direct Sales,UAE,Basic,3,130.64,1,0.523,-1,0,2.9,11,0,1567.68,2,Low,348.37,P4
CUST-01816,Consumer,24 Month,Direct Sales,UK,Premium,37,22.28,2,0.886,19,1,1.8,35,0,267.36,4,Medium,118.83,P3
CUST-01817,Consumer,Month-to-Month,Retail,UK,Premium,17,52.4,3,0.649,-17,0,3.8,10,0,628.8,3,Medium,209.6,P3
CUST-01818,SMB,12 Month,Retail,US,Enterprise,2,29.97,2,0.874,93,0,6.0,29,0,359.64,0,Low,0.0,P4
CUST-01819,Mid-Market,24 Month,Partner,Germany,Standard,36,47.29,0,0.178,34,0,16.9,44,0,567.48,4,Medium,252.21,P3
CUST-01820,Consumer,12 Month,Retail,UK,Enterprise,49,120.03,2,0.511,38,1,19.4,43,0,1440.36,4,Medium,640.16,P2
CUST-01821,Enterprise,Month-to-Month,Online,Germany,Enterprise,55,45.13,3,0.428,-34,0,27.1,20,0,541.56,3,Medium,180.52,P3
CUST-01822,Consumer,Month-to-Month,Direct Sales,Germany,Standard,22,147.27,3,0.375,69,0,12.7,57,1,1767.24,4,Medium,0.0,P2
CUST-01823,Consumer,Month-to-Month,Direct Sales,UAE,Basic,34,60.15,3,0.382,-30,0,9.1,41,1,721.8,5,High,0.0,P3
CUST-01824,SMB,Month-to-Month,Online,UK,Premium,3,88.49,0,0.715,0,0,4.6,31,0,1061.88,3,Medium,353.96,P3
CUST-01825,SMB,Month-to-Month,Retail,India,Standard,56,65.33,2,0.499,48,0,8.1,38,1,783.96,3,Medium,0.0,P3
CUST-01826,Enterprise,12 Month,Direct Sales,Germany,Basic,21,189.86,3,0.542,-72,0,5.7,6,0,2278.32,2,Low,506.29,P4
CUST-01827,SMB,Month-to-Month,Direct Sales,UAE,Premium,7,39.74,1,0.75,-38,0,0.6,4,0,476.88,2,Low,105.97,P4
CUST-01828,Mid-Market,12 Month,Direct Sales,India,Premium,9,67.61,2,0.537,11,0,3.7,51,0,811.32,2,Low,180.29,P4
CUST-01829,Consumer,24 Month,Direct Sales,UK,Basic,10,26.77,3,0.625,-1,1,3.8,3,0,321.24,4,Medium,142.77,P3
CUST-01830,SMB,24 Month,Direct Sales,US,Enterprise,25,31.58,2,0.524,83,0,3.6,14,0,378.96,0,Low,0.0,P4
CUST-01831,Mid-Market,24 Month,Partner,India,Basic,44,16.55,0,0.241,26,0,12.2,49,0,198.6,4,Medium,88.27,P3
CUST-01832,Consumer,24 Month,Direct Sales,UK,Standard,66,105.8,2,0.692,-78,0,10.3,1,0,1269.6,1,Low,141.07,P4
CUST-01833,Mid-Market,Month-to-Month,Retail,US,Standard,17,39.34,1,0.786,63,2,18.9,27,1,472.08,3,Medium,0.0,P3
CUST-01834,Consumer,12 Month,Online,UAE,Basic,28,35.79,2,0.546,-28,1,10.4,6,0,429.48,3,Medium,143.16,P3
CUST-01835,Mid-Market,Month-to-Month,Retail,UAE,Premium,71,90.61,3,0.485,17,0,4.5,25,0,1087.32,2,Low,241.63,P4
CUST-01836,SMB,Month-to-Month,Partner,US,Premium,33,29.68,3,0.481,62,0,7.1,9,0,356.16,2,Low,79.15,P4
CUST-01837,Mid-Market,24 Month,Direct Sales,UK,Standard,16,47.08,2,0.6,-72,0,9.1,31,0,564.96,3,Medium,188.32,P3
CUST-01838,Mid-Market,24 Month,Online,India,Premium,34,47.46,0,0.561,58,0,2.7,56,0,569.52,2,Low,126.56,P4
CUST-01839,Consumer,12 Month,Online,UK,Standard,56,95.26,1,0.533,-64,0,12.1,18,0,1143.12,1,Low,127.01,P4
CUST-01840,SMB,12 Month,Online,UK,Premium,48,131.22,1,0.915,61,0,13.9,4,0,1574.64,0,Low,0.0,P4
CUST-01841,Consumer,Month-to-Month,Direct Sales,UAE,Enterprise,38,157.58,1,0.536,-92,1,1.0,39,0,1890.96,6,High,1260.64,P1
CUST-01842,Enterprise,Month-to-Month,Retail,India,Basic,32,65.54,1,0.395,-37,0,9.8,38,1,786.48,4,Medium,0.0,P3
CUST-01843,SMB,12 Month,Direct Sales,India,Enterprise,51,41.62,0,0.35,67,0,4.8,16,0,499.44,0,Low,0.0,P4
CUST-01844,SMB,Month-to-Month,Online,US,Standard,55,48.75,3,0.755,51,0,5.8,13,0,585.0,2,Low,130.0,P4
CUST-01845,Enterprise,12 Month,Online,UAE,Basic,53,154.81,0,0.796,-89,1,15.0,33,0,1857.72,5,High,1032.07,P2
CUST-01846,SMB,Month-to-Month,Online,Germany,Basic,25,22.02,2,0.433,-28,0,15.6,5,0,264.24,2,Low,58.72,P4
CUST-01847,Consumer,12 Month,Online,US,Basic,4,100.08,0,0.351,-35,0,8.6,47,0,1200.96,3,Medium,400.32,P3
CUST-01848,Mid-Market,Month-to-Month,Online,UAE,Basic,35,119.51,2,0.219,-69,0,1.8,18,1,1434.12,4,Medium,0.0,P2
CUST-01849,Enterprise,12 Month,Online,India,Standard,56,51.4,1,0.727,93,0,10.5,29,0,616.8,0,Low,0.0,P4
CUST-01850,Consumer,12 Month,Online,US,Basic,22,29.19,3,0.926,3,0,5.0,15,0,350.28,1,Low,38.92,P4
CUST-01851,SMB,24 Month,Direct Sales,UAE,Basic,62,80.81,1,0.526,-20,0,4.4,33,0,969.72,3,Medium,323.24,P3
CUST-01852,Enterprise,Month-to-Month,Partner,Germany,Premium,67,102.84,2,0.87,46,0,8.7,50,0,1234.08,3,Medium,411.36,P3
CUST-01853,SMB,Month-to-Month,Partner,Germany,Standard,66,120.6,3,0.806,59,0,13.2,44,0,1447.2,4,Medium,643.2,P2
CUST-01854,Consumer,Month-to-Month,Direct Sales,UAE,Standard,67,69.16,2,0.689,86,0,9.8,54,0,829.92,3,Medium,276.64,P3
CUST-01855,Mid-Market,24 Month,Direct Sales,UK,Enterprise,63,46.04,3,0.151,-91,0,13.8,43,0,552.48,6,High,368.32,P3
CUST-01856,Consumer,12 Month,Direct Sales,UAE,Premium,5,40.54,4,0.22,-45,0,19.5,0,0,486.48,4,Medium,216.21,P3
CUST-01857,Consumer,12 Month,Retail,US,Premium,35,40.66,2,0.119,12,0,14.2,44,1,487.92,4,Medium,0.0,P3
CUST-01858,Consumer,Month-to-Month,Retail,UAE,Enterprise,67,43.4,4,0.4,58,0,7.5,45,0,520.8,4,Medium,231.47,P3
CUST-01859,Consumer,24 Month,Online,Germany,Standard,16,57.76,2,0.967,50,2,4.9,6,0,693.12,2,Low,154.03,P4
CUST-01860,Enterprise,24 Month,Direct Sales,US,Standard,13,48.23,2,0.317,-89,0,2.6,15,0,578.76,3,Medium,192.92,P3
CUST-01861,Enterprise,12 Month,Retail,UK,Basic,3,26.96,3,0.249,-94,1,10.7,20,1,323.52,6,High,0.0,P3
CUST-01862,Consumer,12 Month,Online,UAE,Premium,71,103.1,0,0.611,-60,0,10.3,27,0,1237.2,1,Low,137.47,P4
CUST-01863,Mid-Market,Month-to-Month,Online,UAE,Premium,53,52.11,3,0.545,-54,0,27.2,19,0,625.32,3,Medium,208.44,P3
CUST-01864,Enterprise,Month-to-Month,Online,India,Premium,17,29.45,2,0.33,50,0,1.0,11,0,353.4,3,Medium,117.8,P3
CUST-01865,SMB,24 Month,Retail,India,Standard,58,87.28,6,0.55,8,0,5.7,33,0,1047.36,3,Medium,349.12,P3
CUST-01866,SMB,12 Month,Direct Sales,UK,Basic,52,40.42,3,0.485,7,2,8.9,7,0,485.04,3,Medium,161.68,P3
CUST-01867,Enterprise,24 Month,Partner,UK,Basic,9,43.83,0,0.703,-55,0,5.3,44,0,525.96,3,Medium,175.32,P3
CUST-01868,Consumer,24 Month,Direct Sales,UK,Premium,12,99.5,2,0.476,38,0,9.0,49,0,1194.0,2,Low,265.33,P4
CUST-01869,Mid-Market,Month-to-Month,Partner,US,Standard,43,69.34,3,0.354,31,0,0.7,4,0,832.08,2,Low,184.91,P4
CUST-01870,Mid-Market,12 Month,Online,US,Premium,32,89.0,2,0.395,70,0,7.1,0,0,1068.0,0,Low,0.0,P4
CUST-01871,Mid-Market,Month-to-Month,Partner,US,Standard,19,23.32,1,0.901,93,0,2.2,21,1,279.84,1,Low,0.0,P4
CUST-01872,Enterprise,Month-to-Month,Direct Sales,Germany,Standard,40,34.65,1,0.594,-42,1,1.6,17,0,415.8,4,Medium,184.8,P3
CUST-01873,Mid-Market,Month-to-Month,Online,UK,Standard,20,77.07,3,0.731,-100,1,8.3,1,0,924.84,5,High,513.8,P2
CUST-01874,Consumer,Month-to-Month,Direct Sales,India,Standard,34,71.91,1,0.357,-74,0,2.1,3,0,862.92,2,Low,191.76,P4
CUST-01875,SMB,24 Month,Online,India,Standard,50,48.19,0,0.606,26,0,12.5,48,0,578.28,2,Low,128.51,P4
CUST-01876,SMB,12 Month,Online,India,Basic,3,66.62,3,0.849,-62,1,2.9,24,1,799.44,4,Medium,0.0,P3
CUST-01877,Enterprise,24 Month,Direct Sales,India,Standard,48,64.73,3,0.715,12,0,4.6,18,0,776.76,1,Low,86.31,P4
CUST-01878,Consumer,24 Month,Retail,US,Basic,12,41.57,2,0.426,-49,1,8.9,16,0,498.84,3,Medium,166.28,P3
CUST-01879,Enterprise,24 Month,Retail,India,Basic,2,36.53,2,0.835,21,1,15.8,50,0,438.36,4,Medium,194.83,P3
CUST-01880,Enterprise,12 Month,Direct Sales,US,Enterprise,70,38.52,3,0.338,9,0,18.8,4,0,462.24,3,Medium,154.08,P3
CUST-01881,Consumer,12 Month,Online,India,Standard,19,104.84,2,0.591,-52,0,3.7,46,0,1258.08,3,Medium,419.36,P3
CUST-01882,Consumer,12 Month,Retail,US,Standard,48,92.93,1,0.481,-77,0,6.0,11,0,1115.16,1,Low,123.91,P4
CUST-01883,SMB,24 Month,Direct Sales,UK,Standard,4,89.06,2,0.599,11,1,0.8,7,0,1068.72,2,Low,237.49,P4
CUST-01884,Enterprise,24 Month,Retail,UK,Premium,68,15.14,1,0.428,-92,1,7.8,15,0,181.68,3,Medium,60.56,P3
CUST-01885,Consumer,12 Month,Retail,US,Enterprise,3,31.45,1,0.644,9,1,1.4,7,0,377.4,2,Low,83.87,P4
CUST-01886,SMB,12 Month,Direct Sales,Germany,Premium,8,22.98,0,0.559,-78,0,6.0,46,0,275.76,3,Medium,91.92,P3
CUST-01887,Enterprise,24 Month,Direct Sales,Germany,Basic,39,34.85,2,0.433,50,0,13.0,50,0,418.2,2,Low,92.93,P4
CUST-01888,SMB,12 Month,Online,UK,Standard,17,50.92,1,0.592,28,0,7.8,27,0,611.04,0,Low,0.0,P4
CUST-01889,Enterprise,24 Month,Direct Sales,UK,Enterprise,33,51.36,4,0.635,-41,0,3.8,35,1,616.32,4,Medium,0.0,P3
CUST-01890,Mid-Market,24 Month,Retail,Germany,Standard,7,122.91,0,0.385,45,1,1.9,42,1,1474.92,4,Medium,0.0,P2
CUST-01891,SMB,24 Month,Online,Germany,Enterprise,44,73.28,2,0.659,17,1,10.9,22,0,879.36,2,Low,195.41,P4
CUST-01892,Consumer,12 Month,Online,US,Standard,11,99.26,0,0.391,4,1,10.9,60,0,1191.12,4,Medium,529.39,P2
CUST-01893,Consumer,Month-to-Month,Retail,US,Enterprise,8,53.56,3,0.874,56,0,20.5,7,0,642.72,2,Low,142.83,P4
CUST-01894,Mid-Market,Month-to-Month,Online,Germany,Premium,15,107.55,1,0.558,-67,2,8.5,25,0,1290.6,4,Medium,573.6,P2
CUST-01895,SMB,24 Month,Retail,UAE,Standard,13,156.26,1,0.431,11,1,10.6,58,0,1875.12,4,Medium,833.39,P2
CUST-01896,Consumer,Month-to-Month,Direct Sales,US,Enterprise,12,37.59,0,0.179,-70,0,7.3,29,1,451.08,4,Medium,0.0,P3
CUST-01897,Consumer,Month-to-Month,Retail,India,Standard,4,41.93,1,0.452,74,0,0.8,2,1,503.16,1,Low,0.0,P4
CUST-01898,Consumer,Month-to-Month,Direct Sales,Germany,Standard,25,95.34,0,0.747,-24,0,3.8,56,0,1144.08,4,Medium,508.48,P2
CUST-01899,Consumer,12 Month,Direct Sales,India,Premium,67,69.42,2,0.132,-8,0,15.1,11,0,833.04,3,Medium,277.68,P3
CUST-01900,Consumer,12 Month,Retail,UK,Basic,1,73.82,1,0.918,7,0,3.4,37,0,885.84,2,Low,196.85,P4
CUST-01901,SMB,Month-to-Month,Partner,UK,Standard,42,62.18,3,0.432,37,0,12.6,19,0,746.16,2,Low,165.81,P4
CUST-01902,Enterprise,12 Month,Partner,UK,Standard,47,60.02,4,0.778,22,0,12.3,53,0,720.24,3,Medium,240.08,P3
CUST-01903,Mid-Market,Month-to-Month,Direct Sales,US,Enterprise,30,125.46,1,0.849,90,0,4.2,45,0,1505.52,3,Medium,501.84,P3
CUST-01904,Mid-Market,Month-to-Month,Online,UAE,Basic,57,133.56,1,0.495,-63,0,6.2,22,0,1602.72,2,Low,356.16,P4
CUST-01905,Consumer,Month-to-Month,Direct Sales,India,Standard,17,52.79,1,0.079,-65,0,3.1,41,0,633.48,6,High,422.32,P3
CUST-01906,Consumer,Month-to-Month,Online,UK,Standard,23,56.9,2,0.128,-84,1,2.5,18,1,682.8,6,High,0.0,P3
CUST-01907,Mid-Market,Month-to-Month,Direct Sales,India,Enterprise,28,58.69,2,0.174,-69,2,7.0,5,0,704.28,6,High,469.52,P3
CUST-01908,Consumer,12 Month,Partner,Germany,Enterprise,3,42.56,4,0.402,62,0,7.2,51,0,510.72,3,Medium,170.24,P3
CUST-01909,Mid-Market,24 Month,Online,India,Premium,66,57.24,3,0.288,-67,1,9.7,38,0,686.88,8,Critical,610.56,P3
CUST-01910,Consumer,12 Month,Direct Sales,US,Standard,33,49.59,1,0.571,-28,0,4.1,34,0,595.08,3,Medium,198.36,P3
CUST-01911,Consumer,24 Month,Online,UK,Basic,9,48.59,0,0.349,-63,0,5.7,6,0,583.08,3,Medium,194.36,P3
CUST-01912,Mid-Market,Month-to-Month,Direct Sales,US,Basic,31,30.91,4,0.336,-1,2,4.9,13,1,370.92,7,Critical,0.0,P3
CUST-01913,SMB,24 Month,Retail,UK,Premium,22,52.32,6,0.456,24,0,1.8,36,0,627.84,3,Medium,209.28,P3
CUST-01914,Mid-Market,Month-to-Month,Direct Sales,Germany,Standard,51,59.35,2,0.899,68,0,20.1,55,0,712.2,3,Medium,237.4,P3
CUST-01915,Mid-Market,24 Month,Online,UK,Premium,19,34.4,3,0.47,35,0,9.2,54,0,412.8,3,Medium,137.6,P3
CUST-01916,Enterprise,Month-to-Month,Online,US,Standard,51,64.67,3,0.574,86,1,8.4,23,0,776.04,4,Medium,344.91,P3
CUST-01917,Enterprise,12 Month,Partner,US,Standard,48,69.29,3,0.902,70,1,6.7,16,0,831.48,3,Medium,277.16,P3
CUST-01918,Consumer,Month-to-Month,Online,India,Basic,55,65.95,1,0.436,-74,0,6.8,22,1,791.4,2,Low,0.0,P4
CUST-01919,Consumer,12 Month,Direct Sales,US,Premium,53,49.24,1,0.766,-87,0,15.1,33,0,590.88,3,Medium,196.96,P3
CUST-01920,Enterprise,24 Month,Direct Sales,US,Basic,19,43.77,2,0.351,60,0,0.9,27,1,525.24,0,Low,0.0,P4
CUST-01921,SMB,12 Month,Partner,UK,Standard,54,42.43,3,0.278,-33,0,2.4,36,0,509.16,6,High,339.44,P3
CUST-01922,Mid-Market,12 Month,Retail,UAE,Basic,8,47.33,3,0.568,-59,0,3.7,21,0,567.96,2,Low,126.21,P4
CUST-01923,Consumer,Month-to-Month,Online,US,Basic,56,128.77,2,0.931,70,0,10.6,50,0,1545.24,3,Medium,515.08,P3
CUST-01924,SMB,Month-to-Month,Direct Sales,UK,Premium,11,62.41,3,0.361,39,1,6.6,50,0,748.92,6,High,499.28,P3
CUST-01925,Consumer,Month-to-Month,Direct Sales,Germany,Basic,53,54.97,0,0.171,68,1,7.2,21,0,659.64,5,High,366.47,P3
CUST-01926,Consumer,Month-to-Month,Direct Sales,UK,Basic,10,47.52,1,0.248,-55,0,6.7,49,1,570.24,6,High,0.0,P3
CUST-01927,SMB,12 Month,Online,India,Basic,43,68.26,1,0.844,70,0,5.8,4,0,819.12,0,Low,0.0,P4
CUST-01928,Mid-Market,Month-to-Month,Partner,India,Standard,50,36.4,1,0.564,-91,0,6.7,23,0,436.8,2,Low,97.07,P4
CUST-01929,Consumer,Month-to-Month,Partner,US,Basic,44,138.36,2,0.264,-84,1,5.1,60,1,1660.32,8,Critical,0.0,P1
CUST-01930,Consumer,Month-to-Month,Online,UAE,Standard,62,102.76,1,0.433,93,0,2.9,32,1,1233.12,3,Medium,0.0,P3
CUST-01931,Enterprise,Month-to-Month,Retail,Germany,Enterprise,50,28.2,3,0.597,-35,1,4.0,24,0,338.4,5,High,188.0,P3
CUST-01932,SMB,Month-to-Month,Direct Sales,Germany,Enterprise,64,104.54,2,0.308,80,2,12.9,20,0,1254.48,5,High,696.93,P2
CUST-01933,Consumer,12 Month,Online,Germany,Premium,43,124.12,1,0.685,-100,0,10.3,37,0,1489.44,3,Medium,496.48,P3
CUST-01934,Enterprise,12 Month,Retail,UK,Standard,16,96.1,1,0.236,-16,0,12.9,44,0,1153.2,5,High,640.67,P2
CUST-01935,SMB,24 Month,Online,UAE,Enterprise,31,74.59,1,0.512,30,0,4.0,57,0,895.08,2,Low,198.91,P4
CUST-01936,Consumer,Month-to-Month,Partner,US,Standard,49,37.86,3,0.668,-24,1,12.2,11,1,454.32,5,High,0.0,P3
CUST-01937,Mid-Market,Month-to-Month,Online,Germany,Premium,17,44.79,4,0.915,58,0,4.7,43,0,537.48,4,Medium,238.88,P3
CUST-01938,SMB,Month-to-Month,Direct Sales,Germany,Premium,11,40.3,1,0.652,-33,0,6.9,20,0,483.6,2,Low,107.47,P4
CUST-01939,Enterprise,24 Month,Direct Sales,US,Basic,49,57.99,2,0.712,28,0,7.0,29,0,695.88,0,Low,0.0,P4
CUST-01940,Mid-Market,Month-to-Month,Retail,UK,Standard,14,37.97,2,0.14,59,1,0.6,36,0,455.64,7,Critical,354.39,P3
CUST-01941,Consumer,Month-to-Month,Online,UK,Standard,44,85.58,2,0.488,-76,0,2.4,58,1,1026.96,4,Medium,0.0,P2
CUST-01942,SMB,Month-to-Month,Retail,UK,Standard,50,118.63,5,0.1,-7,0,3.1,20,0,1423.56,5,High,790.87,P2
CUST-01943,Consumer,Month-to-Month,Partner,India,Standard,40,53.59,2,0.323,93,0,2.4,6,0,643.08,3,Medium,214.36,P3
CUST-01944,Consumer,12 Month,Online,US,Standard,46,61.23,0,0.567,-45,0,20.7,58,0,734.76,3,Medium,244.92,P3
CUST-01945,Enterprise,12 Month,Retail,UK,Basic,55,87.41,4,0.551,-34,0,2.5,30,0,1048.92,2,Low,233.09,P4
CUST-01946,Consumer,Month-to-Month,Retail,Germany,Premium,33,40.22,2,0.663,-91,2,18.7,60,0,482.64,6,High,321.76,P3
CUST-01947,Consumer,12 Month,Online,India,Standard,38,37.31,2,0.471,14,0,5.5,35,0,447.72,2,Low,99.49,P4
CUST-01948,Consumer,Month-to-Month,Direct Sales,UAE,Basic,19,46.01,1,0.339,43,0,14.6,11,0,552.12,3,Medium,184.04,P3
CUST-01949,Consumer,12 Month,Partner,Germany,Enterprise,69,73.93,1,0.52,38,0,4.9,18,0,887.16,0,Low,0.0,P4
CUST-01950,SMB,12 Month,Online,US,Premium,14,59.55,1,0.477,12,0,21.0,34,0,714.6,2,Low,158.8,P4
CUST-01951,Consumer,12 Month,Online,UK,Standard,37,236.35,4,0.816,-77,0,2.2,52,0,2836.2,4,Medium,1260.53,P2
CUST-01952,SMB,24 Month,Direct Sales,India,Basic,13,48.75,2,0.487,28,0,19.0,52,0,585.0,2,Low,130.0,P4
CUST-01953,Consumer,Month-to-Month,Online,US,Standard,50,35.6,0,0.443,-49,0,9.3,18,0,427.2,2,Low,94.93,P4
CUST-01954,Enterprise,24 Month,Online,UK,Premium,33,37.27,4,0.556,43,0,6.6,0,0,447.24,1,Low,49.69,P4
CUST-01955,Mid-Market,Month-to-Month,Partner,US,Premium,20,26.65,0,0.6,-12,0,16.8,0,0,319.8,2,Low,71.07,P4
CUST-01956,SMB,24 Month,Direct Sales,Germany,Basic,32,22.66,2,0.128,23,1,17.9,14,0,271.92,4,Medium,120.85,P3
CUST-01957,Mid-Market,Month-to-Month,Online,India,Enterprise,39,79.29,3,0.161,87,0,2.9,22,1,951.48,4,Medium,0.0,P2
CUST-01958,SMB,12 Month,Direct Sales,UAE,Standard,44,35.08,0,0.414,45,0,20.2,22,0,420.96,0,Low,0.0,P4
CUST-01959,SMB,Month-to-Month,Direct Sales,US,Standard,47,67.89,1,0.42,-49,0,6.2,10,0,814.68,2,Low,181.04,P4
CUST-01960,SMB,24 Month,Partner,India,Standard,8,51.52,2,0.127,13,0,8.1,4,0,618.24,2,Low,137.39,P4
CUST-01961,Enterprise,12 Month,Online,India,Standard,28,34.28,4,0.875,46,1,5.4,21,1,411.36,3,Medium,0.0,P3
CUST-01962,SMB,24 Month,Online,US,Standard,62,67.36,0,0.839,-58,0,1.3,48,0,808.32,3,Medium,269.44,P3
CUST-01963,Consumer,Month-to-Month,Direct Sales,Germany,Premium,30,66.92,3,0.473,61,0,7.3,13,0,803.04,2,Low,178.45,P4
CUST-01964,Consumer,12 Month,Partner,US,Standard,29,26.0,0,0.717,77,1,7.1,0,0,312.0,2,Low,69.33,P4
CUST-01965,Consumer,Month-to-Month,Direct Sales,Germany,Premium,53,31.07,3,0.364,37,1,4.6,38,0,372.84,6,High,248.56,P3
CUST-01966,Consumer,12 Month,Direct Sales,Germany,Standard,25,166.77,2,0.344,-40,1,6.4,31,0,2001.24,7,Critical,1556.52,P1
CUST-01967,Consumer,24 Month,Partner,UAE,Standard,70,46.83,5,0.155,17,0,2.8,22,0,561.96,3,Medium,187.32,P3
CUST-01968,SMB,Month-to-Month,Direct Sales,US,Basic,21,80.53,2,0.675,-78,0,20.8,10,0,966.36,2,Low,214.75,P4
CUST-01969,SMB,Month-to-Month,Retail,UK,Basic,63,58.35,1,0.569,25,0,17.4,37,0,700.2,3,Medium,233.4,P3
CUST-01970,SMB,Month-to-Month,Direct Sales,Germany,Basic,13,88.99,1,0.69,17,1,1.0,11,0,1067.88,3,Medium,355.96,P3
CUST-01971,Consumer,Month-to-Month,Direct Sales,UAE,Basic,44,122.02,2,0.3,-60,0,1.7,44,0,1464.24,6,High,976.16,P2
CUST-01972,Consumer,Month-to-Month,Direct Sales,UK,Basic,69,94.72,3,0.568,-28,0,6.4,32,0,1136.64,5,High,631.47,P2
CUST-01973,SMB,24 Month,Direct Sales,India,Standard,5,54.53,2,0.569,61,0,13.5,26,1,654.36,0,Low,0.0,P4
CUST-01974,SMB,Month-to-Month,Direct Sales,Germany,Basic,69,100.14,2,0.804,-74,1,4.2,57,0,1201.68,6,High,801.12,P2
CUST-01975,Consumer,Month-to-Month,Partner,India,Basic,29,78.93,4,0.688,-1,1,11.2,44,0,947.16,7,Critical,736.68,P2
CUST-01976,SMB,24 Month,Partner,UK,Standard,64,33.14,2,0.516,76,0,5.2,2,0,397.68,0,Low,0.0,P4
CUST-01977,Mid-Market,Month-to-Month,Partner,India,Standard,1,27.84,1,0.553,-51,0,17.1,1,0,334.08,2,Low,74.24,P4
CUST-01978,SMB,24 Month,Partner,UK,Standard,20,38.31,1,0.536,-26,0,14.2,38,0,459.72,3,Medium,153.24,P3
CUST-01979,Enterprise,Month-to-Month,Retail,UK,Premium,39,76.3,2,0.383,-66,0,4.6,52,0,915.6,4,Medium,406.93,P2
CUST-01980,Consumer,12 Month,Online,US,Standard,40,21.04,2,0.419,-88,0,11.3,52,0,252.48,3,Medium,84.16,P3
CUST-01981,Consumer,Month-to-Month,Online,US,Standard,23,36.28,5,0.207,35,0,11.2,12,0,435.36,4,Medium,193.49,P3
CUST-01982,Consumer,12 Month,Retail,Germany,Standard,24,33.55,0,0.611,-28,0,3.3,41,0,402.6,3,Medium,134.2,P3
CUST-01983,SMB,Month-to-Month,Online,UK,Premium,8,38.83,2,0.123,-86,0,8.7,11,0,465.96,4,Medium,207.09,P3
CUST-01984,Consumer,Month-to-Month,Online,Germany,Premium,26,39.83,0,0.334,-99,0,6.1,7,0,477.96,4,Medium,212.43,P3
CUST-01985,Enterprise,24 Month,Partner,US,Basic,25,55.0,1,0.638,-41,0,9.9,5,0,660.0,1,Low,73.33,P4
CUST-01986,Consumer,Month-to-Month,Direct Sales,UK,Basic,42,86.38,2,0.152,-67,1,10.8,59,0,1036.56,8,Critical,921.39,P2
CUST-01987,Enterprise,Month-to-Month,Partner,US,Standard,71,109.35,0,0.12,78,0,17.7,1,0,1312.2,3,Medium,437.4,P3
CUST-01988,Consumer,Month-to-Month,Partner,UK,Standard,46,191.96,1,0.621,80,0,4.8,36,0,2303.52,3,Medium,767.84,P3
CUST-01989,Consumer,12 Month,Online,US,Standard,30,33.22,3,0.729,-86,1,5.8,1,0,398.64,4,Medium,177.17,P3
CUST-01990,Enterprise,12 Month,Retail,India,Standard,9,69.62,1,0.821,47,0,6.6,22,0,835.44,0,Low,0.0,P4
CUST-01991,SMB,12 Month,Online,UK,Standard,49,37.23,1,0.798,84,0,0.8,17,0,446.76,0,Low,0.0,P4
CUST-01992,Enterprise,12 Month,Partner,India,Standard,56,48.04,2,0.789,-45,0,10.9,43,0,576.48,3,Medium,192.16,P3
CUST-01993,Consumer,12 Month,Direct Sales,US,Standard,18,85.93,2,0.919,18,0,4.9,25,0,1031.16,0,Low,0.0,P4
CUST-01994,SMB,24 Month,Online,India,Premium,72,47.55,4,0.292,4,0,1.4,51,0,570.6,5,High,317.0,P3
CUST-01995,Consumer,24 Month,Partner,UK,Premium,49,105.28,1,0.026,-88,0,1.6,5,0,1263.36,3,Medium,421.12,P3
CUST-01996,SMB,24 Month,Online,UK,Standard,3,60.02,0,0.566,40,0,20.8,39,0,720.24,2,Low,160.05,P4
CUST-01997,SMB,Month-to-Month,Retail,US,Enterprise,60,127.8,2,0.502,26,1,4.2,4,0,1533.6,3,Medium,511.2,P3
CUST-01998,SMB,Month-to-Month,Retail,India,Premium,54,34.63,4,0.559,-35,0,3.5,7,0,415.56,3,Medium,138.52,P3
CUST-01999,Enterprise,Month-to-Month,Direct Sales,UK,Premium,9,88.7,7,0.332,35,0,2.1,12,0,1064.4,4,Medium,473.07,P2
CUST-02000,SMB,12 Month,Direct Sales,Germany,Standard,71,31.57,5,0.882,4,0,6.3,14,0,378.84,1,Low,42.09,P4
CUST-02001,SMB,12 Month,Retail,UK,Standard,1,23.58,3,0.451,-7,0,1.8,43,0,282.96,4,Medium,125.76,P3
CUST-02002,Enterprise,12 Month,Retail,UK,Premium,60,33.55,0,0.69,-70,0,5.6,5,0,402.6,1,Low,44.73,P4
CUST-02003,Consumer,24 Month,Retail,UAE,Basic,66,22.33,2,0.222,-82,0,3.3,22,0,267.96,3,Medium,89.32,P3
CUST-02004,SMB,Month-to-Month,Partner,US,Basic,45,61.97,4,0.249,-77,0,12.6,1,0,743.64,5,High,413.13,P3
CUST-02005,SMB,24 Month,Online,UK,Standard,52,219.67,2,0.676,9,1,15.2,25,0,2636.04,2,Low,585.79,P4
CUST-02006,Consumer,24 Month,Direct Sales,UAE,Enterprise,11,40.52,0,0.868,-6,0,7.6,10,0,486.24,1,Low,54.03,P4
CUST-02007,Consumer,24 Month,Online,UK,Standard,47,36.05,2,0.529,-57,0,2.6,13,0,432.6,1,Low,48.07,P4
CUST-02008,Mid-Market,Month-to-Month,Retail,UK,Premium,11,58.16,2,0.317,-22,0,7.4,16,1,697.92,4,Medium,0.0,P3
CUST-02009,Enterprise,24 Month,Partner,US,Premium,36,45.03,3,0.761,-45,0,0.9,30,0,540.36,2,Low,120.08,P4
CUST-02010,SMB,24 Month,Online,US,Standard,30,18.69,2,0.495,-10,0,6.8,41,0,224.28,3,Medium,74.76,P3
CUST-02011,Consumer,Month-to-Month,Online,UAE,Basic,60,108.99,2,0.602,100,0,7.1,33,0,1307.88,3,Medium,435.96,P3
CUST-02012,Consumer,Month-to-Month,Direct Sales,Germany,Enterprise,58,81.98,3,0.539,-43,0,9.9,14,0,983.76,3,Medium,327.92,P3
CUST-02013,Consumer,Month-to-Month,Direct Sales,UAE,Basic,66,46.57,4,0.161,-39,0,2.5,52,1,558.84,7,Critical,0.0,P3
CUST-02014,SMB,24 Month,Retail,UAE,Basic,15,104.09,1,0.066,-2,0,13.4,4,0,1249.08,3,Medium,416.36,P3
CUST-02015,Consumer,Month-to-Month,Partner,UK,Enterprise,66,45.78,2,0.358,11,0,11.7,9,0,549.36,1,Low,61.04,P4
CUST-02016,Consumer,Month-to-Month,Online,UK,Standard,6,66.22,1,0.383,98,0,9.9,30,1,794.64,1,Low,0.0,P4
CUST-02017,Consumer,12 Month,Online,UK,Basic,36,160.1,1,0.749,-52,1,3.9,17,0,1921.2,3,Medium,640.4,P3
CUST-02018,SMB,24 Month,Direct Sales,UK,Enterprise,28,27.14,3,0.344,-88,0,9.3,14,0,325.68,4,Medium,144.75,P3
CUST-02019,SMB,24 Month,Retail,UAE,Enterprise,22,48.01,0,0.544,-77,0,7.9,54,0,576.12,3,Medium,192.04,P3
CUST-02020,Enterprise,Month-to-Month,Direct Sales,UK,Premium,28,101.53,2,0.255,78,1,17.5,7,0,1218.36,5,High,676.87,P2
CUST-02021,Consumer,Month-to-Month,Partner,UK,Basic,14,13.59,3,0.505,-88,0,9.1,55,1,163.08,5,High,0.0,P3
CUST-02022,SMB,12 Month,Retail,UK,Standard,6,36.17,1,0.689,-64,0,21.1,33,0,434.04,3,Medium,144.68,P3
CUST-02023,SMB,Month-to-Month,Partner,Germany,Standard,1,33.26,2,0.481,-83,0,6.9,30,0,399.12,2,Low,88.69,P4
CUST-02024,Consumer,Month-to-Month,Online,UAE,Standard,64,119.94,2,0.592,-25,1,5.2,55,0,1439.28,6,High,959.52,P2
CUST-02025,SMB,Month-to-Month,Direct Sales,UK,Basic,11,30.6,3,0.59,-86,2,11.8,53,1,367.2,7,Critical,0.0,P3
CUST-02026,SMB,24 Month,Online,UK,Standard,13,168.48,0,0.467,60,0,2.6,9,0,2021.76,0,Low,0.0,P4
CUST-02027,Mid-Market,24 Month,Partner,UK,Standard,15,142.49,2,0.798,-89,0,3.6,22,0,1709.88,1,Low,189.99,P4
CUST-02028,SMB,24 Month,Online,Germany,Basic,12,163.68,1,0.467,-26,0,5.0,27,0,1964.16,1,Low,218.24,P4
CUST-02029,Consumer,Month-to-Month,Direct Sales,UAE,Enterprise,16,52.83,2,0.667,-79,0,13.4,36,0,633.96,4,Medium,281.76,P3
CUST-02030,Consumer,24 Month,Partner,UK,Standard,26,56.65,1,0.646,3,0,8.0,21,0,679.8,0,Low,0.0,P4
CUST-02031,Consumer,24 Month,Direct Sales,India,Standard,57,28.92,4,0.411,56,0,11.0,58,0,347.04,3,Medium,115.68,P3
CUST-02032,Mid-Market,24 Month,Online,US,Standard,30,94.91,2,0.602,-5,0,7.4,6,0,1138.92,1,Low,126.55,P4
CUST-02033,SMB,Month-to-Month,Online,UK,Enterprise,55,57.65,6,0.196,4,0,0.7,30,0,691.8,4,Medium,307.47,P3
CUST-02034,Mid-Market,12 Month,Partner,US,Standard,68,55.68,2,0.467,39,0,5.0,27,0,668.16,0,Low,0.0,P4
CUST-02035,Consumer,24 Month,Retail,US,Premium,12,73.83,4,0.369,-72,1,3.1,44,0,885.96,6,High,590.64,P3
CUST-02036,Consumer,12 Month,Direct Sales,India,Basic,68,37.34,4,0.599,-9,1,5.5,57,1,448.08,6,High,0.0,P3
CUST-02037,SMB,Month-to-Month,Online,UAE,Standard,39,100.21,1,0.202,73,0,12.5,44,0,1202.52,5,High,668.07,P2
CUST-02038,SMB,12 Month,Partner,UK,Standard,51,45.38,0,0.32,30,0,9.0,10,0,544.56,2,Low,121.01,P4
CUST-02039,Mid-Market,Month-to-Month,Direct Sales,India,Standard,2,58.86,1,0.466,49,0,18.5,6,0,706.32,1,Low,78.48,P4
CUST-02040,Mid-Market,12 Month,Direct Sales,India,Standard,31,105.7,4,0.757,0,0,13.2,34,0,1268.4,3,Medium,422.8,P3
CUST-02041,Enterprise,12 Month,Partner,UK,Premium,2,65.84,1,0.738,-71,0,9.2,53,1,790.08,3,Medium,0.0,P3
CUST-02042,Mid-Market,24 Month,Retail,UAE,Basic,35,55.39,2,0.725,-71,0,3.4,24,0,664.68,1,Low,73.85,P4
CUST-02043,Consumer,Month-to-Month,Online,UK,Premium,50,86.79,0,0.741,92,2,4.3,45,0,1041.48,5,High,578.6,P2
CUST-02044,Consumer,24 Month,Online,US,Premium,18,65.77,5,0.429,-82,0,9.1,32,0,789.24,4,Medium,350.77,P3
CUST-02045,Consumer,Month-to-Month,Partner,UK,Basic,25,54.7,2,0.722,-54,1,4.4,7,0,656.4,4,Medium,291.73,P3
CUST-02046,Mid-Market,12 Month,Retail,UAE,Standard,19,106.83,1,0.653,68,0,19.3,38,0,1281.96,2,Low,284.88,P4
CUST-02047,Consumer,24 Month,Direct Sales,India,Enterprise,40,66.17,1,0.607,-12,0,15.0,19,0,794.04,1,Low,88.23,P4
CUST-02048,Mid-Market,24 Month,Direct Sales,UAE,Standard,70,61.0,2,0.652,9,1,10.8,27,0,732.0,2,Low,162.67,P4
CUST-02049,SMB,12 Month,Online,India,Standard,55,80.86,2,0.13,-32,1,10.7,22,0,970.32,5,High,539.07,P2
CUST-02050,SMB,12 Month,Retail,US,Enterprise,62,78.14,2,0.256,-40,0,12.3,57,1,937.68,5,High,0.0,P2
CUST-02051,SMB,Month-to-Month,Partner,US,Standard,5,85.86,2,0.418,-99,0,8.2,49,1,1030.32,4,Medium,0.0,P2
CUST-02052,Consumer,12 Month,Online,US,Premium,70,115.94,1,0.772,-12,0,16.3,30,0,1391.28,1,Low,154.59,P4
CUST-02053,SMB,Month-to-Month,Online,UK,Premium,54,90.34,3,0.685,-65,1,6.2,2,0,1084.08,5,High,602.27,P2
CUST-02054,Consumer,12 Month,Direct Sales,US,Premium,25,92.87,3,0.26,-14,0,8.8,57,0,1114.44,6,High,742.96,P2
CUST-02055,Enterprise,24 Month,Partner,UAE,Basic,44,47.21,4,0.267,75,1,7.2,18,0,566.52,5,High,314.73,P3
CUST-02056,Consumer,24 Month,Direct Sales,UAE,Basic,12,34.61,1,0.716,-36,0,2.9,45,1,415.32,3,Medium,0.0,P3
CUST-02057,Mid-Market,24 Month,Direct Sales,US,Premium,39,111.64,0,0.661,-30,1,18.7,37,0,1339.68,5,High,744.27,P2
CUST-02058,SMB,12 Month,Online,UAE,Standard,6,45.59,2,0.149,72,0,14.1,27,1,547.08,2,Low,0.0,P4
CUST-02059,Consumer,12 Month,Direct Sales,UAE,Premium,22,15.51,0,0.605,57,0,3.0,58,0,186.12,2,Low,41.36,P4
CUST-02060,SMB,12 Month,Retail,UK,Standard,45,102.52,1,0.538,74,0,18.5,28,0,1230.24,0,Low,0.0,P4
CUST-02061,Consumer,12 Month,Direct Sales,UAE,Standard,58,48.01,2,0.742,58,0,5.3,50,0,576.12,2,Low,128.03,P4
CUST-02062,Enterprise,Month-to-Month,Retail,UK,Premium,14,81.78,3,0.546,-45,1,5.8,15,0,981.36,5,High,545.2,P2
CUST-02063,SMB,12 Month,Direct Sales,Germany,Basic,22,67.09,0,0.895,-69,1,8.7,17,0,805.08,3,Medium,268.36,P3
CUST-02064,Consumer,24 Month,Direct Sales,Germany,Premium,68,41.22,2,0.842,-16,0,6.4,57,0,494.64,3,Medium,164.88,P3
CUST-02065,Mid-Market,Month-to-Month,Partner,UK,Premium,55,69.25,0,0.608,78,1,2.9,22,0,831.0,3,Medium,277.0,P3
CUST-02066,SMB,24 Month,Online,UK,Premium,25,76.02,2,0.556,-92,1,5.5,33,1,912.24,5,High,0.0,P2
CUST-02067,Consumer,Month-to-Month,Partner,US,Premium,52,33.27,0,0.124,9,0,5.7,34,0,399.24,5,High,221.8,P3
CUST-02068,Consumer,24 Month,Online,UK,Premium,37,39.15,0,0.457,72,0,4.8,0,0,469.8,0,Low,0.0,P4
CUST-02069,SMB,24 Month,Online,UK,Standard,65,67.9,3,0.776,-19,0,11.0,3,0,814.8,2,Low,181.07,P4
CUST-02070,Enterprise,24 Month,Direct Sales,US,Enterprise,19,70.19,0,0.356,-88,0,13.9,16,0,842.28,1,Low,93.59,P4
CUST-02071,Mid-Market,Month-to-Month,Direct Sales,UAE,Premium,50,125.15,1,0.25,-42,0,7.3,8,0,1501.8,4,Medium,667.47,P2
CUST-02072,Mid-Market,12 Month,Retail,UK,Basic,5,158.33,1,0.591,-82,1,10.3,24,0,1899.96,3,Medium,633.32,P3
CUST-02073,SMB,Month-to-Month,Online,US,Standard,41,64.12,1,0.717,-72,0,8.2,45,1,769.44,4,Medium,0.0,P3
CUST-02074,Enterprise,12 Month,Online,India,Standard,8,50.24,2,0.408,62,0,11.5,10,0,602.88,0,Low,0.0,P4
CUST-02075,Consumer,24 Month,Direct Sales,US,Standard,10,100.76,4,0.73,12,0,7.3,4,0,1209.12,1,Low,134.35,P4
CUST-02076,Mid-Market,24 Month,Direct Sales,US,Standard,33,66.87,0,0.662,-26,1,7.3,29,0,802.44,3,Medium,267.48,P3
CUST-02077,Consumer,Month-to-Month,Online,India,Premium,21,78.34,1,0.52,20,2,4.2,22,1,940.08,3,Medium,0.0,P3
CUST-02078,Enterprise,12 Month,Direct Sales,US,Premium,41,44.32,2,0.669,24,0,5.2,53,0,531.84,2,Low,118.19,P4
CUST-02079,Consumer,12 Month,Online,US,Standard,21,77.5,1,0.475,-13,0,4.2,35,0,930.0,3,Medium,310.0,P3
CUST-02080,Mid-Market,Month-to-Month,Online,UAE,Standard,10,53.54,2,0.286,62,0,4.5,9,0,642.48,3,Medium,214.16,P3
CUST-02081,Consumer,Month-to-Month,Online,UK,Enterprise,41,62.02,3,0.715,36,0,5.3,7,0,744.24,2,Low,165.39,P4
CUST-02082,Consumer,24 Month,Direct Sales,UK,Standard,66,36.58,1,0.46,-34,1,9.3,42,1,438.96,5,High,0.0,P3
CUST-02083,Consumer,12 Month,Online,UAE,Premium,66,82.09,1,0.341,-34,1,13.1,52,0,985.08,7,Critical,766.17,P2
CUST-02084,Enterprise,24 Month,Retail,UK,Premium,22,17.51,0,0.738,38,0,8.4,33,0,210.12,2,Low,46.69,P4
CUST-02085,Enterprise,Month-to-Month,Retail,UAE,Standard,10,23.65,2,0.339,-30,0,3.2,15,0,283.8,4,Medium,126.13,P3
CUST-02086,SMB,Month-to-Month,Retail,UK,Premium,24,43.13,5,0.391,-33,1,15.8,4,0,517.56,5,High,287.53,P3
CUST-02087,SMB,12 Month,Partner,US,Premium,42,44.93,1,0.228,40,0,4.2,25,0,539.16,2,Low,119.81,P4
CUST-02088,Mid-Market,Month-to-Month,Online,India,Enterprise,14,25.5,0,0.512,10,0,9.5,29,1,306.0,1,Low,0.0,P4
CUST-02089,Enterprise,12 Month,Direct Sales,US,Standard,13,123.42,2,0.548,-80,0,9.7,15,0,1481.04,1,Low,164.56,P4
CUST-02090,SMB,Month-to-Month,Direct Sales,Germany,Standard,23,46.65,1,0.571,-63,0,12.0,13,0,559.8,2,Low,124.4,P4
CUST-02091,Consumer,12 Month,Retail,UAE,Standard,3,67.94,5,0.281,-82,0,5.1,56,0,815.28,6,High,543.52,P3
CUST-02092,Mid-Market,Month-to-Month,Direct Sales,UAE,Standard,62,73.09,0,0.72,-92,0,3.4,50,0,877.08,4,Medium,389.81,P3
CUST-02093,Mid-Market,Month-to-Month,Direct Sales,US,Basic,22,46.72,0,0.157,20,0,16.6,5,0,560.64,3,Medium,186.88,P3
CUST-02094,Consumer,24 Month,Online,India,Standard,8,54.06,0,0.699,-38,0,6.1,9,0,648.72,1,Low,72.08,P4
CUST-02095,Consumer,24 Month,Direct Sales,US,Premium,53,55.73,3,0.313,-54,0,2.4,33,0,668.76,6,High,445.84,P3
CUST-02096,SMB,Month-to-Month,Online,India,Standard,58,39.52,2,0.467,-70,1,2.7,0,0,474.24,4,Medium,210.77,P3
CUST-02097,Consumer,Month-to-Month,Direct Sales,India,Standard,23,49.77,2,0.054,-54,0,2.4,54,0,597.24,6,High,398.16,P3
CUST-02098,Mid-Market,Month-to-Month,Online,UK,Standard,30,36.78,4,0.658,13,0,5.3,12,0,441.36,2,Low,98.08,P4
CUST-02099,Mid-Market,12 Month,Retail,India,Basic,8,40.46,1,0.727,18,0,17.5,44,1,485.52,2,Low,0.0,P4
CUST-02100,Consumer,Month-to-Month,Direct Sales,UK,Basic,21,42.58,2,0.824,16,0,3.7,19,0,510.96,1,Low,56.77,P4
CUST-02101,Consumer,Month-to-Month,Partner,UAE,Premium,3,141.66,2,0.708,91,0,16.7,30,0,1699.92,1,Low,188.88,P4
CUST-02102,SMB,24 Month,Online,US,Premium,53,30.11,0,0.351,28,1,2.9,13,0,361.32,2,Low,80.29,P4
CUST-02103,Consumer,24 Month,Direct Sales,UK,Enterprise,45,30.11,5,0.51,46,0,2.8,35,1,361.32,3,Medium,0.0,P3
CUST-02104,Consumer,Month-to-Month,Direct Sales,UK,Basic,8,37.48,2,0.833,27,0,9.1,29,0,449.76,1,Low,49.97,P4
CUST-02105,Consumer,Month-to-Month,Direct Sales,India,Basic,61,115.01,1,0.837,-62,0,17.0,3,1,1380.12,2,Low,0.0,P4
CUST-02106,Consumer,Month-to-Month,Partner,UK,Basic,57,110.95,2,0.379,57,1,5.8,30,0,1331.4,3,Medium,443.8,P3
CUST-02107,Enterprise,Month-to-Month,Direct Sales,UK,Standard,7,69.96,0,0.502,-61,0,12.0,60,0,839.52,4,Medium,373.12,P3
CUST-02108,Enterprise,12 Month,Online,UK,Basic,25,34.65,0,0.529,-95,0,7.5,35,0,415.8,3,Medium,138.6,P3
CUST-02109,Enterprise,Month-to-Month,Direct Sales,UK,Enterprise,6,90.54,0,0.763,12,0,4.1,29,0,1086.48,1,Low,120.72,P4
CUST-02110,Consumer,Month-to-Month,Direct Sales,India,Premium,7,55.46,1,0.599,45,0,4.9,56,1,665.52,3,Medium,0.0,P3
CUST-02111,Consumer,24 Month,Online,India,Standard,69,98.28,4,0.345,-41,0,11.9,42,1,1179.36,6,High,0.0,P2
CUST-02112,Mid-Market,24 Month,Direct Sales,Germany,Standard,10,70.03,2,0.422,-81,0,7.0,54,0,840.36,3,Medium,280.12,P3
CUST-02113,SMB,24 Month,Online,India,Basic,58,80.1,2,0.997,31,0,5.9,48,0,961.2,2,Low,213.6,P4
CUST-02114,Mid-Market,Month-to-Month,Online,India,Standard,26,83.94,4,0.574,0,0,16.4,14,0,1007.28,2,Low,223.84,P4
CUST-02115,Enterprise,12 Month,Direct Sales,UK,Premium,34,64.56,1,0.666,-67,0,15.1,27,0,774.72,1,Low,86.08,P4
CUST-02116,SMB,12 Month,Retail,Germany,Premium,43,31.1,2,0.182,62,0,13.8,11,0,373.2,2,Low,82.93,P4
CUST-02117,Consumer,Month-to-Month,Partner,US,Standard,24,19.58,4,0.498,72,0,0.9,52,0,234.96,4,Medium,104.43,P3
CUST-02118,Enterprise,12 Month,Partner,UAE,Enterprise,32,49.05,1,0.331,-73,0,7.4,33,1,588.6,5,High,0.0,P3
CUST-02119,Mid-Market,Month-to-Month,Online,US,Premium,46,62.55,1,0.673,95,2,8.4,28,0,750.6,3,Medium,250.2,P3
CUST-02120,Consumer,12 Month,Partner,UK,Enterprise,8,69.83,3,0.661,-55,0,0.7,57,0,837.96,4,Medium,372.43,P3
CUST-02121,Mid-Market,12 Month,Partner,India,Standard,64,71.01,2,0.487,47,0,19.3,48,0,852.12,2,Low,189.36,P4
CUST-02122,Enterprise,24 Month,Online,UK,Premium,22,102.03,4,0.618,-78,0,17.6,40,0,1224.36,4,Medium,544.16,P2
CUST-02123,Consumer,24 Month,Retail,UK,Enterprise,21,71.26,1,0.851,-89,0,3.1,16,0,855.12,1,Low,95.01,P4
CUST-02124,Consumer,Month-to-Month,Direct Sales,India,Standard,64,70.07,2,0.658,-2,0,6.9,5,0,840.84,2,Low,186.85,P4
CUST-02125,Consumer,24 Month,Online,UK,Basic,29,26.3,2,0.774,-60,0,3.4,48,0,315.6,3,Medium,105.2,P3
CUST-02126,SMB,Month-to-Month,Retail,UK,Enterprise,47,37.89,3,0.392,47,0,2.4,7,0,454.68,2,Low,101.04,P4
CUST-02127,Consumer,24 Month,Online,US,Standard,31,126.18,2,0.566,6,1,1.4,10,0,1514.16,2,Low,336.48,P4
CUST-02128,Consumer,24 Month,Online,UK,Standard,60,64.37,0,0.667,98,1,0.7,0,0,772.44,2,Low,171.65,P4
CUST-02129,Consumer,Month-to-Month,Online,UK,Basic,11,52.08,3,0.724,-62,0,6.3,7,0,624.96,3,Medium,208.32,P3
CUST-02130,Consumer,12 Month,Online,UK,Premium,59,73.46,1,0.91,84,1,8.6,1,0,881.52,2,Low,195.89,P4
CUST-02131,SMB,Month-to-Month,Partner,UAE,Basic,9,65.01,1,0.291,23,0,7.5,9,0,780.12,3,Medium,260.04,P3
CUST-02132,Enterprise,12 Month,Retail,UK,Basic,43,31.44,4,0.627,-57,0,4.2,41,0,377.28,4,Medium,167.68,P3
CUST-02133,Mid-Market,12 Month,Partner,UK,Premium,65,56.06,1,0.517,-82,0,7.4,47,1,672.72,3,Medium,0.0,P3
CUST-02134,Mid-Market,24 Month,Online,UAE,Standard,47,59.55,2,0.352,-68,1,3.1,56,0,714.6,5,High,397.0,P3
CUST-02135,Enterprise,24 Month,Direct Sales,UK,Premium,64,66.0,3,0.723,-41,0,7.4,5,0,792.0,2,Low,176.0,P4
CUST-02136,Consumer,Month-to-Month,Online,UAE,Premium,20,216.99,1,0.6,-76,1,7.4,58,0,2603.88,6,High,1735.92,P1
CUST-02137,Consumer,12 Month,Retail,Germany,Basic,9,38.7,1,0.218,-37,0,7.4,20,0,464.4,3,Medium,154.8,P3
CUST-02138,SMB,12 Month,Online,US,Premium,28,28.62,5,0.39,-25,1,7.6,44,1,343.44,6,High,0.0,P3
CUST-02139,Enterprise,Month-to-Month,Online,UK,Standard,40,108.68,2,0.673,-84,0,17.9,26,0,1304.16,2,Low,289.81,P4
CUST-02140,Enterprise,12 Month,Online,UAE,Premium,25,66.64,3,0.371,-37,0,0.3,14,0,799.68,2,Low,177.71,P4
CUST-02141,SMB,12 Month,Retail,UAE,Basic,46,66.95,1,0.61,26,0,2.2,11,0,803.4,0,Low,0.0,P4
CUST-02142,Mid-Market,Month-to-Month,Retail,UAE,Standard,52,61.94,3,0.608,6,0,4.8,32,0,743.28,4,Medium,330.35,P3
CUST-02143,SMB,12 Month,Direct Sales,Germany,Basic,36,57.49,1,0.614,-1,0,19.0,26,0,689.88,1,Low,76.65,P4
CUST-02144,Consumer,Month-to-Month,Online,US,Standard,41,63.29,1,0.391,-23,0,3.6,56,0,759.48,4,Medium,337.55,P3
CUST-02145,SMB,Month-to-Month,Direct Sales,UK,Standard,18,20.93,1,0.833,12,0,15.1,30,0,251.16,1,Low,27.91,P4
CUST-02146,SMB,12 Month,Online,UK,Standard,1,40.52,2,0.645,42,1,1.4,32,0,486.24,4,Medium,216.11,P3
CUST-02147,Enterprise,Month-to-Month,Retail,UK,Enterprise,15,105.55,4,0.863,53,0,9.7,47,0,1266.6,4,Medium,562.93,P2
CUST-02148,Consumer,24 Month,Direct Sales,Germany,Premium,48,109.02,6,0.404,-94,0,3.4,22,0,1308.24,2,Low,290.72,P4
CUST-02149,SMB,Month-to-Month,Online,India,Standard,45,55.22,2,0.081,-86,0,16.1,58,1,662.64,6,High,0.0,P3
CUST-02150,SMB,Month-to-Month,Direct Sales,UK,Basic,33,39.69,2,0.289,-86,0,5.5,49,1,476.28,6,High,0.0,P3
CUST-02151,Mid-Market,12 Month,Online,UAE,Standard,61,77.27,1,0.784,50,1,6.4,17,0,927.24,2,Low,206.05,P4
CUST-02152,Mid-Market,24 Month,Online,UK,Basic,41,41.84,1,0.352,50,0,5.2,49,0,502.08,2,Low,111.57,P4
CUST-02153,SMB,12 Month,Partner,UAE,Basic,42,58.12,2,0.71,74,0,6.3,55,0,697.44,2,Low,154.99,P4
CUST-02154,Mid-Market,Month-to-Month,Online,Germany,Standard,40,46.42,2,0.643,-13,0,20.0,15,0,557.04,2,Low,123.79,P4
CUST-02155,Consumer,12 Month,Direct Sales,UK,Premium,16,95.67,2,0.228,50,1,4.5,25,0,1148.04,4,Medium,510.24,P2
CUST-02156,Enterprise,Month-to-Month,Partner,UK,Basic,47,86.59,2,0.538,-6,0,1.4,26,0,1039.08,2,Low,230.91,P4
CUST-02157,Consumer,12 Month,Direct Sales,US,Basic,34,40.74,3,0.609,63,1,8.0,51,0,488.88,5,High,271.6,P3
CUST-02158,Enterprise,24 Month,Online,UK,Standard,35,136.18,1,0.047,79,0,18.1,44,0,1634.16,4,Medium,726.29,P2
CUST-02159,SMB,Month-to-Month,Direct Sales,Germany,Standard,12,108.5,3,0.25,34,0,1.6,41,1,1302.0,6,High,0.0,P2
CUST-02160,Mid-Market,24 Month,Partner,US,Standard,50,67.7,2,0.414,-36,1,5.6,1,0,812.4,3,Medium,270.8,P3
CUST-02161,Consumer,12 Month,Retail,India,Basic,22,77.4,3,0.354,42,1,5.4,27,0,928.8,3,Medium,309.6,P3
CUST-02162,Consumer,12 Month,Online,UAE,Premium,5,93.35,2,0.593,-2,1,2.5,35,0,1120.2,5,High,622.33,P2
CUST-02163,Enterprise,12 Month,Retail,UAE,Enterprise,12,28.49,3,0.076,-70,0,1.2,4,0,341.88,4,Medium,151.95,P3
CUST-02164,SMB,Month-to-Month,Direct Sales,US,Basic,49,292.1,4,0.318,-52,1,3.2,2,1,3505.2,7,Critical,0.0,P1
CUST-02165,Consumer,Month-to-Month,Partner,India,Standard,67,74.09,3,0.237,-97,2,4.5,5,0,889.08,7,Critical,691.51,P3
CUST-02166,Consumer,12 Month,Online,UK,Standard,55,23.72,2,0.136,94,1,3.3,4,0,284.64,4,Medium,126.51,P3
CUST-02167,Mid-Market,Month-to-Month,Partner,UK,Standard,53,81.38,0,0.715,-49,1,3.5,10,0,976.56,4,Medium,434.03,P2
CUST-02168,Mid-Market,24 Month,Partner,Germany,Premium,20,105.45,0,0.371,-92,0,4.8,39,0,1265.4,3,Medium,421.8,P3
CUST-02169,Consumer,24 Month,Retail,UAE,Enterprise,66,99.92,4,0.93,73,0,1.7,34,0,1199.04,3,Medium,399.68,P3
CUST-02170,Consumer,Month-to-Month,Retail,UK,Standard,26,42.27,2,0.895,56,0,6.5,39,0,507.24,3,Medium,169.08,P3
CUST-02171,Enterprise,24 Month,Retail,India,Premium,65,30.57,0,0.7,-58,1,6.2,5,0,366.84,3,Medium,122.28,P3
CUST-02172,SMB,Month-to-Month,Online,UK,Basic,31,33.82,1,0.497,26,1,3.6,43,0,405.84,5,High,225.47,P3
CUST-02173,SMB,24 Month,Online,Germany,Standard,46,84.67,2,0.772,-78,0,1.6,1,0,1016.04,1,Low,112.89,P4
CUST-02174,Mid-Market,Month-to-Month,Direct Sales,UAE,Standard,8,91.63,2,0.661,34,0,1.5,16,0,1099.56,1,Low,122.17,P4
CUST-02175,Mid-Market,12 Month,Online,UAE,Standard,53,82.14,0,0.407,15,0,7.9,45,1,985.68,2,Low,0.0,P4
CUST-02176,Mid-Market,Month-to-Month,Partner,India,Premium,47,50.16,3,0.304,-47,1,7.3,60,0,601.92,9,Critical,601.92,P3
CUST-02177,SMB,Month-to-Month,Retail,UAE,Standard,69,24.26,4,0.526,-15,0,5.2,0,0,291.12,3,Medium,97.04,P3
CUST-02178,Consumer,12 Month,Partner,India,Basic,52,50.16,3,0.548,83,0,16.8,33,0,601.92,3,Medium,200.64,P3
CUST-02179,SMB,Month-to-Month,Retail,UK,Basic,25,65.82,1,0.039,-26,2,7.4,38,1,789.84,8,Critical,0.0,P3
CUST-02180,Consumer,12 Month,Direct Sales,UK,Basic,72,39.85,3,0.442,10,1,16.3,22,0,478.2,3,Medium,159.4,P3
CUST-02181,Consumer,12 Month,Retail,UK,Standard,6,54.69,0,0.263,90,1,6.3,20,0,656.28,4,Medium,291.68,P3
CUST-02182,SMB,24 Month,Online,UK,Basic,56,42.64,3,0.84,-87,0,5.2,12,0,511.68,2,Low,113.71,P4
CUST-02183,Enterprise,24 Month,Partner,US,Premium,12,107.15,0,0.778,14,1,11.5,40,0,1285.8,4,Medium,571.47,P2
CUST-02184,SMB,Month-to-Month,Partner,India,Standard,71,94.72,3,0.503,-90,0,16.7,7,0,1136.64,3,Medium,378.88,P3
CUST-02185,Consumer,Month-to-Month,Direct Sales,US,Premium,45,50.5,0,0.784,9,0,10.0,26,0,606.0,1,Low,67.33,P4
CUST-02186,Mid-Market,12 Month,Online,UK,Premium,2,40.05,1,0.746,12,1,11.3,21,0,480.6,2,Low,106.8,P4
CUST-02187,Consumer,24 Month,Direct Sales,India,Standard,44,65.73,1,0.263,-51,2,10.4,15,0,788.76,5,High,438.2,P3
CUST-02188,Consumer,12 Month,Partner,India,Basic,1,18.16,2,0.534,3,2,1.7,39,0,217.92,4,Medium,96.85,P3
CUST-02189,Mid-Market,24 Month,Direct Sales,US,Enterprise,51,29.42,1,0.711,76,1,3.9,1,0,353.04,2,Low,78.45,P4
CUST-02190,Consumer,12 Month,Direct Sales,UK,Enterprise,54,70.87,3,0.433,-41,2,7.6,45,0,850.44,6,High,566.96,P3
CUST-02191,Consumer,12 Month,Online,India,Enterprise,55,46.09,1,0.414,82,1,3.8,44,0,553.08,4,Medium,245.81,P3
CUST-02192,Enterprise,Month-to-Month,Retail,India,Enterprise,64,51.09,5,0.368,-22,0,4.1,53,0,613.08,5,High,340.6,P3
CUST-02193,SMB,24 Month,Retail,UK,Premium,7,47.3,0,0.385,63,0,7.6,2,0,567.6,0,Low,0.0,P4
CUST-02194,SMB,Month-to-Month,Online,US,Enterprise,18,83.02,0,0.741,27,1,15.5,27,0,996.24,3,Medium,332.08,P3
CUST-02195,Enterprise,Month-to-Month,Retail,UK,Basic,50,38.61,4,0.727,-84,0,5.1,54,1,463.32,5,High,0.0,P3
CUST-02196,Consumer,Month-to-Month,Partner,India,Premium,37,61.23,1,0.381,14,0,19.9,25,0,734.76,1,Low,81.64,P4
CUST-02197,SMB,24 Month,Retail,India,Standard,42,110.7,4,0.244,-88,0,4.1,56,0,1328.4,6,High,885.6,P2
CUST-02198,Consumer,Month-to-Month,Direct Sales,India,Premium,25,56.41,1,0.339,71,0,8.6,20,0,676.92,3,Medium,225.64,P3
CUST-02199,Mid-Market,Month-to-Month,Online,US,Basic,22,100.2,4,0.605,78,1,8.3,22,0,1202.4,4,Medium,534.4,P2
CUST-02200,Mid-Market,Month-to-Month,Direct Sales,UK,Standard,55,35.82,0,0.283,73,1,6.7,22,1,429.84,5,High,0.0,P3
CUST-02201,Consumer,Month-to-Month,Direct Sales,UAE,Standard,58,34.33,2,0.564,86,1,1.5,50,0,411.96,5,High,228.87,P3
CUST-02202,Consumer,12 Month,Online,US,Premium,60,37.82,2,0.767,-35,1,9.7,1,0,453.84,3,Medium,151.28,P3
CUST-02203,Consumer,12 Month,Direct Sales,US,Enterprise,18,37.6,1,0.731,-51,0,1.8,29,0,451.2,1,Low,50.13,P4
CUST-02204,Consumer,24 Month,Partner,India,Standard,3,73.64,2,0.741,98,0,4.3,39,1,883.68,2,Low,0.0,P4
CUST-02205,Enterprise,Month-to-Month,Direct Sales,UK,Standard,59,85.12,4,0.703,-78,1,1.6,41,1,1021.44,7,Critical,0.0,P2
CUST-02206,Consumer,12 Month,Online,UAE,Standard,51,43.99,1,0.663,64,0,16.1,34,0,527.88,2,Low,117.31,P4
CUST-02207,Consumer,24 Month,Retail,UAE,Standard,52,45.78,3,0.561,73,1,10.1,38,0,549.36,5,High,305.2,P3
CUST-02208,Consumer,24 Month,Online,UK,Premium,54,53.18,2,0.55,-97,1,0.8,48,0,638.16,5,High,354.53,P3
CUST-02209,SMB,Month-to-Month,Direct Sales,UAE,Standard,30,158.19,2,0.464,80,1,10.3,48,0,1898.28,5,High,1054.6,P2
CUST-02210,Mid-Market,24 Month,Online,India,Standard,25,34.14,4,0.524,-64,0,1.9,49,0,409.68,4,Medium,182.08,P3
CUST-02211,Mid-Market,24 Month,Direct Sales,UK,Standard,14,82.4,4,0.188,-26,0,7.2,44,0,988.8,6,High,659.2,P2
CUST-02212,Mid-Market,12 Month,Online,UK,Premium,47,52.89,1,0.327,0,0,9.6,60,1,634.68,4,Medium,0.0,P3
CUST-02213,SMB,12 Month,Direct Sales,Germany,Standard,12,71.25,1,0.821,-54,0,16.4,54,0,855.0,3,Medium,285.0,P3
CUST-02214,Enterprise,Month-to-Month,Direct Sales,India,Premium,55,30.21,1,0.702,-8,0,11.4,51,0,362.52,4,Medium,161.12,P3
CUST-02215,SMB,12 Month,Retail,India,Premium,60,21.96,1,0.765,-39,1,1.0,33,1,263.52,5,High,0.0,P3
CUST-02216,Enterprise,12 Month,Online,UK,Basic,19,32.5,2,0.619,-12,1,12.4,5,0,390.0,3,Medium,130.0,P3
CUST-02217,SMB,12 Month,Retail,US,Standard,33,18.58,2,0.122,-75,1,18.3,54,0,222.96,7,Critical,173.41,P3
CUST-02218,Consumer,12 Month,Online,US,Premium,6,58.11,2,0.812,91,0,16.5,32,0,697.32,2,Low,154.96,P4
CUST-02219,Mid-Market,Month-to-Month,Retail,Germany,Enterprise,41,102.09,2,0.68,-47,0,6.4,47,0,1225.08,4,Medium,544.48,P2
CUST-02220,SMB,12 Month,Online,US,Basic,44,41.72,2,0.276,20,1,3.9,14,0,500.64,4,Medium,222.51,P3
CUST-02221,SMB,12 Month,Online,UAE,Enterprise,34,15.22,1,0.599,-12,0,5.1,33,1,182.64,3,Medium,0.0,P3
CUST-02222,Consumer,Month-to-Month,Online,Germany,Standard,71,32.38,2,0.235,36,0,16.1,29,0,388.56,3,Medium,129.52,P3
CUST-02223,Consumer,24 Month,Direct Sales,US,Basic,59,86.95,1,0.45,13,0,3.6,49,0,1043.4,2,Low,231.87,P4
CUST-02224,Consumer,Month-to-Month,Online,UK,Standard,6,63.76,1,0.773,18,0,3.8,49,0,765.12,3,Medium,255.04,P3
CUST-02225,Consumer,12 Month,Direct Sales,India,Standard,51,65.41,1,0.701,-79,1,11.3,36,1,784.92,5,High,0.0,P3
CUST-02226,SMB,Month-to-Month,Direct Sales,Germany,Standard,60,14.21,3,0.216,-69,0,15.5,38,0,170.52,7,Critical,132.63,P3
CUST-02227,Consumer,Month-to-Month,Direct Sales,UK,Basic,36,99.11,3,0.453,-46,2,1.7,60,1,1189.32,7,Critical,0.0,P2
CUST-02228,Mid-Market,12 Month,Retail,UK,Standard,65,41.84,4,0.232,42,0,0.7,15,0,502.08,3,Medium,167.36,P3
CUST-02229,SMB,Month-to-Month,Online,UK,Enterprise,43,103.49,3,0.635,-22,0,10.5,46,0,1241.88,5,High,689.93,P2
CUST-02230,Consumer,Month-to-Month,Direct Sales,UK,Basic,67,49.53,0,0.289,-26,0,2.0,51,0,594.36,6,High,396.24,P3
CUST-02231,Enterprise,Month-to-Month,Online,UK,Standard,34,51.39,0,0.662,42,1,16.3,58,0,616.68,5,High,342.6,P3
CUST-02232,Consumer,Month-to-Month,Retail,UK,Basic,43,51.69,1,0.529,-29,0,4.8,8,1,620.28,2,Low,0.0,P4
CUST-02233,Mid-Market,12 Month,Online,UAE,Standard,29,44.05,2,0.256,-84,1,6.0,44,1,528.6,7,Critical,0.0,P3
CUST-02234,SMB,Month-to-Month,Online,UAE,Standard,34,55.17,1,0.621,56,0,8.6,41,0,662.04,3,Medium,220.68,P3
CUST-02235,Consumer,24 Month,Retail,UAE,Enterprise,49,55.95,2,0.63,-90,0,5.4,31,0,671.4,3,Medium,223.8,P3
CUST-02236,Consumer,Month-to-Month,Online,US,Premium,4,62.57,1,0.259,-34,0,0.3,24,0,750.84,4,Medium,333.71,P3
CUST-02237,Enterprise,24 Month,Online,UAE,Basic,2,95.91,4,0.86,-30,1,14.5,0,0,1150.92,4,Medium,511.52,P2
CUST-02238,Consumer,Month-to-Month,Online,India,Premium,50,33.91,1,0.465,64,0,8.8,51,0,406.92,3,Medium,135.64,P3
CUST-02239,Mid-Market,Month-to-Month,Online,US,Standard,66,87.24,1,0.25,-11,0,5.9,5,0,1046.88,4,Medium,465.28,P2
CUST-02240,Mid-Market,Month-to-Month,Online,UAE,Standard,49,28.43,4,0.604,-84,0,11.2,16,0,341.16,3,Medium,113.72,P3
CUST-02241,Enterprise,24 Month,Direct Sales,US,Premium,17,47.34,1,0.779,-37,0,9.9,39,0,568.08,3,Medium,189.36,P3
CUST-02242,SMB,Month-to-Month,Direct Sales,UAE,Enterprise,37,59.19,1,0.418,-55,0,6.3,2,0,710.28,2,Low,157.84,P4
CUST-02243,Consumer,12 Month,Retail,UK,Basic,29,18.34,0,0.108,-54,0,10.9,19,0,220.08,3,Medium,73.36,P3
CUST-02244,SMB,24 Month,Partner,US,Premium,6,51.84,1,0.642,25,0,15.9,40,1,622.08,2,Low,0.0,P4
CUST-02245,Consumer,24 Month,Retail,US,Enterprise,65,48.15,0,0.835,-47,1,4.2,41,0,577.8,5,High,321.0,P3
CUST-02246,SMB,12 Month,Online,UK,Premium,22,61.27,2,0.621,-6,0,4.9,41,0,735.24,3,Medium,245.08,P3
CUST-02247,Enterprise,12 Month,Direct Sales,UK,Standard,54,58.51,2,0.556,-99,0,20.5,19,0,702.12,1,Low,78.01,P4
CUST-02248,Consumer,Month-to-Month,Direct Sales,UK,Basic,40,102.47,2,0.082,98,0,9.4,43,0,1229.64,5,High,683.13,P2
CUST-02249,Enterprise,24 Month,Online,India,Enterprise,13,40.06,2,0.346,33,0,8.5,30,0,480.72,2,Low,106.83,P4
CUST-02250,Mid-Market,12 Month,Direct Sales,UAE,Premium,24,14.1,3,0.262,-86,0,4.7,40,1,169.2,6,High,0.0,P3
CUST-02251,Mid-Market,24 Month,Online,US,Premium,8,37.03,1,0.566,-68,2,26.1,53,0,444.36,5,High,246.87,P3
CUST-02252,SMB,12 Month,Online,UK,Premium,59,25.08,0,0.824,97,0,6.0,21,0,300.96,0,Low,0.0,P4
CUST-02253,Consumer,12 Month,Partner,US,Standard,24,24.43,1,0.648,82,0,6.3,37,0,293.16,2,Low,65.15,P4
CUST-02254,Enterprise,Month-to-Month,Retail,US,Enterprise,59,23.19,1,0.317,82,1,3.8,21,0,278.28,5,High,154.6,P3
CUST-02255,Enterprise,Month-to-Month,Online,UAE,Enterprise,42,19.53,1,0.89,49,0,2.8,44,0,234.36,3,Medium,78.12,P3
CUST-02256,Consumer,12 Month,Online,UAE,Premium,55,36.87,2,0.398,-45,0,10.4,4,0,442.44,1,Low,49.16,P4
CUST-02257,Mid-Market,12 Month,Retail,India,Premium,67,53.81,2,0.709,47,0,11.8,1,0,645.72,0,Low,0.0,P4
CUST-02258,Consumer,12 Month,Retail,UAE,Premium,5,46.54,3,0.564,-20,1,7.4,13,0,558.48,4,Medium,248.21,P3
CUST-02259,SMB,24 Month,Partner,Germany,Premium,45,98.52,3,0.308,79,1,11.7,48,0,1182.24,7,Critical,919.52,P2
CUST-02260,Consumer,Month-to-Month,Partner,UK,Enterprise,46,37.87,3,0.292,-6,1,9.5,42,0,454.44,9,Critical,454.44,P3
CUST-02261,Consumer,12 Month,Direct Sales,UK,Premium,63,30.86,4,0.034,-60,1,7.5,18,0,370.32,6,High,246.88,P3
CUST-02262,Mid-Market,12 Month,Retail,UAE,Standard,55,68.94,1,0.589,43,0,5.6,28,0,827.28,0,Low,0.0,P4
CUST-02263,SMB,Month-to-Month,Online,UK,Basic,40,92.4,3,0.768,82,0,9.3,9,0,1108.8,2,Low,246.4,P4
CUST-02264,Mid-Market,24 Month,Partner,Germany,Standard,43,54.79,1,0.426,98,0,5.0,55,0,657.48,2,Low,146.11,P4
CUST-02265,Consumer,24 Month,Retail,India,Basic,44,18.61,1,0.707,46,1,9.4,25,0,223.32,2,Low,49.63,P4
CUST-02266,Enterprise,24 Month,Online,US,Enterprise,61,61.9,4,0.912,98,0,3.6,3,0,742.8,1,Low,82.53,P4
CUST-02267,SMB,Month-to-Month,Direct Sales,UAE,Premium,28,145.97,2,0.506,-72,0,7.5,38,0,1751.64,4,Medium,778.51,P2
CUST-02268,SMB,24 Month,Online,US,Premium,27,51.91,4,0.817,-69,0,11.9,1,0,622.92,2,Low,138.43,P4
CUST-02269,Mid-Market,Month-to-Month,Direct Sales,US,Premium,52,52.74,0,0.887,-78,0,4.0,48,0,632.88,4,Medium,281.28,P3
CUST-02270,SMB,12 Month,Direct Sales,UAE,Premium,27,90.34,2,0.515,-94,0,14.2,54,0,1084.08,3,Medium,361.36,P3
CUST-02271,Mid-Market,12 Month,Retail,UK,Standard,68,60.99,0,0.38,42,0,4.0,33,0,731.88,2,Low,162.64,P4
CUST-02272,SMB,Month-to-Month,Direct Sales,UAE,Premium,63,41.4,1,0.422,-28,0,5.8,57,0,496.8,4,Medium,220.8,P3
CUST-02273,Consumer,Month-to-Month,Direct Sales,UAE,Standard,29,134.03,1,0.692,-93,0,9.0,57,1,1608.36,4,Medium,0.0,P2
CUST-02274,Consumer,12 Month,Online,UK,Premium,47,38.18,4,0.252,-39,0,6.9,2,0,458.16,4,Medium,203.63,P3
CUST-02275,SMB,12 Month,Partner,Germany,Premium,36,74.84,0,0.463,82,0,2.8,20,0,898.08,0,Low,0.0,P4
CUST-02276,Consumer,Month-to-Month,Direct Sales,US,Premium,22,76.62,0,0.584,-28,0,3.9,25,0,919.44,2,Low,204.32,P4
CUST-02277,SMB,Month-to-Month,Online,UK,Enterprise,10,65.79,2,0.625,67,1,1.8,38,0,789.48,5,High,438.6,P3
CUST-02278,Consumer,Month-to-Month,Retail,UAE,Basic,31,73.02,1,0.544,1,0,7.2,57,0,876.24,3,Medium,292.08,P3
CUST-02279,SMB,Month-to-Month,Direct Sales,UK,Basic,25,120.9,0,0.533,-6,1,6.6,47,0,1450.8,6,High,967.2,P2
CUST-02280,SMB,12 Month,Retail,UK,Premium,71,27.95,1,0.346,-84,0,13.4,59,1,335.4,5,High,0.0,P3
CUST-02281,Consumer,24 Month,Online,UK,Premium,10,195.55,1,0.677,18,0,14.2,22,0,2346.6,0,Low,0.0,P4
CUST-02282,Consumer,Month-to-Month,Direct Sales,UK,Enterprise,29,73.98,1,0.469,-74,0,3.0,59,0,887.76,4,Medium,394.56,P3
CUST-02283,Consumer,12 Month,Retail,UK,Basic,63,53.81,1,0.507,67,1,9.7,20,0,645.72,2,Low,143.49,P4
CUST-02284,Consumer,24 Month,Online,US,Standard,67,49.29,0,0.606,4,0,7.5,53,0,591.48,2,Low,131.44,P4
CUST-02285,Enterprise,12 Month,Online,UK,Basic,52,103.06,1,0.198,-77,1,8.0,21,0,1236.72,5,High,687.07,P2
CUST-02286,SMB,24 Month,Direct Sales,UK,Standard,47,43.06,2,0.433,-32,0,10.0,59,1,516.72,3,Medium,0.0,P3
CUST-02287,SMB,12 Month,Direct Sales,UK,Standard,45,76.98,1,0.838,-49,0,4.1,50,0,923.76,3,Medium,307.92,P3
CUST-02288,Consumer,12 Month,Direct Sales,UK,Basic,72,75.29,2,0.822,-35,0,13.3,28,0,903.48,1,Low,100.39,P4
CUST-02289,Enterprise,12 Month,Direct Sales,UK,Basic,14,254.43,3,0.835,-1,0,7.6,4,0,3053.16,2,Low,678.48,P4
CUST-02290,SMB,24 Month,Partner,Germany,Basic,54,22.83,2,0.7,54,0,2.8,20,0,273.96,0,Low,0.0,P4
CUST-02291,Consumer,12 Month,Direct Sales,UK,Basic,9,98.85,2,0.371,55,1,5.9,53,0,1186.2,4,Medium,527.2,P2
CUST-02292,Mid-Market,12 Month,Direct Sales,Germany,Standard,26,22.16,0,0.582,-6,0,1.9,1,0,265.92,1,Low,29.55,P4
CUST-02293,Consumer,Month-to-Month,Direct Sales,UK,Enterprise,27,66.49,1,0.852,-90,0,3.4,8,0,797.88,2,Low,177.31,P4
CUST-02294,SMB,12 Month,Retail,UK,Enterprise,60,40.33,1,0.361,-9,0,14.7,40,0,483.96,3,Medium,161.32,P3
CUST-02295,Mid-Market,Month-to-Month,Direct Sales,UAE,Enterprise,44,103.13,0,0.477,2,0,6.5,57,1,1237.56,3,Medium,0.0,P3
CUST-02296,SMB,24 Month,Online,US,Standard,56,39.38,2,0.501,18,2,6.1,52,0,472.56,4,Medium,210.03,P3
CUST-02297,SMB,Month-to-Month,Retail,Germany,Premium,12,58.14,5,0.48,9,0,1.3,20,0,697.68,2,Low,155.04,P4
CUST-02298,Consumer,12 Month,Direct Sales,Germany,Standard,24,52.98,2,0.679,-43,1,18.8,50,0,635.76,5,High,353.2,P3
CUST-02299,Consumer,12 Month,Partner,UK,Enterprise,8,55.01,2,0.625,1,0,5.1,31,0,660.12,2,Low,146.69,P4
CUST-02300,Consumer,Month-to-Month,Retail,India,Enterprise,38,100.2,4,0.448,75,1,14.0,53,1,1202.4,6,High,0.0,P2
CUST-02301,Mid-Market,Month-to-Month,Partner,UAE,Standard,57,28.31,2,0.083,1,2,5.7,59,1,339.72,7,Critical,0.0,P3
CUST-02302,Mid-Market,Month-to-Month,Online,India,Standard,24,32.05,1,0.686,12,0,19.1,41,0,384.6,3,Medium,128.2,P3
CUST-02303,Enterprise,Month-to-Month,Online,UAE,Basic,66,81.38,1,0.349,-83,0,15.5,36,0,976.56,6,High,651.04,P2
CUST-02304,Consumer,Month-to-Month,Direct Sales,US,Premium,48,42.82,3,0.432,67,0,6.4,21,0,513.84,2,Low,114.19,P4
CUST-02305,Enterprise,Month-to-Month,Partner,UK,Standard,41,224.92,2,0.713,89,0,11.2,25,0,2699.04,1,Low,299.89,P4
CUST-02306,Mid-Market,12 Month,Retail,US,Basic,28,35.17,2,0.129,10,1,8.5,41,1,422.04,6,High,0.0,P3
CUST-02307,Mid-Market,Month-to-Month,Online,India,Standard,40,42.53,1,0.774,-39,1,12.9,27,0,510.36,4,Medium,226.83,P3
CUST-02308,SMB,12 Month,Direct Sales,UK,Standard,54,54.59,0,0.729,-26,0,20.3,20,0,655.08,1,Low,72.79,P4
CUST-02309,SMB,Month-to-Month,Retail,UK,Premium,72,58.42,3,0.676,-53,0,10.7,23,0,701.04,3,Medium,233.68,P3
CUST-02310,Mid-Market,12 Month,Direct Sales,UAE,Standard,34,32.56,1,0.616,-77,0,13.3,23,1,390.72,1,Low,0.0,P4
CUST-02311,Consumer,Month-to-Month,Partner,UK,Enterprise,62,58.14,4,0.684,-58,1,11.8,51,1,697.68,7,Critical,0.0,P3
CUST-02312,Mid-Market,12 Month,Direct Sales,UAE,Premium,17,24.67,3,0.224,95,1,2.2,56,1,296.04,7,Critical,0.0,P3
CUST-02313,Consumer,Month-to-Month,Retail,Germany,Standard,30,70.65,4,0.419,44,0,1.6,24,0,847.8,2,Low,188.4,P4
CUST-02314,Mid-Market,Month-to-Month,Direct Sales,UK,Premium,10,50.25,1,0.62,-16,0,1.3,27,0,603.0,2,Low,134.0,P4
CUST-02315,Consumer,12 Month,Online,India,Standard,66,25.43,0,0.772,80,0,12.0,52,0,305.16,2,Low,67.81,P4
CUST-02316,Consumer,Month-to-Month,Direct Sales,Germany,Premium,25,69.34,0,0.31,53,0,17.1,10,0,832.08,3,Medium,277.36,P3
CUST-02317,Mid-Market,Month-to-Month,Direct Sales,Germany,Basic,65,34.6,1,0.256,-91,0,0.1,35,1,415.2,6,High,0.0,P3
CUST-02318,Mid-Market,24 Month,Partner,UAE,Standard,27,74.88,0,0.867,92,0,9.6,44,0,898.56,2,Low,199.68,P4
CUST-02319,SMB,24 Month,Partner,UAE,Premium,53,99.84,0,0.814,13,2,21.0,17,0,1198.08,2,Low,266.24,P4
CUST-02320,Enterprise,12 Month,Direct Sales,India,Basic,40,65.79,3,0.35,-67,0,3.2,2,0,789.48,2,Low,175.44,P4
CUST-02321,Consumer,24 Month,Online,India,Premium,16,23.5,3,0.665,-10,2,18.4,31,0,282.0,6,High,188.0,P3
CUST-02322,Consumer,Month-to-Month,Direct Sales,UK,Basic,69,32.93,3,0.443,-4,0,2.0,5,0,395.16,3,Medium,131.72,P3
CUST-02323,SMB,12 Month,Online,India,Premium,14,31.95,3,0.316,23,0,19.5,0,0,383.4,3,Medium,127.8,P3
CUST-02324,Consumer,12 Month,Online,Germany,Basic,28,238.81,0,0.58,-37,0,4.2,32,0,2865.72,3,Medium,955.24,P3
CUST-02325,Consumer,Month-to-Month,Partner,US,Basic,26,70.4,3,0.681,68,1,22.2,24,0,844.8,4,Medium,375.47,P3
CUST-02326,Consumer,12 Month,Direct Sales,US,Enterprise,25,111.11,1,0.18,-2,0,5.3,39,1,1333.32,5,High,0.0,P2
CUST-02327,Mid-Market,12 Month,Online,India,Premium,24,37.83,2,0.523,-65,0,14.0,25,0,453.96,1,Low,50.44,P4
CUST-02328,Consumer,24 Month,Retail,US,Premium,8,71.66,3,0.351,-50,1,8.6,51,0,859.92,6,High,573.28,P3
CUST-02329,Mid-Market,24 Month,Direct Sales,India,Premium,4,28.14,2,0.832,-97,0,10.4,19,0,337.68,1,Low,37.52,P4
CUST-02330,SMB,Month-to-Month,Direct Sales,India,Basic,60,54.79,2,0.587,-10,1,5.3,8,0,657.48,4,Medium,292.21,P3
CUST-02331,Consumer,Month-to-Month,Direct Sales,US,Basic,8,99.29,3,0.249,75,0,15.5,47,1,1191.48,6,High,0.0,P2
CUST-02332,Consumer,12 Month,Retail,US,Basic,50,22.88,0,0.796,33,0,9.6,25,0,274.56,0,Low,0.0,P4
CUST-02333,SMB,Month-to-Month,Retail,UK,Standard,22,63.59,0,0.309,47,0,13.6,20,1,763.08,3,Medium,0.0,P3
CUST-02334,Consumer,12 Month,Retail,US,Basic,72,27.53,4,0.494,-80,0,5.6,44,0,330.36,4,Medium,146.83,P3
CUST-02335,Consumer,Month-to-Month,Online,India,Standard,62,75.89,7,0.589,86,0,1.1,40,1,910.68,4,Medium,0.0,P2
CUST-02336,Consumer,12 Month,Online,UK,Basic,17,43.28,2,0.576,40,0,1.6,38,1,519.36,2,Low,0.0,P4
CUST-02337,Consumer,Month-to-Month,Online,India,Premium,72,105.75,4,0.186,67,0,5.2,44,0,1269.0,6,High,846.0,P2
CUST-02338,SMB,24 Month,Partner,UAE,Standard,63,139.56,1,0.18,-48,1,8.4,10,0,1674.72,5,High,930.4,P2
CUST-02339,Mid-Market,12 Month,Direct Sales,US,Premium,17,54.42,4,0.134,-4,0,12.1,2,1,653.04,4,Medium,0.0,P3
CUST-02340,Mid-Market,24 Month,Retail,Germany,Basic,26,39.29,0,0.434,13,0,9.6,21,1,471.48,0,Low,0.0,P4
CUST-02341,Consumer,24 Month,Partner,UK,Standard,61,58.75,4,0.465,45,0,9.0,13,0,705.0,1,Low,78.33,P4
CUST-02342,Mid-Market,24 Month,Direct Sales,US,Basic,27,141.89,0,0.624,-92,0,5.4,7,0,1702.68,1,Low,189.19,P4
CUST-02343,SMB,Month-to-Month,Direct Sales,UK,Premium,14,62.34,1,0.582,-74,0,19.5,16,0,748.08,2,Low,166.24,P4
CUST-02344,Mid-Market,Month-to-Month,Direct Sales,UAE,Enterprise,46,15.8,4,0.304,-31,0,13.0,10,1,189.6,5,High,0.0,P3
CUST-02345,Consumer,24 Month,Direct Sales,UK,Basic,17,64.34,3,0.132,97,0,21.4,21,0,772.08,3,Medium,257.36,P3
CUST-02346,Consumer,Month-to-Month,Online,UK,Premium,36,70.72,1,0.502,94,1,5.1,10,0,848.64,3,Medium,282.88,P3
CUST-02347,Consumer,Month-to-Month,Online,India,Standard,30,35.65,2,0.752,-46,0,23.5,35,0,427.8,4,Medium,190.13,P3
CUST-02348,Mid-Market,12 Month,Online,Germany,Premium,39,13.41,2,0.205,-93,0,2.9,41,0,160.92,5,High,89.4,P3
CUST-02349,SMB,24 Month,Direct Sales,UK,Basic,6,51.54,5,0.185,16,0,16.7,47,0,618.48,5,High,343.6,P3
CUST-02350,Mid-Market,Month-to-Month,Direct Sales,Germany,Enterprise,52,85.65,3,0.794,-58,0,6.8,48,1,1027.8,5,High,0.0,P2
CUST-02351,Mid-Market,Month-to-Month,Online,UAE,Enterprise,46,46.56,1,0.788,-53,0,2.5,33,0,558.72,4,Medium,248.32,P3
CUST-02352,SMB,24 Month,Direct Sales,UK,Standard,7,24.99,0,0.344,23,0,6.8,44,0,299.88,4,Medium,133.28,P3
CUST-02353,SMB,Month-to-Month,Retail,UK,Premium,16,37.01,2,0.338,-56,1,0.5,23,0,444.12,6,High,296.08,P3
CUST-02354,SMB,24 Month,Online,UAE,Enterprise,38,134.82,2,0.415,-28,0,1.4,35,0,1617.84,3,Medium,539.28,P3
CUST-02355,SMB,Month-to-Month,Retail,UAE,Premium,42,128.06,1,0.882,83,0,1.7,23,0,1536.72,1,Low,170.75,P4
CUST-02356,SMB,24 Month,Direct Sales,India,Enterprise,15,46.46,3,0.644,-23,1,4.3,9,0,557.52,4,Medium,247.79,P3
CUST-02357,Mid-Market,12 Month,Partner,India,Basic,47,46.09,2,0.872,21,0,6.9,54,0,553.08,2,Low,122.91,P4
CUST-02358,Consumer,Month-to-Month,Direct Sales,UAE,Basic,38,17.46,3,0.746,97,0,11.8,48,1,209.52,4,Medium,0.0,P3
CUST-02359,Mid-Market,Month-to-Month,Partner,US,Premium,44,88.17,1,0.599,-60,0,4.7,15,1,1058.04,2,Low,0.0,P4
CUST-02360,Consumer,Month-to-Month,Online,India,Basic,28,51.23,1,0.826,20,0,9.9,18,0,614.76,1,Low,68.31,P4
CUST-02361,SMB,Month-to-Month,Direct Sales,UAE,Basic,11,78.2,1,0.53,-4,0,12.6,13,0,938.4,2,Low,208.53,P4
CUST-02362,SMB,Month-to-Month,Partner,India,Basic,40,74.92,1,0.648,-5,0,5.8,58,0,899.04,4,Medium,399.57,P3
CUST-02363,SMB,12 Month,Direct Sales,US,Basic,41,141.42,2,0.375,-74,0,18.7,12,0,1697.04,1,Low,188.56,P4
CUST-02364,Consumer,24 Month,Direct Sales,US,Standard,63,19.37,2,0.802,-15,0,5.4,17,0,232.44,1,Low,25.83,P4
CUST-02365,Mid-Market,Month-to-Month,Partner,UK,Enterprise,1,260.24,5,0.578,-45,0,3.7,16,0,3122.88,3,Medium,1040.96,P3
CUST-02366,Enterprise,Month-to-Month,Online,US,Basic,65,93.82,1,0.808,81,0,10.6,9,0,1125.84,1,Low,125.09,P4
CUST-02367,Mid-Market,Month-to-Month,Direct Sales,Germany,Enterprise,67,80.12,1,0.915,7,2,11.5,41,1,961.44,5,High,0.0,P2
CUST-02368,Mid-Market,12 Month,Partner,UK,Basic,6,115.63,2,0.618,45,0,7.6,17,0,1387.56,0,Low,0.0,P4
CUST-02369,SMB,24 Month,Online,Germany,Enterprise,71,49.66,2,0.95,54,0,10.9,23,0,595.92,0,Low,0.0,P4
CUST-02370,Consumer,Month-to-Month,Online,India,Enterprise,1,45.2,1,0.254,65,1,3.3,40,1,542.4,7,Critical,0.0,P3
CUST-02371,Consumer,24 Month,Retail,UK,Basic,48,37.54,4,0.303,52,0,6.8,17,0,450.48,3,Medium,150.16,P3
CUST-02372,SMB,Month-to-Month,Direct Sales,UAE,Standard,51,68.5,1,0.627,-69,0,8.4,3,0,822.0,2,Low,182.67,P4
CUST-02373,SMB,12 Month,Online,Germany,Enterprise,5,32.53,0,0.222,-79,0,4.4,56,1,390.36,5,High,0.0,P3
CUST-02374,Mid-Market,Month-to-Month,Online,India,Premium,28,50.45,3,0.328,76,0,12.5,58,1,605.4,6,High,0.0,P3
CUST-02375,Consumer,Month-to-Month,Online,US,Premium,57,72.13,1,0.651,89,0,4.3,39,0,865.56,3,Medium,288.52,P3
CUST-02376,SMB,24 Month,Online,India,Basic,46,52.73,0,0.517,-31,1,3.6,14,0,632.76,3,Medium,210.92,P3
CUST-02377,Mid-Market,12 Month,Retail,US,Basic,47,111.22,1,0.426,-37,0,15.8,25,0,1334.64,1,Low,148.29,P4
CUST-02378,Enterprise,Month-to-Month,Direct Sales,Germany,Basic,71,57.64,3,0.242,-57,0,2.6,55,1,691.68,7,Critical,0.0,P3
CUST-02379,Mid-Market,Month-to-Month,Retail,US,Basic,41,44.21,1,0.122,16,0,23.6,43,0,530.52,5,High,294.73,P3
CUST-02380,SMB,Month-to-Month,Online,UK,Premium,6,66.64,1,0.897,-58,0,13.7,30,0,799.68,2,Low,177.71,P4
CUST-02381,Consumer,Month-to-Month,Retail,UK,Standard,16,132.84,1,0.5,2,0,7.2,45,0,1594.08,3,Medium,531.36,P3
CUST-02382,Enterprise,Month-to-Month,Direct Sales,India,Standard,28,54.37,2,0.897,69,0,4.6,21,0,652.44,1,Low,72.49,P4
CUST-02383,Consumer,Month-to-Month,Partner,UAE,Basic,65,73.01,2,0.742,-45,0,11.1,6,0,876.12,2,Low,194.69,P4
CUST-02384,SMB,Month-to-Month,Online,India,Standard,57,67.9,3,0.255,-32,0,21.1,1,0,814.8,5,High,452.67,P3
CUST-02385,Mid-Market,24 Month,Partner,UK,Premium,40,30.51,2,0.654,84,0,3.3,39,0,366.12,2,Low,81.36,P4
CUST-02386,Consumer,12 Month,Direct Sales,UAE,Standard,44,124.27,1,0.472,-71,1,11.6,44,1,1491.24,5,High,0.0,P2
CUST-02387,Consumer,Month-to-Month,Direct Sales,UK,Basic,35,72.86,1,0.558,47,0,1.6,33,0,874.32,3,Medium,291.44,P3
CUST-02388,Consumer,Month-to-Month,Direct Sales,India,Premium,52,27.13,3,0.423,-34,0,4.0,15,0,325.56,3,Medium,108.52,P3
CUST-02389,SMB,Month-to-Month,Partner,US,Basic,42,78.32,4,0.276,60,0,1.6,60,1,939.84,6,High,0.0,P2
CUST-02390,Consumer,12 Month,Direct Sales,UAE,Basic,6,54.78,4,0.805,43,0,13.0,34,0,657.36,3,Medium,219.12,P3
CUST-02391,Mid-Market,Month-to-Month,Direct Sales,US,Standard,34,53.74,1,0.722,-57,0,13.1,36,0,644.88,4,Medium,286.61,P3
CUST-02392,Mid-Market,24 Month,Partner,UAE,Enterprise,62,167.71,2,0.427,-27,0,13.9,59,0,2012.52,3,Medium,670.84,P3
CUST-02393,Mid-Market,12 Month,Direct Sales,India,Standard,13,15.44,3,0.611,-7,1,2.9,14,1,185.28,4,Medium,0.0,P3
CUST-02394,SMB,12 Month,Direct Sales,UAE,Premium,14,84.94,2,0.952,-96,0,0.2,39,0,1019.28,3,Medium,339.76,P3
CUST-02395,Enterprise,Month-to-Month,Online,UK,Standard,24,67.76,0,0.392,-42,0,4.5,57,0,813.12,4,Medium,361.39,P3
CUST-02396,SMB,Month-to-Month,Retail,UK,Premium,36,25.33,2,0.812,-11,0,6.7,51,1,303.96,4,Medium,0.0,P3
CUST-02397,Consumer,Month-to-Month,Retail,US,Basic,64,28.27,2,0.572,-90,1,4.8,29,0,339.24,4,Medium,150.77,P3
CUST-02398,Enterprise,Month-to-Month,Retail,UK,Standard,30,30.59,4,0.502,-23,0,9.7,12,0,367.08,3,Medium,122.36,P3
CUST-02399,Consumer,12 Month,Online,US,Standard,32,58.64,4,0.425,78,1,2.9,21,0,703.68,3,Medium,234.56,P3
CUST-02400,SMB,12 Month,Retail,India,Premium,46,170.9,5,0.936,-35,0,0.3,48,1,2050.8,4,Medium,0.0,P2
CUST-02401,Enterprise,24 Month,Partner,UK,Basic,40,117.7,1,0.635,5,0,7.1,33,0,1412.4,2,Low,313.87,P4
CUST-02402,SMB,12 Month,Online,US,Standard,62,33.25,1,0.282,79,0,6.8,43,0,399.0,4,Medium,177.33,P3
CUST-02403,SMB,12 Month,Partner,Germany,Basic,48,29.54,0,0.386,-20,1,17.0,18,0,354.48,3,Medium,118.16,P3
CUST-02404,Consumer,Month-to-Month,Direct Sales,US,Standard,9,26.35,1,0.261,-39,2,15.9,14,1,316.2,6,High,0.0,P3
CUST-02405,SMB,12 Month,Online,India,Standard,63,43.47,3,0.609,43,0,2.0,58,0,521.64,3,Medium,173.88,P3
CUST-02406,Mid-Market,Month-to-Month,Partner,UAE,Basic,7,67.21,0,0.353,-19,0,8.6,43,1,806.52,4,Medium,0.0,P3
CUST-02407,Mid-Market,Month-to-Month,Partner,India,Basic,10,94.1,0,0.556,-68,0,1.1,35,0,1129.2,4,Medium,501.87,P2
CUST-02408,Consumer,12 Month,Online,UAE,Standard,37,99.18,3,0.643,86,2,1.6,56,0,1190.16,5,High,661.2,P2
CUST-02409,Consumer,Month-to-Month,Direct Sales,India,Basic,7,138.3,2,0.149,-1,2,15.0,45,0,1659.6,8,Critical,1475.2,P1
CUST-02410,Enterprise,24 Month,Online,US,Basic,42,64.73,1,0.593,1,0,14.3,30,0,776.76,0,Low,0.0,P4
CUST-02411,Consumer,Month-to-Month,Online,UK,Premium,38,46.78,1,0.15,84,0,4.9,56,0,561.36,5,High,311.87,P3
CUST-02412,Mid-Market,12 Month,Partner,US,Standard,15,48.03,2,0.274,66,1,2.1,17,0,576.36,4,Medium,256.16,P3
CUST-02413,Mid-Market,Month-to-Month,Direct Sales,UK,Premium,60,104.13,4,0.638,-58,1,9.1,54,0,1249.56,7,Critical,971.88,P2
CUST-02414,Consumer,12 Month,Retail,UAE,Standard,38,73.11,3,0.26,-56,1,4.3,59,0,877.32,8,Critical,779.84,P3
CUST-02415,Consumer,24 Month,Direct Sales,US,Standard,9,55.26,2,0.463,-65,0,1.5,52,1,663.12,3,Medium,0.0,P3
CUST-02416,Enterprise,24 Month,Online,US,Standard,5,47.46,3,0.589,97,1,8.5,8,0,569.52,3,Medium,189.84,P3
CUST-02417,Mid-Market,24 Month,Partner,US,Premium,14,101.94,0,0.765,-96,1,1.5,36,0,1223.28,5,High,679.6,P2
CUST-02418,SMB,12 Month,Online,Germany,Standard,18,51.05,2,0.792,66,0,5.4,51,0,612.6,2,Low,136.13,P4
CUST-02419,Enterprise,12 Month,Retail,UAE,Basic,41,71.31,3,0.872,-50,1,14.0,35,1,855.72,6,High,0.0,P3
CUST-02420,SMB,Month-to-Month,Direct Sales,India,Standard,62,85.11,2,0.268,-85,1,8.4,34,1,1021.32,8,Critical,0.0,P2
CUST-02421,Consumer,12 Month,Direct Sales,India,Standard,37,32.55,4,0.352,23,0,3.3,31,0,390.6,3,Medium,130.2,P3
CUST-02422,Consumer,12 Month,Direct Sales,UAE,Basic,51,53.89,0,0.44,56,1,2.6,32,0,646.68,4,Medium,287.41,P3
CUST-02423,Mid-Market,Month-to-Month,Direct Sales,UAE,Enterprise,24,74.65,2,0.843,-68,0,9.4,13,1,895.8,2,Low,0.0,P4
CUST-02424,Enterprise,Month-to-Month,Online,Germany,Standard,19,42.98,2,0.453,-6,0,8.9,58,0,515.76,4,Medium,229.23,P3
CUST-02425,Enterprise,12 Month,Retail,US,Basic,64,52.12,2,0.049,97,1,15.8,23,0,625.44,4,Medium,277.97,P3
CUST-02426,SMB,24 Month,Direct Sales,UK,Basic,66,75.68,1,0.631,-48,1,0.4,29,0,908.16,3,Medium,302.72,P3
CUST-02427,SMB,12 Month,Retail,India,Standard,31,26.59,2,0.445,-94,0,2.4,28,0,319.08,1,Low,35.45,P4
CUST-02428,Mid-Market,Month-to-Month,Direct Sales,UAE,Standard,34,54.12,6,0.238,0,0,16.1,36,1,649.44,6,High,0.0,P3
CUST-02429,Consumer,Month-to-Month,Direct Sales,US,Premium,55,61.65,0,0.39,26,2,14.2,48,1,739.8,5,High,0.0,P3
CUST-02430,Enterprise,Month-to-Month,Direct Sales,UAE,Basic,55,33.72,3,0.208,-17,0,4.6,23,0,404.64,5,High,224.8,P3
CUST-02431,Consumer,24 Month,Online,US,Basic,50,35.0,0,0.551,-76,0,2.6,12,0,420.0,1,Low,46.67,P4
CUST-02432,SMB,Month-to-Month,Partner,UK,Basic,19,31.72,1,0.712,-41,3,5.0,1,0,380.64,4,Medium,169.17,P3
CUST-02433,Consumer,Month-to-Month,Direct Sales,India,Basic,3,55.36,2,0.471,31,0,17.9,52,0,664.32,3,Medium,221.44,P3
CUST-02434,Enterprise,24 Month,Online,UK,Premium,42,108.75,2,0.172,59,0,12.9,19,1,1305.0,2,Low,0.0,P4
CUST-02435,Consumer,12 Month,Partner,Germany,Standard,20,187.36,1,0.396,94,1,3.4,60,0,2248.32,4,Medium,999.25,P2
CUST-02436,Mid-Market,Month-to-Month,Online,US,Premium,67,33.41,2,0.672,48,1,1.8,43,0,400.92,5,High,222.73,P3
CUST-02437,Mid-Market,Month-to-Month,Partner,India,Standard,44,51.29,0,0.596,-96,2,6.2,9,1,615.48,4,Medium,0.0,P3
CUST-02438,Enterprise,Month-to-Month,Online,UK,Premium,26,35.79,1,0.534,96,0,2.2,11,0,429.48,1,Low,47.72,P4
CUST-02439,Consumer,12 Month,Online,India,Enterprise,46,22.77,1,0.736,-31,0,7.9,39,0,273.24,3,Medium,91.08,P3
CUST-02440,Mid-Market,Month-to-Month,Retail,India,Basic,64,80.15,2,0.774,-79,0,5.8,52,1,961.8,4,Medium,0.0,P2
CUST-02441,Consumer,Month-to-Month,Online,UK,Enterprise,22,43.47,0,0.804,-90,0,3.5,16,0,521.64,2,Low,115.92,P4
CUST-02442,SMB,Month-to-Month,Online,UK,Basic,9,25.58,2,0.342,-23,0,10.0,49,1,306.96,6,High,0.0,P3
CUST-02443,Consumer,Month-to-Month,Online,US,Standard,69,22.26,2,0.806,98,0,15.2,44,0,267.12,3,Medium,89.04,P3
CUST-02444,Consumer,24 Month,Direct Sales,UK,Standard,11,52.72,1,0.27,96,0,6.1,50,0,632.64,4,Medium,281.17,P3
CUST-02445,Consumer,12 Month,Retail,US,Standard,53,53.3,0,0.664,-26,0,3.3,14,0,639.6,1,Low,71.07,P4
CUST-02446,SMB,12 Month,Partner,US,Premium,62,115.89,2,0.551,-99,0,3.3,9,0,1390.68,1,Low,154.52,P4
CUST-02447,SMB,Month-to-Month,Retail,US,Standard,24,68.14,1,0.545,-11,0,15.0,38,0,817.68,4,Medium,363.41,P3
CUST-02448,SMB,12 Month,Partner,US,Enterprise,51,125.18,1,0.341,-99,2,2.5,13,0,1502.16,5,High,834.53,P2
CUST-02449,Mid-Market,Month-to-Month,Online,UAE,Standard,17,51.12,4,0.327,-6,0,2.4,13,0,613.44,5,High,340.8,P3
CUST-02450,SMB,12 Month,Partner,India,Basic,44,98.94,5,0.356,-45,0,1.8,41,0,1187.28,4,Medium,527.68,P2
CUST-02451,Mid-Market,Month-to-Month,Online,Germany,Enterprise,63,23.55,4,0.655,15,1,14.4,13,0,282.6,4,Medium,125.6,P3
CUST-02452,SMB,12 Month,Online,US,Premium,4,133.32,2,0.337,-27,1,4.2,17,0,1599.84,5,High,888.8,P2
CUST-02453,Enterprise,12 Month,Direct Sales,India,Premium,28,38.91,2,0.637,-77,0,1.2,42,1,466.92,3,Medium,0.0,P3
CUST-02454,Mid-Market,Month-to-Month,Partner,India,Basic,42,51.42,6,0.118,-18,0,0.3,2,0,617.04,5,High,342.8,P3
CUST-02455,Enterprise,Month-to-Month,Online,UK,Basic,56,101.07,1,0.536,100,0,5.2,21,0,1212.84,1,Low,134.76,P4
CUST-02456,Mid-Market,12 Month,Direct Sales,Germany,Standard,39,130.32,3,0.667,10,0,2.4,40,0,1563.84,3,Medium,521.28,P3
CUST-02457,Mid-Market,12 Month,Retail,India,Standard,17,39.28,1,0.189,59,0,22.4,48,1,471.36,4,Medium,0.0,P3
CUST-02458,SMB,24 Month,Direct Sales,UK,Basic,18,45.11,4,0.883,22,0,6.6,32,0,541.32,3,Medium,180.44,P3
CUST-02459,Consumer,Month-to-Month,Direct Sales,UK,Basic,66,91.84,5,0.406,91,0,9.0,42,1,1102.08,4,Medium,0.0,P2
CUST-02460,Enterprise,12 Month,Online,UK,Basic,65,86.1,1,0.947,-29,1,6.3,33,0,1033.2,5,High,574.0,P2
CUST-02461,Consumer,24 Month,Retail,UK,Premium,53,29.68,6,0.397,44,0,1.5,47,0,356.16,3,Medium,118.72,P3
CUST-02462,Consumer,12 Month,Online,UK,Basic,36,64.06,1,0.748,-39,0,15.7,36,0,768.72,3,Medium,256.24,P3
CUST-02463,SMB,Month-to-Month,Partner,India,Basic,1,29.21,0,0.855,21,1,15.5,13,0,350.52,3,Medium,116.84,P3
CUST-02464,Mid-Market,12 Month,Direct Sales,UAE,Premium,1,42.97,2,0.496,57,0,14.1,27,0,515.64,0,Low,0.0,P4
CUST-02465,Enterprise,Month-to-Month,Online,India,Standard,15,15.06,1,0.938,-99,0,2.5,52,0,180.72,4,Medium,80.32,P3
CUST-02466,Mid-Market,Month-to-Month,Partner,India,Standard,59,138.08,2,0.484,-86,1,3.5,46,0,1656.96,6,High,1104.64,P1
CUST-02467,Mid-Market,Month-to-Month,Direct Sales,UAE,Basic,54,75.55,2,0.445,-54,0,3.0,21,1,906.6,2,Low,0.0,P4
CUST-02468,Enterprise,Month-to-Month,Direct Sales,US,Basic,11,16.48,0,0.855,75,1,4.1,0,0,197.76,3,Medium,65.92,P3
CUST-02469,Consumer,Month-to-Month,Online,UK,Premium,37,80.15,2,0.595,95,0,4.3,57,0,961.8,3,Medium,320.6,P3
CUST-02470,Consumer,24 Month,Online,UAE,Basic,72,78.54,4,0.57,93,1,5.7,47,0,942.48,5,High,523.6,P2
CUST-02471,Enterprise,24 Month,Online,US,Standard,12,59.39,1,0.314,-94,1,9.5,47,1,712.68,7,Critical,0.0,P3
CUST-02472,Consumer,12 Month,Retail,India,Standard,21,88.28,3,0.646,53,1,9.1,32,1,1059.36,5,High,0.0,P2
CUST-02473,Mid-Market,Month-to-Month,Online,Germany,Basic,23,57.07,2,0.83,-81,1,1.4,6,0,684.84,4,Medium,304.37,P3
CUST-02474,Enterprise,Month-to-Month,Direct Sales,US,Standard,43,68.75,0,0.845,-69,0,5.9,11,0,825.0,2,Low,183.33,P4
CUST-02475,Consumer,12 Month,Direct Sales,UK,Basic,27,46.74,2,0.358,-94,0,10.2,48,0,560.88,3,Medium,186.96,P3
CUST-02476,Mid-Market,Month-to-Month,Direct Sales,UK,Standard,9,84.38,4,0.839,60,0,13.0,47,0,1012.56,4,Medium,450.03,P2
CUST-02477,Consumer,Month-to-Month,Online,US,Premium,63,55.95,1,0.425,-10,0,5.8,41,0,671.4,4,Medium,298.4,P3
CUST-02478,Consumer,24 Month,Direct Sales,US,Basic,58,66.06,1,0.026,-49,0,0.4,8,0,792.72,3,Medium,264.24,P3
CUST-02479,Enterprise,12 Month,Direct Sales,Germany,Basic,56,46.54,1,0.516,-72,0,7.4,54,0,558.48,3,Medium,186.16,P3
CUST-02480,SMB,12 Month,Online,UAE,Enterprise,50,30.06,1,0.762,96,0,15.5,30,0,360.72,0,Low,0.0,P4
CUST-02481,Enterprise,12 Month,Online,UAE,Standard,11,39.42,1,0.25,36,1,11.7,2,0,473.04,4,Medium,210.24,P3
CUST-02482,SMB,12 Month,Online,Germany,Standard,30,82.9,3,0.363,32,0,5.6,54,0,994.8,3,Medium,331.6,P3
CUST-02483,Consumer,Month-to-Month,Direct Sales,UK,Basic,39,40.45,3,0.702,13,0,3.7,46,1,485.4,4,Medium,0.0,P3
CUST-02484,Mid-Market,Month-to-Month,Direct Sales,US,Premium,18,138.95,1,0.453,-87,3,3.0,19,0,1667.4,4,Medium,741.07,P2
CUST-02485,Consumer,Month-to-Month,Retail,US,Premium,70,95.81,5,0.11,-26,0,7.1,19,0,1149.72,5,High,638.73,P2
CUST-02486,SMB,24 Month,Direct Sales,India,Basic,42,87.34,0,0.066,-26,3,14.8,12,0,1048.08,5,High,582.27,P2
CUST-02487,SMB,12 Month,Partner,UAE,Standard,65,77.08,3,0.629,-46,0,4.7,47,0,924.96,4,Medium,411.09,P2
CUST-02488,Mid-Market,Month-to-Month,Online,UK,Basic,9,53.74,1,0.764,26,1,0.3,54,1,644.88,5,High,0.0,P3
CUST-02489,Consumer,12 Month,Direct Sales,UK,Basic,39,89.03,3,0.308,64,0,22.3,45,0,1068.36,5,High,593.53,P2
CUST-02490,Consumer,Month-to-Month,Online,Germany,Standard,11,164.41,3,0.742,60,1,12.1,8,0,1972.92,4,Medium,876.85,P2
CUST-02491,SMB,Month-to-Month,Direct Sales,Germany,Basic,48,100.83,6,0.41,-51,0,15.3,60,0,1209.96,5,High,672.2,P2
CUST-02492,Consumer,Month-to-Month,Partner,India,Standard,11,33.96,1,0.269,-39,0,3.6,7,1,407.52,4,Medium,0.0,P3
CUST-02493,Mid-Market,24 Month,Partner,UAE,Basic,3,48.68,1,0.775,-73,0,3.0,44,0,584.16,3,Medium,194.72,P3
CUST-02494,Enterprise,12 Month,Retail,India,Premium,42,40.14,4,0.444,-75,0,9.8,43,0,481.68,4,Medium,214.08,P3
CUST-02495,SMB,Month-to-Month,Online,UK,Standard,5,82.39,0,0.605,25,1,2.4,5,0,988.68,3,Medium,329.56,P3
CUST-02496,Consumer,Month-to-Month,Direct Sales,UK,Standard,42,120.07,4,0.581,28,0,8.4,10,0,1440.84,2,Low,320.19,P4
CUST-02497,Enterprise,Month-to-Month,Online,Germany,Premium,1,24.53,4,0.54,37,2,1.5,31,1,294.36,6,High,0.0,P3
CUST-02498,Consumer,Month-to-Month,Retail,UK,Premium,43,52.95,2,0.314,94,0,17.0,18,0,635.4,3,Medium,211.8,P3
CUST-02499,Consumer,Month-to-Month,Direct Sales,India,Premium,51,18.17,3,0.54,-19,0,5.9,26,0,218.04,3,Medium,72.68,P3
CUST-02500,Consumer,Month-to-Month,Direct Sales,India,Standard,70,30.34,3,0.525,-94,0,9.9,31,0,364.08,5,High,202.27,P3
CUST-02501,Consumer,Month-to-Month,Online,US,Basic,21,44.49,3,0.624,34,0,6.8,55,0,533.88,4,Medium,237.28,P3
CUST-02502,Consumer,Month-to-Month,Retail,India,Standard,15,90.8,1,0.468,-63,1,2.7,16,0,1089.6,4,Medium,484.27,P2
CUST-02503,Consumer,24 Month,Partner,UK,Standard,8,38.99,0,0.338,34,0,20.6,42,1,467.88,4,Medium,0.0,P3
CUST-02504,SMB,12 Month,Direct Sales,UAE,Premium,33,14.75,2,0.794,91,0,2.4,45,0,177.0,2,Low,39.33,P4
CUST-02505,SMB,12 Month,Online,US,Enterprise,53,60.36,0,0.384,23,0,19.2,11,0,724.32,0,Low,0.0,P4
CUST-02506,Enterprise,Month-to-Month,Direct Sales,UK,Enterprise,55,105.28,2,0.775,88,0,2.1,38,0,1263.36,3,Medium,421.12,P3
CUST-02507,Consumer,Month-to-Month,Online,India,Basic,55,65.52,1,0.487,54,0,8.3,7,0,786.24,1,Low,87.36,P4
CUST-02508,Enterprise,12 Month,Online,US,Premium,53,98.37,4,0.607,56,0,8.4,54,0,1180.44,3,Medium,393.48,P3
CUST-02509,SMB,Month-to-Month,Retail,India,Enterprise,36,105.94,1,0.516,78,0,1.7,10,0,1271.28,1,Low,141.25,P4
CUST-02510,Consumer,Month-to-Month,Partner,UAE,Standard,27,62.0,4,0.63,54,0,7.6,31,0,744.0,4,Medium,330.67,P3
CUST-02511,Mid-Market,Month-to-Month,Online,UK,Basic,8,103.75,2,0.972,32,0,1.1,18,0,1245.0,1,Low,138.33,P4
CUST-02512,Consumer,12 Month,Online,US,Standard,5,142.23,0,0.672,33,1,3.6,9,0,1706.76,2,Low,379.28,P4
CUST-02513,Enterprise,24 Month,Online,UK,Enterprise,54,46.67,2,0.23,-22,1,3.5,29,1,560.04,5,High,0.0,P3
CUST-02514,SMB,12 Month,Online,UK,Standard,47,107.63,1,0.196,50,0,6.8,30,0,1291.56,2,Low,287.01,P4
CUST-02515,Consumer,Month-to-Month,Direct Sales,UK,Premium,4,46.7,1,0.229,-83,3,10.7,57,1,560.4,8,Critical,0.0,P3
CUST-02516,Consumer,24 Month,Online,UK,Standard,29,61.24,2,0.094,69,0,8.7,6,0,734.88,2,Low,163.31,P4
CUST-02517,Consumer,12 Month,Partner,India,Standard,47,34.42,1,0.882,28,0,7.9,33,0,413.04,2,Low,91.79,P4
CUST-02518,SMB,Month-to-Month,Retail,UK,Enterprise,18,68.48,2,0.727,48,0,10.3,33,0,821.76,3,Medium,273.92,P3
CUST-02519,Enterprise,Month-to-Month,Direct Sales,UK,Standard,49,20.08,3,0.576,-87,0,3.2,36,0,240.96,5,High,133.87,P3
CUST-02520,Mid-Market,24 Month,Retail,Germany,Standard,12,21.46,2,0.244,60,1,10.1,20,0,257.52,4,Medium,114.45,P3
CUST-02521,Enterprise,12 Month,Online,UAE,Enterprise,20,67.47,0,0.346,13,0,9.2,43,0,809.64,4,Medium,359.84,P3
CUST-02522,Consumer,12 Month,Online,UK,Basic,42,97.74,3,0.653,40,0,15.4,6,0,1172.88,1,Low,130.32,P4
CUST-02523,Consumer,Month-to-Month,Direct Sales,UAE,Basic,44,36.21,4,0.222,16,1,6.9,53,1,434.52,8,Critical,0.0,P3
CUST-02524,Enterprise,Month-to-Month,Online,India,Enterprise,13,59.11,1,0.761,-84,0,3.3,14,0,709.32,2,Low,157.63,P4
CUST-02525,SMB,12 Month,Retail,US,Premium,64,63.7,4,0.271,28,0,7.8,35,0,764.4,5,High,424.67,P3
CUST-02526,Consumer,Month-to-Month,Retail,US,Basic,72,76.48,1,0.944,78,1,4.8,2,0,917.76,3,Medium,305.92,P3
CUST-02527,Consumer,24 Month,Direct Sales,UAE,Basic,46,70.66,1,0.675,-4,0,6.9,16,0,847.92,1,Low,94.21,P4
CUST-02528,Enterprise,Month-to-Month,Online,UK,Basic,46,22.1,2,0.596,-13,0,4.7,24,1,265.2,2,Low,0.0,P4
CUST-02529,Mid-Market,24 Month,Retail,US,Basic,66,18.52,0,0.9,29,0,2.4,18,0,222.24,0,Low,0.0,P4
CUST-02530,SMB,24 Month,Online,UK,Basic,58,56.57,1,0.462,-28,0,5.0,55,0,678.84,3,Medium,226.28,P3
CUST-02531,Consumer,24 Month,Direct Sales,India,Premium,8,115.27,1,0.424,39,2,11.6,45,1,1383.24,4,Medium,0.0,P2
CUST-02532,Consumer,Month-to-Month,Direct Sales,US,Basic,7,32.01,0,0.543,-19,0,3.8,2,0,384.12,2,Low,85.36,P4
CUST-02533,Mid-Market,12 Month,Online,India,Premium,3,37.11,3,0.238,-20,0,4.1,60,0,445.32,6,High,296.88,P3
CUST-02534,Mid-Market,Month-to-Month,Direct Sales,UK,Basic,65,72.31,1,0.438,-27,0,22.8,21,0,867.72,2,Low,192.83,P4
CUST-02535,SMB,12 Month,Online,India,Premium,67,31.81,2,0.433,93,1,1.0,0,0,381.72,2,Low,84.83,P4
CUST-02536,SMB,Month-to-Month,Partner,UAE,Basic,54,63.73,4,0.854,-60,0,1.3,57,1,764.76,5,High,0.0,P3
CUST-02537,SMB,Month-to-Month,Direct Sales,UK,Standard,71,33.32,0,0.2,-10,0,10.0,28,0,399.84,4,Medium,177.71,P3
CUST-02538,Mid-Market,24 Month,Online,India,Standard,60,38.06,6,0.553,-21,0,18.5,26,0,456.72,2,Low,101.49,P4
CUST-02539,Consumer,12 Month,Online,UK,Standard,47,27.32,4,0.22,-96,1,4.9,26,0,327.84,6,High,218.56,P3
CUST-02540,Consumer,Month-to-Month,Direct Sales,UK,Standard,38,130.51,1,0.616,-41,0,11.5,50,0,1566.12,4,Medium,696.05,P2
CUST-02541,Enterprise,24 Month,Partner,US,Standard,61,68.24,1,0.855,-11,0,9.9,25,0,818.88,1,Low,90.99,P4
CUST-02542,Mid-Market,24 Month,Online,India,Enterprise,27,118.7,1,0.704,-58,1,9.9,37,1,1424.4,5,High,0.0,P2
CUST-02543,Consumer,Month-to-Month,Direct Sales,US,Standard,11,69.15,2,0.77,-85,0,12.4,31,0,829.8,4,Medium,368.8,P3
CUST-02544,SMB,12 Month,Retail,Germany,Enterprise,23,47.26,5,0.485,82,1,5.8,18,0,567.12,3,Medium,189.04,P3
CUST-02545,SMB,24 Month,Retail,Germany,Basic,3,118.71,2,0.795,-44,1,11.1,22,0,1424.52,3,Medium,474.84,P3
CUST-02546,Mid-Market,Month-to-Month,Direct Sales,India,Standard,69,65.38,1,0.593,18,0,2.7,17,0,784.56,1,Low,87.17,P4
CUST-02547,Mid-Market,Month-to-Month,Retail,UAE,Standard,31,66.31,5,0.548,37,1,5.7,2,0,795.72,4,Medium,353.65,P3
CUST-02548,Enterprise,Month-to-Month,Online,UK,Basic,9,83.99,1,0.452,-90,1,5.4,35,1,1007.88,6,High,0.0,P2
CUST-02549,Enterprise,12 Month,Online,Germany,Standard,59,64.19,3,0.375,40,0,25.9,39,0,770.28,3,Medium,256.76,P3
CUST-02550,Mid-Market,Month-to-Month,Online,UK,Premium,66,131.34,2,0.477,-89,0,5.3,47,0,1576.08,4,Medium,700.48,P2
CUST-02551,Consumer,Month-to-Month,Online,UK,Basic,9,16.32,2,0.067,59,0,9.0,37,0,195.84,5,High,108.8,P3
CUST-02552,SMB,12 Month,Partner,US,Enterprise,57,119.78,1,0.553,-54,0,0.9,5,0,1437.36,1,Low,159.71,P4
CUST-02553,SMB,12 Month,Direct Sales,India,Basic,14,47.76,1,0.538,-72,0,18.1,20,0,573.12,1,Low,63.68,P4
CUST-02554,Enterprise,Month-to-Month,Online,US,Standard,44,22.26,3,0.883,-94,0,14.9,2,0,267.12,3,Medium,89.04,P3
CUST-02555,Consumer,12 Month,Partner,UK,Standard,53,124.4,0,0.768,64,1,1.4,53,0,1492.8,4,Medium,663.47,P2
CUST-02556,Mid-Market,24 Month,Retail,US,Basic,72,44.48,0,0.661,89,0,10.8,26,0,533.76,0,Low,0.0,P4
CUST-02557,Consumer,Month-to-Month,Online,US,Premium,11,24.52,4,0.397,56,0,6.4,28,0,294.24,2,Low,65.39,P4
CUST-02558,Consumer,24 Month,Online,UK,Premium,45,47.16,3,0.723,-68,1,7.7,53,0,565.92,6,High,377.28,P3
CUST-02559,Consumer,Month-to-Month,Online,US,Premium,7,79.0,1,0.256,-54,0,9.0,3,0,948.0,4,Medium,421.33,P2
CUST-02560,Enterprise,24 Month,Retail,US,Standard,66,42.24,2,0.906,-91,2,9.2,30,0,506.88,3,Medium,168.96,P3
CUST-02561,Consumer,Month-to-Month,Retail,UK,Standard,62,63.61,2,0.619,82,0,10.5,13,0,763.32,1,Low,84.81,P4
CUST-02562,Consumer,Month-to-Month,Retail,US,Premium,62,78.99,1,0.289,-71,0,16.6,14,0,947.88,4,Medium,421.28,P2
CUST-02563,Consumer,24 Month,Online,US,Premium,61,73.67,1,0.34,84,1,10.8,43,0,884.04,6,High,589.36,P3
CUST-02564,Mid-Market,Month-to-Month,Partner,UK,Standard,60,227.88,3,0.865,-84,0,10.9,53,0,2734.56,5,High,1519.2,P2
CUST-02565,SMB,Month-to-Month,Partner,UK,Premium,24,138.38,2,0.53,-40,0,8.5,8,0,1660.56,2,Low,369.01,P4
CUST-02566,Mid-Market,12 Month,Partner,Germany,Enterprise,14,150.1,1,0.296,-84,0,6.5,26,1,1801.2,3,Medium,0.0,P3
CUST-02567,Consumer,12 Month,Online,Germany,Premium,9,46.72,3,0.527,-26,0,11.6,41,0,560.64,4,Medium,249.17,P3
CUST-02568,Enterprise,Month-to-Month,Retail,US,Enterprise,25,20.87,4,0.232,40,0,3.0,25,0,250.44,4,Medium,111.31,P3
CUST-02569,Consumer,Month-to-Month,Direct Sales,US,Enterprise,28,62.86,1,0.612,7,0,11.9,48,1,754.32,3,Medium,0.0,P3
CUST-02570,Consumer,Month-to-Month,Direct Sales,US,Premium,19,44.44,1,0.528,-28,0,0.8,26,0,533.28,2,Low,118.51,P4
CUST-02571,Mid-Market,12 Month,Partner,UK,Enterprise,52,110.51,2,0.652,76,0,7.9,24,0,1326.12,0,Low,0.0,P4
CUST-02572,Enterprise,12 Month,Direct Sales,US,Premium,33,118.1,4,0.388,64,0,19.2,50,0,1417.2,3,Medium,472.4,P3
CUST-02573,Consumer,12 Month,Online,US,Standard,11,62.43,3,0.582,19,0,5.7,35,0,749.16,3,Medium,249.72,P3
CUST-02574,Mid-Market,Month-to-Month,Online,US,Standard,62,41.13,1,0.243,-92,0,3.2,3,1,493.56,4,Medium,0.0,P3
CUST-02575,Consumer,Month-to-Month,Direct Sales,UK,Basic,28,46.34,2,0.527,14,0,3.4,41,1,556.08,3,Medium,0.0,P3
CUST-02576,Enterprise,12 Month,Retail,UK,Standard,39,91.2,2,0.653,-73,0,6.0,44,0,1094.4,3,Medium,364.8,P3
CUST-02577,Enterprise,24 Month,Partner,UK,Basic,41,80.67,2,0.613,-34,1,10.1,29,1,968.04,3,Medium,0.0,P3
CUST-02578,Consumer,12 Month,Online,UK,Premium,57,13.08,4,0.385,91,0,7.7,31,0,156.96,3,Medium,52.32,P3
CUST-02579,Consumer,12 Month,Direct Sales,US,Premium,24,59.96,3,0.644,31,1,9.9,59,0,719.52,5,High,399.73,P3
CUST-02580,SMB,Month-to-Month,Online,Germany,Premium,10,150.08,2,0.514,57,1,8.0,20,1,1800.96,3,Medium,0.0,P3
CUST-02581,Consumer,Month-to-Month,Direct Sales,UK,Basic,24,62.05,4,0.721,32,1,11.3,55,1,744.6,6,High,0.0,P3
CUST-02582,Mid-Market,24 Month,Partner,India,Premium,49,62.57,3,0.474,97,0,3.6,14,0,750.84,1,Low,83.43,P4
CUST-02583,Mid-Market,Month-to-Month,Retail,UK,Premium,59,27.9,0,0.5,-47,0,5.0,28,0,334.8,2,Low,74.4,P4
CUST-02584,Consumer,Month-to-Month,Online,UK,Premium,70,87.11,4,0.825,-53,2,13.4,46,0,1045.32,7,Critical,813.03,P2
CUST-02585,SMB,12 Month,Online,UK,Premium,41,43.11,0,0.355,15,0,9.5,30,0,517.32,0,Low,0.0,P4
CUST-02586,Consumer,Month-to-Month,Retail,UK,Enterprise,15,24.8,2,0.798,-33,1,9.2,60,1,297.6,6,High,0.0,P3
CUST-02587,Consumer,Month-to-Month,Retail,US,Standard,53,49.43,3,0.576,-67,0,19.1,47,1,593.16,5,High,0.0,P3
CUST-02588,Consumer,Month-to-Month,Direct Sales,UK,Standard,32,69.47,0,0.957,57,1,10.5,9,0,833.64,3,Medium,277.88,P3
CUST-02589,Mid-Market,Month-to-Month,Retail,UK,Standard,15,71.01,3,0.585,6,1,6.6,52,0,852.12,6,High,568.08,P3
CUST-02590,Consumer,Month-to-Month,Direct Sales,US,Standard,3,120.76,1,0.728,-83,0,6.3,16,0,1449.12,2,Low,322.03,P4
CUST-02591,Enterprise,Month-to-Month,Retail,UK,Premium,26,67.15,4,0.688,-42,0,3.3,3,0,805.8,3,Medium,268.6,P3
CUST-02592,Mid-Market,Month-to-Month,Retail,UK,Standard,4,91.12,2,0.375,-13,0,9.3,22,1,1093.44,2,Low,0.0,P4
CUST-02593,Consumer,24 Month,Partner,India,Basic,28,39.09,2,0.232,-86,0,15.3,21,0,469.08,3,Medium,156.36,P3
CUST-02594,Enterprise,Month-to-Month,Retail,India,Premium,50,39.0,2,0.427,-71,0,2.5,42,0,468.0,4,Medium,208.0,P3
CUST-02595,Consumer,12 Month,Direct Sales,India,Premium,12,30.18,3,0.643,50,3,0.7,39,1,362.16,5,High,0.0,P3
CUST-02596,Consumer,Month-to-Month,Online,UK,Basic,41,55.22,2,0.189,100,0,5.3,25,0,662.64,3,Medium,220.88,P3
CUST-02597,Enterprise,12 Month,Direct Sales,UK,Premium,54,73.6,0,0.525,-61,0,6.1,0,0,883.2,1,Low,98.13,P4
CUST-02598,Consumer,Month-to-Month,Online,Germany,Standard,45,38.16,4,0.787,40,1,14.5,36,0,457.92,6,High,305.28,P3
CUST-02599,Mid-Market,12 Month,Partner,UK,Standard,46,49.78,1,0.395,-80,0,5.7,53,1,597.36,3,Medium,0.0,P3
CUST-02600,SMB,12 Month,Partner,India,Premium,44,30.84,1,0.417,-4,0,2.3,60,0,370.08,3,Medium,123.36,P3
CUST-02601,Enterprise,Month-to-Month,Retail,UK,Basic,60,35.52,2,0.334,-82,0,3.5,49,1,426.24,6,High,0.0,P3
CUST-02602,Mid-Market,Month-to-Month,Partner,India,Premium,70,55.72,3,0.372,-33,0,17.0,36,0,668.64,5,High,371.47,P3
CUST-02603,Consumer,Month-to-Month,Direct Sales,US,Standard,27,52.71,1,0.557,-93,0,0.4,3,0,632.52,2,Low,140.56,P4
CUST-02604,Enterprise,Month-to-Month,Direct Sales,UAE,Standard,4,50.93,1,0.389,42,0,8.8,54,1,611.16,3,Medium,0.0,P3
CUST-02605,Mid-Market,Month-to-Month,Direct Sales,UK,Basic,5,47.21,1,0.765,68,0,8.6,20,0,566.52,1,Low,62.95,P4
CUST-02606,SMB,12 Month,Direct Sales,US,Basic,13,38.01,0,0.868,31,1,11.7,44,1,456.12,4,Medium,0.0,P3
CUST-02607,Consumer,Month-to-Month,Online,UAE,Basic,28,35.68,2,0.617,4,1,12.4,5,0,428.16,3,Medium,142.72,P3
CUST-02608,Mid-Market,Month-to-Month,Partner,US,Premium,40,37.97,2,0.734,-76,0,6.2,34,0,455.64,4,Medium,202.51,P3
CUST-02609,Consumer,Month-to-Month,Online,India,Basic,49,58.24,1,0.566,64,2,3.9,27,0,698.88,3,Medium,232.96,P3
CUST-02610,Consumer,24 Month,Retail,Germany,Basic,25,99.77,2,0.608,60,0,9.1,52,1,1197.24,2,Low,0.0,P4
CUST-02611,SMB,12 Month,Direct Sales,Germany,Standard,59,81.11,2,0.739,-48,0,3.7,13,0,973.32,1,Low,108.15,P4
CUST-02612,Consumer,Month-to-Month,Direct Sales,India,Standard,60,69.81,2,0.404,-60,0,3.8,44,0,837.72,4,Medium,372.32,P3
CUST-02613,Enterprise,24 Month,Online,India,Enterprise,12,79.38,3,0.551,87,0,15.1,43,0,952.56,3,Medium,317.52,P3
CUST-02614,Consumer,12 Month,Partner,UK,Standard,17,48.39,1,0.537,97,1,1.6,51,1,580.68,4,Medium,0.0,P3
CUST-02615,Enterprise,Month-to-Month,Retail,US,Standard,62,33.83,2,0.399,-40,0,2.8,5,0,405.96,2,Low,90.21,P4
CUST-02616,Mid-Market,12 Month,Retail,UK,Enterprise,9,73.47,2,0.441,45,1,4.2,25,0,881.64,2,Low,195.92,P4
CUST-02617,Consumer,12 Month,Retail,UAE,Enterprise,37,95.94,0,0.717,-29,0,12.2,53,0,1151.28,3,Medium,383.76,P3
CUST-02618,Consumer,Month-to-Month,Retail,US,Basic,72,40.1,1,0.392,66,0,20.2,39,0,481.2,3,Medium,160.4,P3
CUST-02619,Enterprise,12 Month,Retail,US,Enterprise,27,60.99,2,0.653,-71,0,15.2,9,0,731.88,1,Low,81.32,P4
CUST-02620,SMB,12 Month,Partner,UK,Enterprise,53,36.1,2,0.643,29,0,3.8,14,0,433.2,0,Low,0.0,P4
CUST-02621,Enterprise,Month-to-Month,Partner,India,Premium,30,132.98,1,0.453,42,0,4.5,51,0,1595.76,3,Medium,531.92,P3
CUST-02622,Enterprise,12 Month,Retail,UAE,Basic,32,16.16,3,0.687,-45,1,1.3,48,1,193.92,6,High,0.0,P3
CUST-02623,Consumer,24 Month,Online,UAE,Premium,33,21.66,5,0.286,-75,1,4.1,36,1,259.92,8,Critical,0.0,P3
CUST-02624,Consumer,Month-to-Month,Partner,UK,Standard,72,44.42,3,0.455,100,1,15.0,52,0,533.04,6,High,355.36,P3
CUST-02625,Consumer,24 Month,Online,UK,Premium,13,86.62,1,0.542,56,0,4.5,57,0,1039.44,2,Low,230.99,P4
CUST-02626,Consumer,Month-to-Month,Online,UAE,Enterprise,51,47.41,2,0.814,21,0,2.3,53,0,568.92,3,Medium,189.64,P3
CUST-02627,SMB,Month-to-Month,Partner,India,Premium,32,41.08,0,0.127,2,2,20.7,22,0,492.96,5,High,273.87,P3
CUST-02628,Consumer,12 Month,Direct Sales,UK,Basic,41,126.01,2,0.734,-84,0,6.3,58,0,1512.12,3,Medium,504.04,P3
CUST-02629,SMB,24 Month,Direct Sales,UAE,Enterprise,52,20.97,3,0.362,-84,0,12.9,37,0,251.64,4,Medium,111.84,P3
CUST-02630,Consumer,12 Month,Online,UK,Premium,29,46.67,3,0.582,-67,0,3.2,28,0,560.04,2,Low,124.45,P4
CUST-02631,Enterprise,24 Month,Direct Sales,UK,Enterprise,10,39.97,1,0.414,39,0,6.3,36,0,479.64,2,Low,106.59,P4
CUST-02632,Mid-Market,Month-to-Month,Direct Sales,Germany,Basic,61,52.69,1,0.667,94,1,13.3,42,0,632.28,5,High,351.27,P3
CUST-02633,SMB,Month-to-Month,Partner,Germany,Basic,2,20.71,1,0.485,45,1,2.0,0,0,248.52,3,Medium,82.84,P3
CUST-02634,SMB,24 Month,Retail,UK,Enterprise,66,23.66,1,0.843,17,2,3.6,44,0,283.92,4,Medium,126.19,P3
CUST-02635,Mid-Market,Month-to-Month,Retail,UAE,Basic,23,35.7,1,0.855,-65,0,12.4,54,0,428.4,4,Medium,190.4,P3
CUST-02636,Consumer,24 Month,Online,Germany,Basic,65,81.37,1,0.426,-71,1,16.6,41,1,976.44,5,High,0.0,P2
CUST-02637,SMB,12 Month,Retail,US,Basic,45,54.75,0,0.407,66,0,9.7,59,0,657.0,2,Low,146.0,P4
CUST-02638,Mid-Market,24 Month,Direct Sales,US,Standard,70,45.99,1,0.738,-50,0,14.6,41,1,551.88,3,Medium,0.0,P3
CUST-02639,Consumer,Month-to-Month,Online,India,Premium,39,85.91,2,0.187,41,0,10.5,12,0,1030.92,3,Medium,343.64,P3
CUST-02640,SMB,24 Month,Retail,Germany,Standard,9,57.76,2,0.658,23,1,2.0,3,0,693.12,2,Low,154.03,P4
CUST-02641,SMB,12 Month,Online,India,Premium,70,44.74,4,0.453,43,0,13.8,47,0,536.88,3,Medium,178.96,P3
CUST-02642,Mid-Market,12 Month,Partner,UK,Enterprise,27,30.41,4,0.265,74,0,11.4,40,0,364.92,5,High,202.73,P3
CUST-02643,SMB,Month-to-Month,Direct Sales,India,Standard,53,47.21,2,0.949,-59,0,8.0,0,0,566.52,2,Low,125.89,P4
CUST-02644,Mid-Market,Month-to-Month,Retail,US,Premium,21,27.52,2,0.373,62,1,7.6,13,0,330.24,3,Medium,110.08,P3
CUST-02645,Enterprise,Month-to-Month,Direct Sales,US,Premium,63,108.56,1,0.757,-73,0,16.3,7,0,1302.72,2,Low,289.49,P4
CUST-02646,Consumer,Month-to-Month,Online,Germany,Premium,55,67.21,2,0.578,-32,1,1.3,12,1,806.52,4,Medium,0.0,P3
CUST-02647,Enterprise,Month-to-Month,Direct Sales,UK,Standard,24,27.78,2,0.2,-65,0,7.6,42,0,333.36,6,High,222.24,P3
CUST-02648,SMB,12 Month,Direct Sales,India,Basic,62,35.42,1,0.306,2,0,6.5,22,0,425.04,2,Low,94.45,P4
CUST-02649,Consumer,12 Month,Partner,UK,Standard,17,46.76,1,0.426,1,1,19.6,59,0,561.12,4,Medium,249.39,P3
CUST-02650,Enterprise,24 Month,Retail,UK,Basic,28,48.17,4,0.207,66,0,15.3,3,0,578.04,3,Medium,192.68,P3
CUST-02651,Mid-Market,Month-to-Month,Retail,US,Standard,29,107.97,0,0.645,-47,1,12.9,26,1,1295.64,4,Medium,0.0,P2
CUST-02652,Consumer,Month-to-Month,Online,US,Basic,68,66.76,4,0.77,100,0,1.3,35,0,801.12,4,Medium,356.05,P3
CUST-02653,SMB,24 Month,Direct Sales,UAE,Premium,38,94.41,0,0.219,65,0,5.4,29,0,1132.92,2,Low,251.76,P4
CUST-02654,SMB,Month-to-Month,Online,UK,Basic,2,55.29,4,0.669,-74,0,4.5,52,1,663.48,5,High,0.0,P3
CUST-02655,Mid-Market,Month-to-Month,Retail,UAE,Enterprise,72,18.49,2,0.389,-37,0,1.3,23,1,221.88,2,Low,0.0,P4
CUST-02656,Mid-Market,12 Month,Direct Sales,UAE,Enterprise,60,50.94,1,0.841,10,1,12.2,18,0,611.28,2,Low,135.84,P4
CUST-02657,Consumer,12 Month,Online,UK,Premium,17,14.97,4,0.504,56,0,9.4,51,0,179.64,3,Medium,59.88,P3
CUST-02658,Consumer,24 Month,Online,India,Enterprise,5,71.29,1,0.428,-99,1,10.9,49,0,855.48,5,High,475.27,P3
CUST-02659,Enterprise,12 Month,Partner,India,Premium,25,24.9,3,0.232,-33,1,5.1,6,0,298.8,6,High,199.2,P3
CUST-02660,SMB,24 Month,Direct Sales,Germany,Basic,45,58.84,0,0.669,-22,0,3.2,10,0,706.08,1,Low,78.45,P4
CUST-02661,Mid-Market,Month-to-Month,Partner,India,Enterprise,55,63.34,5,0.3,-3,2,6.1,58,1,760.08,9,Critical,0.0,P3
CUST-02662,SMB,24 Month,Online,US,Standard,55,65.29,1,0.7,-9,0,5.9,4,0,783.48,1,Low,87.05,P4
CUST-02663,SMB,12 Month,Retail,US,Premium,41,57.78,4,0.247,62,0,3.3,8,0,693.36,3,Medium,231.12,P3
CUST-02664,SMB,12 Month,Direct Sales,UK,Basic,57,65.52,1,0.288,3,0,8.4,46,0,786.24,4,Medium,349.44,P3
CUST-02665,Enterprise,12 Month,Direct Sales,Germany,Basic,50,110.74,0,0.66,-74,1,6.2,50,0,1328.88,5,High,738.27,P2
CUST-02666,SMB,Month-to-Month,Retail,UAE,Premium,66,64.54,6,0.714,-83,0,12.3,21,0,774.48,3,Medium,258.16,P3
CUST-02667,Enterprise,24 Month,Direct Sales,Germany,Standard,68,47.12,2,0.466,92,1,6.2,58,0,565.44,4,Medium,251.31,P3
CUST-02668,Consumer,24 Month,Direct Sales,Germany,Standard,45,38.94,0,0.589,43,0,21.1,54,0,467.28,2,Low,103.84,P4
CUST-02669,Consumer,24 Month,Partner,India,Standard,56,37.47,4,0.738,84,1,12.1,35,0,449.64,5,High,249.8,P3
CUST-02670,SMB,12 Month,Direct Sales,Germany,Premium,20,62.47,2,0.765,-100,1,2.4,42,1,749.64,5,High,0.0,P3
CUST-02671,SMB,Month-to-Month,Direct Sales,UAE,Standard,13,38.67,3,0.079,-15,0,4.2,13,0,464.04,5,High,257.8,P3
CUST-02672,Mid-Market,Month-to-Month,Retail,UAE,Enterprise,26,50.09,0,0.725,-88,0,5.9,35,0,601.08,4,Medium,267.15,P3
CUST-02673,Mid-Market,12 Month,Partner,Germany,Standard,19,21.14,1,0.16,13,0,8.1,23,0,253.68,2,Low,56.37,P4
CUST-02674,Mid-Market,24 Month,Online,UK,Standard,24,42.68,4,0.36,-88,0,9.4,8,0,512.16,2,Low,113.81,P4
CUST-02675,Consumer,24 Month,Online,UK,Enterprise,38,84.05,1,0.572,53,0,2.9,1,0,1008.6,0,Low,0.0,P4
CUST-02676,Mid-Market,24 Month,Online,India,Premium,23,57.0,3,0.574,4,0,5.7,50,0,684.0,3,Medium,228.0,P3
CUST-02677,Consumer,Month-to-Month,Partner,India,Enterprise,10,59.92,2,0.519,36,0,14.7,27,0,719.04,1,Low,79.89,P4
CUST-02678,Consumer,12 Month,Online,US,Standard,15,212.45,0,0.645,-64,0,23.2,56,0,2549.4,3,Medium,849.8,P3
CUST-02679,SMB,24 Month,Direct Sales,India,Standard,70,94.54,1,0.518,81,0,3.5,24,0,1134.48,0,Low,0.0,P4
CUST-02680,Enterprise,12 Month,Online,India,Enterprise,32,122.94,2,0.246,4,0,15.4,7,0,1475.28,2,Low,327.84,P4
CUST-02681,Mid-Market,Month-to-Month,Partner,UK,Standard,15,56.32,1,0.296,13,0,6.3,13,0,675.84,3,Medium,225.28,P3
CUST-02682,SMB,Month-to-Month,Online,UK,Standard,46,58.19,0,0.495,-16,0,6.5,53,1,698.28,4,Medium,0.0,P3
CUST-02683,Consumer,Month-to-Month,Online,Germany,Standard,57,139.1,0,0.364,-1,0,7.6,44,0,1669.2,4,Medium,741.87,P2
CUST-02684,Enterprise,12 Month,Direct Sales,US,Standard,41,41.77,3,0.392,-47,0,6.9,17,0,501.24,2,Low,111.39,P4
CUST-02685,SMB,24 Month,Partner,UK,Standard,1,52.76,3,0.322,14,1,19.2,10,1,633.12,5,High,0.0,P3
CUST-02686,Consumer,Month-to-Month,Online,US,Standard,51,77.22,3,0.376,15,0,3.9,60,0,926.64,4,Medium,411.84,P2
CUST-02687,Consumer,12 Month,Online,UAE,Standard,36,81.86,6,0.587,28,0,1.6,39,0,982.32,3,Medium,327.44,P3
CUST-02688,SMB,Month-to-Month,Online,US,Basic,20,78.41,3,0.976,-58,0,12.2,11,0,940.92,3,Medium,313.64,P3
CUST-02689,Consumer,Month-to-Month,Direct Sales,US,Standard,32,38.99,2,0.532,10,0,4.2,51,0,467.88,3,Medium,155.96,P3
CUST-02690,SMB,12 Month,Online,UK,Basic,41,41.19,0,0.198,70,0,20.6,56,0,494.28,4,Medium,219.68,P3
CUST-02691,Mid-Market,24 Month,Online,India,Basic,24,21.02,2,0.84,-87,2,4.2,15,1,252.24,3,Medium,0.0,P3
CUST-02692,Consumer,Month-to-Month,Direct Sales,UAE,Enterprise,65,43.12,1,0.782,-9,0,12.5,58,0,517.44,4,Medium,229.97,P3
CUST-02693,Consumer,Month-to-Month,Direct Sales,UK,Premium,27,19.66,2,0.443,-22,0,1.7,22,0,235.92,2,Low,52.43,P4
CUST-02694,SMB,12 Month,Retail,Germany,Standard,64,68.68,3,0.302,-26,0,8.0,29,0,824.16,4,Medium,366.29,P3
CUST-02695,Consumer,24 Month,Retail,US,Premium,19,63.41,2,0.45,-54,0,9.2,54,0,760.92,3,Medium,253.64,P3
CUST-02696,Mid-Market,Month-to-Month,Direct Sales,US,Premium,42,55.59,3,0.564,70,2,7.2,22,0,667.08,4,Medium,296.48,P3
CUST-02697,Mid-Market,12 Month,Partner,India,Premium,42,54.51,1,0.495,46,0,1.6,24,0,654.12,0,Low,0.0,P4
CUST-02698,Enterprise,Month-to-Month,Direct Sales,UAE,Basic,20,95.07,5,0.78,16,1,2.3,36,0,1140.84,6,High,760.56,P2
CUST-02699,Mid-Market,Month-to-Month,Online,US,Standard,21,105.53,3,0.53,-33,0,7.9,6,1,1266.36,3,Medium,0.0,P3
CUST-02700,Consumer,24 Month,Online,UAE,Enterprise,38,66.64,1,0.395,47,0,13.7,57,1,799.68,2,Low,0.0,P4
CUST-02701,Consumer,12 Month,Online,Germany,Premium,1,39.66,0,0.076,26,0,10.5,11,0,475.92,2,Low,105.76,P4
CUST-02702,Mid-Market,12 Month,Online,Germany,Basic,21,74.9,4,0.316,-79,0,10.7,2,0,898.8,4,Medium,399.47,P3
CUST-02703,Mid-Market,12 Month,Online,US,Premium,38,41.73,2,0.784,39,1,7.3,30,1,500.76,2,Low,0.0,P4
CUST-02704,Consumer,Month-to-Month,Online,UK,Basic,24,31.99,0,0.705,-58,0,4.6,30,0,383.88,2,Low,85.31,P4
CUST-02705,Consumer,Month-to-Month,Direct Sales,US,Basic,19,58.18,2,0.518,43,1,2.9,1,0,698.16,3,Medium,232.72,P3
CUST-02706,Consumer,12 Month,Retail,India,Standard,54,15.96,2,0.73,-93,0,1.9,15,0,191.52,1,Low,21.28,P4
CUST-02707,Mid-Market,Month-to-Month,Direct Sales,UK,Standard,65,62.47,0,0.274,3,0,22.9,30,0,749.64,3,Medium,249.88,P3
CUST-02708,Consumer,24 Month,Retail,UK,Basic,34,143.55,0,0.386,-13,0,18.2,42,0,1722.6,3,Medium,574.2,P3
CUST-02709,Mid-Market,Month-to-Month,Online,UAE,Standard,12,168.05,1,0.775,81,0,5.9,26,0,2016.6,1,Low,224.07,P4
CUST-02710,Consumer,Month-to-Month,Retail,Germany,Enterprise,30,40.03,3,0.58,-100,0,6.9,54,1,480.36,5,High,0.0,P3
CUST-02711,Enterprise,Month-to-Month,Online,UAE,Standard,67,74.16,0,0.227,64,0,2.1,37,0,889.92,5,High,494.4,P3
CUST-02712,Consumer,24 Month,Online,India,Premium,11,49.45,4,0.602,-51,0,10.7,42,0,593.4,4,Medium,263.73,P3
CUST-02713,Consumer,12 Month,Online,India,Premium,38,49.17,0,0.432,55,0,1.4,59,0,590.04,2,Low,131.12,P4
CUST-02714,Mid-Market,Month-to-Month,Direct Sales,UAE,Standard,2,61.12,2,0.249,11,1,5.9,17,0,733.44,5,High,407.47,P3
CUST-02715,SMB,24 Month,Partner,India,Standard,38,62.41,1,0.616,-82,0,9.7,51,0,748.92,3,Medium,249.64,P3
CUST-02716,Enterprise,Month-to-Month,Partner,Germany,Standard,8,40.98,1,0.535,73,0,5.5,35,0,491.76,3,Medium,163.92,P3
CUST-02717,Mid-Market,12 Month,Partner,UK,Premium,14,56.23,6,0.505,-75,0,4.6,30,1,674.76,2,Low,0.0,P4
CUST-02718,Consumer,Month-to-Month,Retail,India,Standard,54,84.15,3,0.514,92,0,1.8,29,0,1009.8,2,Low,224.4,P4
CUST-02719,Mid-Market,12 Month,Retail,UK,Standard,44,123.47,0,0.318,96,0,6.1,40,0,1481.64,4,Medium,658.51,P2
CUST-02720,Enterprise,24 Month,Retail,UAE,Standard,65,91.12,1,0.569,88,0,2.0,5,0,1093.44,0,Low,0.0,P4
CUST-02721,Consumer,12 Month,Direct Sales,India,Standard,15,65.89,3,0.848,16,0,10.4,14,0,790.68,1,Low,87.85,P4
CUST-02722,SMB,24 Month,Direct Sales,India,Standard,19,25.12,1,0.611,49,0,9.5,29,1,301.44,0,Low,0.0,P4
CUST-02723,Mid-Market,24 Month,Direct Sales,India,Premium,6,79.51,1,0.267,15,0,4.2,21,0,954.12,2,Low,212.03,P4
CUST-02724,SMB,Month-to-Month,Direct Sales,UAE,Premium,22,82.13,1,0.344,16,0,6.4,14,0,985.56,3,Medium,328.52,P3
CUST-02725,SMB,Month-to-Month,Retail,UK,Basic,20,54.85,3,0.35,48,0,2.1,34,0,658.2,4,Medium,292.53,P3
CUST-02726,SMB,12 Month,Online,US,Standard,34,49.18,4,0.231,-11,0,16.8,44,0,590.16,6,High,393.44,P3
CUST-02727,Consumer,Month-to-Month,Online,India,Premium,26,57.71,2,0.793,67,0,13.1,20,0,692.52,1,Low,76.95,P4
CUST-02728,SMB,Month-to-Month,Direct Sales,India,Premium,41,25.22,3,0.753,-67,0,7.3,48,0,302.64,5,High,168.13,P3
CUST-02729,Consumer,Month-to-Month,Retail,UAE,Premium,55,177.62,5,0.495,96,0,2.2,32,0,2131.44,4,Medium,947.31,P2
CUST-02730,Mid-Market,24 Month,Direct Sales,India,Standard,70,75.77,0,0.787,-51,0,14.8,53,0,909.24,3,Medium,303.08,P3
CUST-02731,SMB,Month-to-Month,Direct Sales,US,Standard,1,73.82,1,0.851,59,0,10.6,43,0,885.84,3,Medium,295.28,P3
CUST-02732,Enterprise,24 Month,Direct Sales,UK,Enterprise,65,62.99,1,0.161,-20,0,1.6,14,0,755.88,3,Medium,251.96,P3
CUST-02733,Mid-Market,12 Month,Online,UK,Enterprise,59,45.38,1,0.294,89,0,13.2,54,0,544.56,4,Medium,242.03,P3
CUST-02734,Mid-Market,Month-to-Month,Retail,UK,Basic,59,135.55,1,0.771,-26,0,8.0,2,0,1626.6,2,Low,361.47,P4
CUST-02735,Consumer,24 Month,Partner,UK,Basic,30,87.82,1,0.516,-56,0,10.8,34,0,1053.84,3,Medium,351.28,P3
CUST-02736,SMB,Month-to-Month,Direct Sales,UAE,Standard,18,28.09,4,0.38,82,0,10.1,39,0,337.08,4,Medium,149.81,P3
CUST-02737,SMB,Month-to-Month,Direct Sales,UK,Standard,18,108.48,2,0.337,-96,0,1.8,11,0,1301.76,4,Medium,578.56,P2
CUST-02738,SMB,Month-to-Month,Online,UAE,Premium,50,30.04,6,0.19,-16,0,15.8,56,1,360.48,7,Critical,0.0,P3
CUST-02739,Enterprise,12 Month,Online,UK,Premium,18,47.42,1,0.894,15,0,9.6,36,0,569.04,2,Low,126.45,P4
CUST-02740,SMB,Month-to-Month,Online,Germany,Premium,72,67.52,3,0.493,91,1,3.5,0,0,810.24,4,Medium,360.11,P3
CUST-02741,Consumer,12 Month,Direct Sales,UK,Premium,68,44.74,1,0.829,-6,0,6.6,45,0,536.88,3,Medium,178.96,P3
CUST-02742,Consumer,Month-to-Month,Direct Sales,UK,Basic,31,131.29,2,0.774,-87,1,6.8,39,0,1575.48,6,High,1050.32,P1
CUST-02743,Consumer,Month-to-Month,Direct Sales,UK,Enterprise,61,48.24,4,0.39,-38,0,4.4,42,1,578.88,5,High,0.0,P3
CUST-02744,Mid-Market,24 Month,Partner,UK,Standard,56,32.83,2,0.946,-82,2,20.1,18,0,393.96,3,Medium,131.32,P3
CUST-02745,Consumer,Month-to-Month,Online,Germany,Premium,27,25.72,2,0.52,96,1,8.5,42,1,308.64,5,High,0.0,P3
CUST-02746,SMB,24 Month,Partner,US,Standard,41,66.22,0,0.396,-38,0,4.2,26,0,794.64,1,Low,88.29,P4
CUST-02747,Consumer,12 Month,Direct Sales,US,Basic,31,42.33,2,0.295,17,1,14.3,34,0,507.96,6,High,338.64,P3
CUST-02748,SMB,24 Month,Retail,UAE,Premium,67,55.17,1,0.083,82,0,4.1,0,0,662.04,2,Low,147.12,P4
CUST-02749,Mid-Market,12 Month,Online,UAE,Standard,70,65.33,1,0.375,6,0,3.1,42,0,783.96,2,Low,174.21,P4
CUST-02750,Enterprise,24 Month,Direct Sales,UK,Enterprise,22,71.72,6,0.626,-32,1,4.7,30,0,860.64,4,Medium,382.51,P3
CUST-02751,Mid-Market,12 Month,Partner,US,Standard,54,25.03,2,0.606,-4,0,9.2,4,0,300.36,1,Low,33.37,P4
CUST-02752,Mid-Market,Month-to-Month,Direct Sales,US,Standard,13,94.56,1,0.759,14,1,6.4,3,1,1134.72,3,Medium,0.0,P3
CUST-02753,Enterprise,Month-to-Month,Direct Sales,UK,Premium,44,72.3,3,0.686,-26,1,9.9,8,1,867.6,5,High,0.0,P3
CUST-02754,Consumer,24 Month,Online,UAE,Basic,41,57.03,0,0.462,-72,1,11.4,0,0,684.36,3,Medium,228.12,P3
CUST-02755,SMB,Month-to-Month,Online,Germany,Premium,4,230.84,3,0.771,43,0,6.1,17,0,2770.08,2,Low,615.57,P4
CUST-02756,Enterprise,Month-to-Month,Direct Sales,UK,Premium,35,82.5,1,0.426,30,0,5.1,39,0,990.0,3,Medium,330.0,P3
CUST-02757,Mid-Market,24 Month,Partner,US,Enterprise,5,32.38,2,0.579,26,0,12.4,54,0,388.56,2,Low,86.35,P4
CUST-02758,SMB,Month-to-Month,Partner,India,Enterprise,39,80.69,1,0.534,72,0,11.5,13,0,968.28,1,Low,107.59,P4
CUST-02759,SMB,24 Month,Direct Sales,UK,Premium,66,27.95,1,0.35,26,0,9.2,48,0,335.4,2,Low,74.53,P4
CUST-02760,Mid-Market,Month-to-Month,Partner,US,Premium,65,47.77,1,0.193,-32,0,0.8,18,0,573.24,4,Medium,254.77,P3
CUST-02761,Consumer,Month-to-Month,Retail,UK,Basic,69,50.23,1,0.394,58,0,1.9,10,0,602.76,1,Low,66.97,P4
CUST-02762,SMB,24 Month,Partner,UK,Premium,39,46.58,2,0.525,84,1,5.4,29,0,558.96,2,Low,124.21,P4
CUST-02763,SMB,12 Month,Retail,Germany,Basic,5,37.11,4,0.318,-62,0,9.4,59,0,445.32,6,High,296.88,P3
CUST-02764,Consumer,Month-to-Month,Direct Sales,UK,Basic,61,43.22,0,0.612,57,0,9.1,56,0,518.64,3,Medium,172.88,P3
CUST-02765,Mid-Market,Month-to-Month,Online,US,Enterprise,20,60.1,2,0.678,-77,1,7.0,9,0,721.2,4,Medium,320.53,P3
CUST-02766,SMB,Month-to-Month,Online,India,Premium,41,62.49,3,0.877,-71,1,9.4,39,0,749.88,7,Critical,583.24,P3
CUST-02767,Enterprise,24 Month,Direct Sales,UAE,Premium,7,61.57,1,0.34,-97,0,4.2,17,1,738.84,3,Medium,0.0,P3
CUST-02768,Consumer,Month-to-Month,Retail,Germany,Standard,24,85.85,2,0.114,88,1,9.3,51,0,1030.2,7,Critical,801.27,P2
CUST-02769,Consumer,24 Month,Retail,India,Enterprise,6,48.65,6,0.511,-71,0,11.7,29,0,583.8,2,Low,129.73,P4
CUST-02770,Consumer,Month-to-Month,Retail,UK,Standard,55,32.67,2,0.839,-44,1,0.5,40,0,392.04,6,High,261.36,P3
CUST-02771,Enterprise,24 Month,Direct Sales,Germany,Enterprise,49,110.75,1,0.18,-35,0,2.9,60,0,1329.0,5,High,738.33,P2
CUST-02772,SMB,24 Month,Online,Germany,Standard,21,31.33,4,0.519,-30,0,3.8,34,0,375.96,4,Medium,167.09,P3
CUST-02773,Consumer,Month-to-Month,Partner,UK,Basic,44,79.53,6,0.217,61,0,3.7,24,1,954.36,4,Medium,0.0,P2
CUST-02774,Consumer,Month-to-Month,Partner,India,Premium,28,47.95,4,0.462,-24,0,3.9,20,1,575.4,3,Medium,0.0,P3
CUST-02775,Mid-Market,24 Month,Online,India,Premium,1,61.92,2,0.876,78,0,5.4,19,0,743.04,0,Low,0.0,P4
CUST-02776,Enterprise,12 Month,Retail,Germany,Standard,7,67.4,2,0.168,-38,2,5.8,22,1,808.8,5,High,0.0,P3
CUST-02777,Mid-Market,Month-to-Month,Partner,US,Basic,60,38.82,2,0.251,7,1,16.4,12,1,465.84,5,High,0.0,P3
CUST-02778,Enterprise,12 Month,Direct Sales,UAE,Enterprise,5,52.27,1,0.564,34,0,15.6,51,0,627.24,2,Low,139.39,P4
CUST-02779,Mid-Market,Month-to-Month,Online,US,Standard,16,69.48,3,0.48,78,1,3.5,0,0,833.76,4,Medium,370.56,P3
CUST-02780,SMB,24 Month,Direct Sales,India,Premium,57,31.12,2,0.536,29,1,1.7,6,0,373.44,2,Low,82.99,P4
CUST-02781,Enterprise,Month-to-Month,Retail,UAE,Premium,4,96.66,2,0.445,-53,0,2.8,53,1,1159.92,4,Medium,0.0,P2
CUST-02782,Consumer,Month-to-Month,Online,UK,Premium,69,54.91,3,0.349,24,1,13.4,50,1,658.92,8,Critical,0.0,P3
CUST-02783,SMB,12 Month,Retail,India,Standard,61,50.64,0,0.551,94,1,1.3,13,0,607.68,2,Low,135.04,P4
CUST-02784,Consumer,24 Month,Direct Sales,UAE,Basic,34,27.47,4,0.576,17,1,3.0,5,0,329.64,3,Medium,109.88,P3
CUST-02785,Mid-Market,12 Month,Online,UAE,Standard,61,103.64,1,0.661,77,1,4.7,45,1,1243.68,4,Medium,0.0,P2
CUST-02786,Consumer,24 Month,Direct Sales,India,Premium,10,32.96,2,0.55,46,0,10.6,40,0,395.52,2,Low,87.89,P4
CUST-02787,Consumer,12 Month,Online,Germany,Basic,11,59.48,3,0.29,5,0,11.6,28,0,713.76,3,Medium,237.92,P3
CUST-02788,Consumer,Month-to-Month,Direct Sales,UK,Standard,20,39.75,2,0.295,-20,0,5.5,39,0,477.0,6,High,318.0,P3
CUST-02789,Enterprise,12 Month,Online,UK,Standard,44,38.33,2,0.479,-70,0,4.5,54,0,459.96,3,Medium,153.32,P3
CUST-02790,SMB,24 Month,Direct Sales,Germany,Basic,48,90.31,3,0.248,-73,0,1.1,48,0,1083.72,6,High,722.48,P2
CUST-02791,Mid-Market,12 Month,Direct Sales,India,Standard,63,101.49,1,0.485,-82,0,3.3,6,0,1217.88,1,Low,135.32,P4
CUST-02792,Consumer,24 Month,Partner,UAE,Standard,31,61.35,0,0.279,-47,0,3.8,1,0,736.2,3,Medium,245.4,P3
CUST-02793,Consumer,24 Month,Retail,India,Basic,39,135.66,1,0.396,-94,3,5.3,8,0,1627.92,3,Medium,542.64,P3
CUST-02794,Consumer,12 Month,Retail,India,Premium,34,97.58,1,0.319,-66,0,4.4,0,0,1170.96,3,Medium,390.32,P3
CUST-02795,Enterprise,Month-to-Month,Partner,Germany,Enterprise,35,52.22,4,0.356,-16,0,4.5,18,0,626.64,3,Medium,208.88,P3
CUST-02796,Enterprise,24 Month,Direct Sales,Germany,Premium,2,22.58,3,0.46,-90,1,8.8,8,0,270.96,4,Medium,120.43,P3
CUST-02797,Enterprise,12 Month,Direct Sales,UK,Enterprise,63,29.31,1,0.529,-6,0,8.1,28,0,351.72,1,Low,39.08,P4
CUST-02798,Enterprise,12 Month,Retail,US,Premium,50,17.12,2,0.446,5,0,0.4,38,0,205.44,2,Low,45.65,P4
CUST-02799,Consumer,24 Month,Partner,UK,Standard,21,84.1,0,0.549,84,0,0.3,13,0,1009.2,0,Low,0.0,P4
CUST-02800,SMB,Month-to-Month,Partner,UK,Basic,43,18.68,2,0.212,-24,0,3.4,51,0,224.16,6,High,149.44,P3
CUST-02801,Consumer,24 Month,Direct Sales,US,Standard,26,77.35,1,0.643,-64,0,1.5,51,0,928.2,3,Medium,309.4,P3
CUST-02802,Enterprise,24 Month,Online,UK,Premium,48,23.92,3,0.693,78,0,1.0,30,0,287.04,1,Low,31.89,P4
CUST-02803,Consumer,12 Month,Online,US,Premium,14,130.0,1,0.289,-65,0,12.4,53,0,1560.0,5,High,866.67,P2
CUST-02804,Consumer,12 Month,Online,UK,Standard,72,56.39,1,0.473,97,0,1.5,31,0,676.68,2,Low,150.37,P4
CUST-02805,Enterprise,Month-to-Month,Direct Sales,Germany,Standard,32,49.74,1,0.563,-66,0,6.5,19,0,596.88,2,Low,132.64,P4
CUST-02806,Mid-Market,12 Month,Partner,US,Standard,35,79.0,3,0.686,-51,0,12.5,45,0,948.0,4,Medium,421.33,P2
CUST-02807,SMB,Month-to-Month,Retail,UK,Standard,66,87.77,1,0.645,-90,0,11.0,57,1,1053.24,4,Medium,0.0,P2
CUST-02808,Enterprise,24 Month,Direct Sales,UAE,Basic,53,73.29,1,0.601,41,1,11.8,12,0,879.48,2,Low,195.44,P4
CUST-02809,Consumer,Month-to-Month,Direct Sales,US,Premium,21,73.84,2,0.478,12,0,1.5,57,1,886.08,3,Medium,0.0,P3
CUST-02810,SMB,Month-to-Month,Online,UK,Basic,1,83.64,3,0.677,-90,0,4.1,39,0,1003.68,5,High,557.6,P2
CUST-02811,Consumer,12 Month,Online,UK,Premium,31,51.76,1,0.65,-36,0,1.7,33,0,621.12,3,Medium,207.04,P3
CUST-02812,Mid-Market,24 Month,Online,UK,Premium,34,36.32,0,0.525,27,0,8.0,50,0,435.84,2,Low,96.85,P4
CUST-02813,SMB,Month-to-Month,Partner,UK,Basic,5,162.03,2,0.864,0,0,1.6,5,0,1944.36,1,Low,216.04,P4
CUST-02814,Enterprise,Month-to-Month,Direct Sales,UK,Standard,5,65.24,3,0.438,-89,1,2.2,47,1,782.88,7,Critical,0.0,P3
CUST-02815,Consumer,Month-to-Month,Direct Sales,UAE,Standard,33,78.77,0,0.548,100,0,20.7,50,0,945.24,3,Medium,315.08,P3
CUST-02816,SMB,Month-to-Month,Direct Sales,UK,Standard,38,39.4,2,0.625,94,0,7.8,44,1,472.8,3,Medium,0.0,P3
CUST-02817,Consumer,12 Month,Direct Sales,UK,Basic,23,79.31,2,0.543,11,2,2.0,29,0,951.72,2,Low,211.49,P4
CUST-02818,Consumer,12 Month,Retail,India,Standard,37,39.99,1,0.393,87,3,11.6,37,0,479.88,4,Medium,213.28,P3
CUST-02819,Mid-Market,12 Month,Online,Germany,Basic,45,69.48,5,0.195,21,0,5.8,56,0,833.76,5,High,463.2,P3
CUST-02820,SMB,24 Month,Retail,UK,Basic,18,120.26,2,0.64,-95,0,12.1,29,1,1443.12,1,Low,0.0,P4
CUST-02821,Consumer,24 Month,Direct Sales,US,Basic,9,113.31,1,0.192,53,0,13.4,45,0,1359.72,4,Medium,604.32,P2
CUST-02822,SMB,12 Month,Online,US,Basic,17,23.18,0,0.387,71,1,4.6,53,0,278.16,4,Medium,123.63,P3
CUST-02823,Mid-Market,Month-to-Month,Direct Sales,US,Basic,10,50.58,4,0.726,87,0,3.5,50,1,606.96,4,Medium,0.0,P3
CUST-02824,Consumer,12 Month,Direct Sales,UAE,Premium,60,86.71,1,0.608,78,0,5.3,6,0,1040.52,0,Low,0.0,P4
CUST-02825,Consumer,Month-to-Month,Online,UAE,Premium,39,15.85,1,0.623,-89,0,16.1,1,0,190.2,2,Low,42.27,P4
CUST-02826,Consumer,24 Month,Direct Sales,UK,Premium,18,114.14,0,0.386,69,2,7.2,51,1,1369.68,4,Medium,0.0,P2
CUST-02827,Consumer,Month-to-Month,Partner,UAE,Premium,70,19.9,1,0.783,12,0,11.7,50,0,238.8,3,Medium,79.6,P3
CUST-02828,Consumer,Month-to-Month,Retail,UK,Premium,38,12.13,2,0.063,59,1,7.6,27,0,145.56,5,High,80.87,P3
CUST-02829,Mid-Market,Month-to-Month,Direct Sales,UK,Standard,6,71.96,3,0.151,100,0,5.8,39,0,863.52,6,High,575.68,P3
CUST-02830,Consumer,12 Month,Direct Sales,UAE,Premium,12,54.16,0,0.522,-36,0,4.0,60,0,649.92,3,Medium,216.64,P3
CUST-02831,Enterprise,12 Month,Direct Sales,UK,Enterprise,39,39.22,2,0.157,-51,1,3.7,60,0,470.64,7,Critical,366.05,P3
CUST-02832,SMB,Month-to-Month,Online,UK,Standard,46,46.16,3,0.761,49,0,0.6,40,0,553.92,4,Medium,246.19,P3
CUST-02833,Consumer,12 Month,Online,India,Basic,26,81.21,1,0.702,-17,0,14.7,48,0,974.52,3,Medium,324.84,P3
CUST-02834,Consumer,12 Month,Retail,UAE,Basic,12,42.85,1,0.208,48,0,0.6,26,0,514.2,2,Low,114.27,P4
CUST-02835,Mid-Market,12 Month,Online,India,Premium,9,21.95,2,0.714,-33,0,0.1,20,0,263.4,1,Low,29.27,P4
CUST-02836,SMB,24 Month,Online,US,Enterprise,8,37.38,2,0.716,15,1,14.8,3,0,448.56,2,Low,99.68,P4
CUST-02837,Enterprise,Month-to-Month,Online,US,Standard,52,87.82,3,0.739,74,0,12.6,5,0,1053.84,2,Low,234.19,P4
CUST-02838,SMB,24 Month,Retail,UAE,Standard,30,120.11,2,0.365,1,0,4.1,46,0,1441.32,2,Low,320.29,P4
CUST-02839,SMB,Month-to-Month,Direct Sales,UK,Standard,43,19.21,2,0.331,29,1,11.6,12,1,230.52,5,High,0.0,P3
CUST-02840,Consumer,12 Month,Partner,UK,Premium,42,12.41,5,0.515,32,1,4.6,42,0,148.92,5,High,82.73,P3
CUST-02841,Mid-Market,Month-to-Month,Direct Sales,US,Premium,51,49.36,1,0.488,-92,1,6.9,59,0,592.32,6,High,394.88,P3
CUST-02842,SMB,Month-to-Month,Direct Sales,UAE,Basic,72,27.09,1,0.491,-63,1,23.2,58,1,325.08,6,High,0.0,P3
CUST-02843,Mid-Market,Month-to-Month,Online,Germany,Basic,38,91.15,2,0.417,55,0,7.1,39,0,1093.8,3,Medium,364.6,P3
CUST-02844,Consumer,24 Month,Direct Sales,UK,Premium,31,54.08,0,0.746,-49,1,3.3,57,0,648.96,5,High,360.53,P3
CUST-02845,Mid-Market,24 Month,Online,UK,Premium,20,19.62,1,0.244,69,1,20.6,30,0,235.44,4,Medium,104.64,P3
CUST-02846,Enterprise,12 Month,Online,UAE,Standard,63,94.71,2,0.434,37,0,6.5,37,0,1136.52,2,Low,252.56,P4
CUST-02847,Consumer,Month-to-Month,Partner,Germany,Standard,30,25.32,2,0.529,60,0,5.5,38,1,303.84,3,Medium,0.0,P3
CUST-02848,Consumer,24 Month,Online,UK,Enterprise,67,19.79,5,0.53,15,0,8.9,42,0,237.48,3,Medium,79.16,P3
CUST-02849,SMB,12 Month,Direct Sales,UK,Standard,40,151.1,1,0.344,81,0,7.4,44,0,1813.2,4,Medium,805.87,P2
CUST-02850,Enterprise,24 Month,Direct Sales,UK,Basic,66,61.13,3,0.766,-92,0,6.9,46,0,733.56,4,Medium,326.03,P3
CUST-02851,Mid-Market,Month-to-Month,Direct Sales,UK,Standard,11,72.16,3,0.332,96,1,14.2,38,0,865.92,8,Critical,769.71,P3
CUST-02852,Consumer,Month-to-Month,Direct Sales,US,Standard,43,68.61,2,0.841,-76,0,4.1,4,0,823.32,2,Low,182.96,P4
CUST-02853,Mid-Market,12 Month,Online,UK,Premium,32,27.66,2,0.699,28,0,13.2,13,0,331.92,0,Low,0.0,P4
CUST-02854,SMB,12 Month,Partner,UK,Enterprise,58,32.84,2,0.484,-25,0,12.1,7,0,394.08,1,Low,43.79,P4
CUST-02855,Consumer,Month-to-Month,Direct Sales,UAE,Standard,32,49.33,2,0.696,-59,0,22.8,12,0,591.96,2,Low,131.55,P4
CUST-02856,Consumer,Month-to-Month,Direct Sales,UK,Standard,9,34.55,5,0.348,85,1,3.8,6,0,414.6,6,High,276.4,P3
CUST-02857,Consumer,24 Month,Direct Sales,US,Standard,68,33.35,0,0.645,90,0,3.1,20,0,400.2,0,Low,0.0,P4
CUST-02858,Enterprise,Month-to-Month,Retail,US,Premium,4,26.36,1,0.415,-72,1,1.9,35,1,316.32,6,High,0.0,P3
CUST-02859,Mid-Market,Month-to-Month,Retail,US,Enterprise,28,66.54,1,0.911,-28,0,5.4,43,0,798.48,4,Medium,354.88,P3
CUST-02860,SMB,Month-to-Month,Online,UK,Premium,66,69.38,2,0.5,-39,0,6.2,51,1,832.56,4,Medium,0.0,P3
CUST-02861,Mid-Market,Month-to-Month,Online,Germany,Basic,13,38.89,1,0.635,-25,1,5.2,22,0,466.68,4,Medium,207.41,P3
CUST-02862,Enterprise,12 Month,Online,India,Enterprise,59,91.65,0,0.747,-41,0,6.0,9,0,1099.8,1,Low,122.2,P4
CUST-02863,Consumer,12 Month,Online,India,Standard,37,40.89,1,0.866,-57,0,8.2,59,1,490.68,3,Medium,0.0,P3
CUST-02864,Consumer,12 Month,Online,UK,Standard,34,50.91,3,0.864,-3,1,14.4,38,0,610.92,6,High,407.28,P3
CUST-02865,Consumer,12 Month,Online,UK,Standard,63,18.24,1,0.677,-90,0,14.2,11,0,218.88,1,Low,24.32,P4
CUST-02866,SMB,Month-to-Month,Retail,UK,Basic,26,135.54,2,0.503,-63,0,14.3,33,0,1626.48,4,Medium,722.88,P2
CUST-02867,Consumer,12 Month,Retail,UAE,Standard,58,164.49,4,0.307,-8,0,0.6,10,0,1973.88,4,Medium,877.28,P2
CUST-02868,Consumer,24 Month,Retail,UK,Basic,60,172.25,2,0.374,95,0,13.0,31,0,2067.0,2,Low,459.33,P4
CUST-02869,SMB,Month-to-Month,Direct Sales,India,Premium,12,59.53,7,0.51,35,0,10.6,29,0,714.36,2,Low,158.75,P4
CUST-02870,SMB,12 Month,Direct Sales,UK,Standard,36,38.11,5,0.254,-76,0,10.7,47,0,457.32,6,High,304.88,P3
CUST-02871,Enterprise,Month-to-Month,Online,US,Enterprise,35,92.27,0,0.433,-38,0,0.9,56,0,1107.24,4,Medium,492.11,P2
CUST-02872,Mid-Market,12 Month,Partner,UK,Basic,34,49.4,2,0.468,14,1,8.8,8,0,592.8,2,Low,131.73,P4
CUST-02873,Mid-Market,Month-to-Month,Online,UK,Standard,26,49.71,2,0.533,-42,1,3.9,4,0,596.52,4,Medium,265.12,P3
CUST-02874,Enterprise,Month-to-Month,Direct Sales,US,Premium,33,148.43,3,0.367,65,0,5.8,45,0,1781.16,4,Medium,791.63,P2
CUST-02875,SMB,Month-to-Month,Partner,Germany,Standard,2,106.22,1,0.34,-27,0,20.1,42,0,1274.64,6,High,849.76,P2
CUST-02876,SMB,24 Month,Direct Sales,US,Basic,69,82.63,2,0.513,58,0,5.4,35,0,991.56,2,Low,220.35,P4
CUST-02877,Consumer,24 Month,Direct Sales,UK,Basic,40,115.15,1,0.521,81,0,11.1,37,0,1381.8,2,Low,307.07,P4
CUST-02878,Enterprise,12 Month,Partner,India,Basic,5,91.38,0,0.8,79,0,4.3,11,0,1096.56,0,Low,0.0,P4
CUST-02879,Consumer,Month-to-Month,Online,UAE,Premium,42,95.54,3,0.48,47,1,2.2,31,0,1146.48,6,High,764.32,P2
CUST-02880,Mid-Market,12 Month,Retail,UK,Enterprise,28,110.6,1,0.618,-81,0,8.0,23,0,1327.2,1,Low,147.47,P4
CUST-02881,Mid-Market,Month-to-Month,Direct Sales,India,Standard,59,37.58,4,0.531,-46,0,14.7,24,0,450.96,3,Medium,150.32,P3
CUST-02882,Consumer,24 Month,Online,UK,Basic,33,81.13,0,0.465,54,0,15.8,39,0,973.56,2,Low,216.35,P4
CUST-02883,Enterprise,Month-to-Month,Online,India,Basic,4,25.5,0,0.46,89,0,0.1,26,0,306.0,1,Low,34.0,P4
CUST-02884,Mid-Market,Month-to-Month,Direct Sales,India,Premium,67,32.97,3,0.849,-40,0,10.2,58,0,395.64,5,High,219.8,P3
CUST-02885,SMB,12 Month,Online,UK,Basic,25,55.96,0,0.315,84,0,6.4,3,0,671.52,2,Low,149.23,P4
CUST-02886,SMB,12 Month,Direct Sales,US,Basic,10,107.4,1,0.79,89,1,5.7,43,0,1288.8,4,Medium,572.8,P2
CUST-02887,Consumer,Month-to-Month,Direct Sales,US,Standard,32,98.59,1,0.465,-97,1,0.7,2,1,1183.08,4,Medium,0.0,P2
CUST-02888,Consumer,12 Month,Partner,Germany,Standard,52,38.94,1,0.21,4,1,14.2,36,1,467.28,6,High,0.0,P3
CUST-02889,SMB,12 Month,Online,UK,Premium,50,27.88,0,0.292,-6,1,6.1,49,0,334.56,7,Critical,260.21,P3
CUST-02890,SMB,Month-to-Month,Online,UK,Basic,6,86.46,0,0.501,97,0,15.6,10,0,1037.52,1,Low,115.28,P4
CUST-02891,SMB,Month-to-Month,Online,UAE,Premium,52,45.8,1,0.552,96,0,5.9,26,0,549.6,1,Low,61.07,P4
CUST-02892,SMB,Month-to-Month,Online,UK,Premium,69,32.1,2,0.475,62,1,10.6,51,0,385.2,5,High,214.0,P3
CUST-02893,Consumer,12 Month,Retail,Germany,Standard,7,60.3,1,0.154,-1,2,4.7,33,0,723.6,7,Critical,562.8,P3
CUST-02894,SMB,12 Month,Direct Sales,India,Basic,63,19.36,2,0.509,76,2,8.2,43,0,232.32,4,Medium,103.25,P3
CUST-02895,SMB,Month-to-Month,Online,UK,Premium,9,48.51,1,0.847,11,1,14.1,43,0,582.12,5,High,323.4,P3
CUST-02896,SMB,Month-to-Month,Direct Sales,India,Premium,70,49.09,2,0.582,77,0,12.3,46,0,589.08,3,Medium,196.36,P3
CUST-02897,SMB,Month-to-Month,Online,UAE,Standard,46,109.65,3,0.222,94,0,4.6,40,0,1315.8,6,High,877.2,P2
CUST-02898,Consumer,24 Month,Partner,US,Basic,63,33.67,0,0.797,-61,0,8.2,32,0,404.04,3,Medium,134.68,P3
CUST-02899,Consumer,12 Month,Online,India,Standard,51,62.81,3,0.71,-98,2,13.7,53,1,753.72,6,High,0.0,P3
CUST-02900,Consumer,Month-to-Month,Partner,US,Basic,52,48.09,4,0.77,-41,2,9.7,48,0,577.08,7,Critical,448.84,P3
CUST-02901,Mid-Market,12 Month,Retail,US,Basic,60,26.05,0,0.213,35,0,6.8,31,0,312.6,4,Medium,138.93,P3
CUST-02902,Consumer,12 Month,Direct Sales,UK,Standard,61,60.48,2,0.386,-67,0,4.1,21,0,725.76,1,Low,80.64,P4
CUST-02903,SMB,Month-to-Month,Online,UAE,Standard,40,68.86,1,0.522,20,0,9.5,18,0,826.32,1,Low,91.81,P4
CUST-02904,SMB,12 Month,Online,UAE,Basic,37,74.26,1,0.177,-44,0,14.9,51,0,891.12,5,High,495.07,P3
CUST-02905,Consumer,Month-to-Month,Retail,India,Enterprise,11,109.99,0,0.429,-97,0,15.2,60,0,1319.88,4,Medium,586.61,P2
CUST-02906,Consumer,Month-to-Month,Retail,India,Standard,50,30.93,0,0.826,-12,0,3.3,15,0,371.16,2,Low,82.48,P4
CUST-02907,Consumer,Month-to-Month,Online,UAE,Premium,66,45.82,2,0.217,-83,0,4.2,23,0,549.84,4,Medium,244.37,P3
CUST-02908,Consumer,Month-to-Month,Online,US,Enterprise,72,42.69,1,0.2,-98,0,9.9,34,1,512.28,6,High,0.0,P3
CUST-02909,Mid-Market,Month-to-Month,Online,UK,Premium,30,32.14,2,0.741,-92,0,1.9,31,0,385.68,4,Medium,171.41,P3
CUST-02910,Consumer,24 Month,Partner,India,Basic,1,93.43,0,0.495,-16,1,4.6,21,0,1121.16,3,Medium,373.72,P3
CUST-02911,Enterprise,Month-to-Month,Direct Sales,India,Enterprise,72,77.74,3,0.693,-39,0,4.5,46,0,932.88,5,High,518.27,P2
CUST-02912,Consumer,Month-to-Month,Online,UK,Standard,70,156.01,3,0.384,-41,0,26.6,44,0,1872.12,5,High,1040.07,P2
CUST-02913,Mid-Market,24 Month,Direct Sales,UAE,Premium,16,83.66,0,0.79,96,0,2.4,56,0,1003.92,2,Low,223.09,P4
CUST-02914,SMB,Month-to-Month,Retail,UK,Standard,46,46.53,0,0.652,29,0,2.4,25,0,558.36,1,Low,62.04,P4
CUST-02915,SMB,24 Month,Online,UK,Premium,5,135.55,2,0.654,-71,1,7.3,57,0,1626.6,5,High,903.67,P2
CUST-02916,Enterprise,12 Month,Direct Sales,US,Basic,31,214.99,1,0.754,-79,1,3.0,54,0,2579.88,5,High,1433.27,P2
CUST-02917,SMB,12 Month,Retail,India,Premium,7,63.11,1,0.521,29,0,19.5,42,0,757.32,2,Low,168.29,P4
CUST-02918,Consumer,24 Month,Online,US,Premium,21,86.99,1,0.495,91,0,13.8,33,0,1043.88,2,Low,231.97,P4
CUST-02919,Consumer,Month-to-Month,Direct Sales,US,Basic,8,63.54,1,0.724,43,0,21.1,27,0,762.48,1,Low,84.72,P4
CUST-02920,Mid-Market,Month-to-Month,Retail,India,Standard,45,16.41,0,0.374,-53,0,5.5,56,0,196.92,4,Medium,87.52,P3
CUST-02921,SMB,Month-to-Month,Direct Sales,India,Premium,14,66.34,2,0.515,29,0,3.0,17,0,796.08,1,Low,88.45,P4
CUST-02922,Enterprise,12 Month,Retail,UK,Premium,42,77.36,1,0.884,-52,0,20.3,17,0,928.32,1,Low,103.15,P4
CUST-02923,Consumer,24 Month,Direct Sales,UK,Standard,44,24.69,2,0.426,-99,0,2.4,17,0,296.28,1,Low,32.92,P4
CUST-02924,Consumer,12 Month,Partner,Germany,Basic,69,52.65,0,0.495,1,1,4.4,29,0,631.8,2,Low,140.4,P4
CUST-02925,SMB,Month-to-Month,Direct Sales,Germany,Standard,24,46.65,2,0.124,-39,0,10.1,7,0,559.8,4,Medium,248.8,P3
CUST-02926,Enterprise,24 Month,Online,India,Premium,49,87.11,1,0.823,-66,1,6.3,2,0,1045.32,3,Medium,348.44,P3
CUST-02927,Consumer,12 Month,Partner,UAE,Basic,68,105.51,3,0.648,86,0,18.1,17,0,1266.12,1,Low,140.68,P4
CUST-02928,Consumer,12 Month,Online,India,Standard,56,104.91,0,0.583,-31,0,4.6,55,1,1258.92,3,Medium,0.0,P3
CUST-02929,Mid-Market,Month-to-Month,Online,India,Enterprise,15,13.54,1,0.514,95,2,8.1,54,0,162.48,5,High,90.27,P3
CUST-02930,Mid-Market,12 Month,Direct Sales,UAE,Premium,4,64.06,2,0.497,-10,0,3.7,21,1,768.72,1,Low,0.0,P4
CUST-02931,Enterprise,24 Month,Online,India,Premium,43,100.83,2,0.54,-36,0,7.2,24,0,1209.96,1,Low,134.44,P4
CUST-02932,Consumer,12 Month,Online,UAE,Enterprise,51,55.81,4,0.654,17,0,2.2,50,0,669.72,3,Medium,223.24,P3
CUST-02933,Mid-Market,Month-to-Month,Online,US,Standard,29,48.26,1,0.063,5,2,4.9,47,1,579.12,7,Critical,0.0,P3
CUST-02934,Mid-Market,12 Month,Online,Germany,Basic,5,51.53,3,0.607,61,0,4.3,55,0,618.36,3,Medium,206.12,P3
CUST-02935,SMB,Month-to-Month,Direct Sales,UAE,Basic,39,53.43,2,0.346,-45,0,8.2,59,0,641.16,6,High,427.44,P3
CUST-02936,SMB,Month-to-Month,Retail,UAE,Basic,40,26.41,2,0.348,-17,0,10.8,53,1,316.92,6,High,0.0,P3
CUST-02937,Mid-Market,Month-to-Month,Online,UAE,Premium,37,51.36,1,0.561,60,1,2.3,6,0,616.32,3,Medium,205.44,P3
CUST-02938,Mid-Market,24 Month,Online,UK,Enterprise,70,68.33,4,0.771,-40,0,6.4,55,0,819.96,4,Medium,364.43,P3
CUST-02939,Consumer,24 Month,Online,US,Premium,63,122.59,3,0.016,98,0,1.2,30,0,1471.08,3,Medium,490.36,P3
CUST-02940,SMB,Month-to-Month,Partner,UK,Standard,15,50.35,1,0.727,44,1,8.1,58,0,604.2,5,High,335.67,P3
CUST-02941,Enterprise,Month-to-Month,Retail,US,Standard,71,73.98,2,0.89,-84,1,2.8,38,0,887.76,6,High,591.84,P3
CUST-02942,SMB,Month-to-Month,Online,Germany,Standard,39,202.39,0,0.54,-82,0,1.8,10,0,2428.68,2,Low,539.71,P4
CUST-02943,SMB,12 Month,Online,UK,Enterprise,6,55.19,3,0.319,93,0,1.2,45,0,662.28,5,High,367.93,P3
CUST-02944,Mid-Market,Month-to-Month,Partner,UK,Basic,21,140.05,4,0.36,52,0,3.3,13,0,1680.6,2,Low,373.47,P4
CUST-02945,Enterprise,12 Month,Partner,US,Enterprise,70,46.83,2,0.736,-30,0,10.5,5,0,561.96,1,Low,62.44,P4
CUST-02946,Enterprise,Month-to-Month,Online,India,Premium,72,34.14,2,0.594,-6,0,10.9,8,0,409.68,2,Low,91.04,P4
CUST-02947,Consumer,24 Month,Direct Sales,India,Basic,44,53.54,1,0.366,-34,0,3.6,43,1,642.48,3,Medium,0.0,P3
CUST-02948,Consumer,24 Month,Direct Sales,India,Standard,62,37.64,3,0.628,33,2,1.5,4,0,451.68,3,Medium,150.56,P3
CUST-02949,SMB,Month-to-Month,Retail,UK,Standard,2,54.95,1,0.579,7,1,8.5,55,1,659.4,5,High,0.0,P3
CUST-02950,Mid-Market,24 Month,Retail,UAE,Basic,39,78.67,1,0.091,33,1,16.4,30,0,944.04,4,Medium,419.57,P2
CUST-02951,Mid-Market,24 Month,Direct Sales,UK,Enterprise,4,21.28,2,0.125,-62,0,13.7,19,0,255.36,3,Medium,85.12,P3
CUST-02952,Mid-Market,24 Month,Direct Sales,UK,Premium,26,50.75,1,0.566,-29,0,7.9,45,0,609.0,3,Medium,203.0,P3
CUST-02953,Consumer,24 Month,Online,India,Premium,13,91.56,1,0.598,63,1,9.7,27,1,1098.72,2,Low,0.0,P4
CUST-02954,Consumer,Month-to-Month,Retail,UK,Basic,29,80.71,3,0.18,-42,0,11.0,22,0,968.52,5,High,538.07,P2
CUST-02955,SMB,12 Month,Partner,UK,Standard,6,127.75,1,0.295,-66,0,14.3,49,0,1533.0,5,High,851.67,P2
CUST-02956,Consumer,12 Month,Partner,UAE,Basic,28,98.24,3,0.636,-86,0,6.8,20,0,1178.88,2,Low,261.97,P4
CUST-02957,Enterprise,24 Month,Direct Sales,UAE,Premium,71,29.81,1,0.256,89,1,8.3,51,0,357.72,6,High,238.48,P3
CUST-02958,SMB,12 Month,Direct Sales,Germany,Basic,41,75.34,1,0.501,41,1,2.2,23,0,904.08,2,Low,200.91,P4
CUST-02959,Consumer,Month-to-Month,Online,UK,Standard,11,63.8,2,0.433,4,0,3.9,49,1,765.6,3,Medium,0.0,P3
CUST-02960,SMB,Month-to-Month,Direct Sales,UK,Basic,40,52.61,3,0.194,-32,0,9.1,13,0,631.32,5,High,350.73,P3
CUST-02961,SMB,12 Month,Retail,US,Premium,10,26.62,1,0.426,-72,1,6.4,35,0,319.44,5,High,177.47,P3
CUST-02962,Enterprise,Month-to-Month,Online,UK,Standard,20,40.91,0,0.941,-26,0,3.8,34,0,490.92,4,Medium,218.19,P3
CUST-02963,Consumer,Month-to-Month,Direct Sales,UK,Basic,49,19.37,2,0.52,23,0,5.6,45,1,232.44,3,Medium,0.0,P3
CUST-02964,Enterprise,12 Month,Online,US,Premium,72,71.28,1,0.838,72,0,4.7,18,0,855.36,0,Low,0.0,P4
CUST-02965,SMB,Month-to-Month,Retail,UK,Standard,17,40.9,0,0.188,36,0,8.3,33,0,490.8,5,High,272.67,P3
CUST-02966,SMB,12 Month,Direct Sales,India,Standard,11,32.2,3,0.611,17,0,4.2,25,0,386.4,1,Low,42.93,P4
CUST-02967,Enterprise,24 Month,Online,Germany,Standard,32,37.52,2,0.705,-26,0,4.5,52,0,450.24,3,Medium,150.08,P3
CUST-02968,Mid-Market,24 Month,Online,India,Premium,42,60.45,0,0.277,-16,0,6.6,15,0,725.4,3,Medium,241.8,P3
CUST-02969,SMB,24 Month,Direct Sales,UK,Premium,22,49.74,1,0.562,46,0,0.9,27,0,596.88,0,Low,0.0,P4
CUST-02970,Consumer,12 Month,Partner,UAE,Basic,38,45.69,2,0.566,-26,0,1.2,28,0,548.28,1,Low,60.92,P4
CUST-02971,Consumer,12 Month,Online,UK,Enterprise,69,36.74,3,0.562,-70,0,21.5,36,0,440.88,4,Medium,195.95,P3
CUST-02972,Mid-Market,12 Month,Retail,UAE,Enterprise,66,91.86,0,0.35,46,0,4.0,54,1,1102.32,2,Low,0.0,P4
CUST-02973,Consumer,24 Month,Online,Germany,Basic,72,54.62,2,0.652,-95,0,5.5,1,0,655.44,1,Low,72.83,P4
CUST-02974,SMB,Month-to-Month,Retail,US,Basic,68,18.04,0,0.344,-23,0,19.5,0,0,216.48,4,Medium,96.21,P3
CUST-02975,Consumer,Month-to-Month,Direct Sales,US,Premium,12,51.39,2,0.865,14,0,9.7,19,0,616.68,1,Low,68.52,P4
CUST-02976,Consumer,Month-to-Month,Partner,UK,Basic,26,14.01,1,0.465,-95,0,7.1,23,1,168.12,2,Low,0.0,P4
CUST-02977,Consumer,Month-to-Month,Direct Sales,India,Basic,71,67.86,1,0.837,55,0,1.0,49,0,814.32,3,Medium,271.44,P3
CUST-02978,Enterprise,Month-to-Month,Direct Sales,India,Standard,14,94.77,1,0.526,88,0,16.6,36,0,1137.24,3,Medium,379.08,P3
CUST-02979,Consumer,Month-to-Month,Online,UK,Premium,45,44.73,2,0.364,53,0,6.2,9,0,536.76,1,Low,59.64,P4
CUST-02980,SMB,12 Month,Partner,Germany,Enterprise,59,105.31,0,0.357,63,1,10.4,51,0,1263.72,4,Medium,561.65,P2
CUST-02981,Mid-Market,Month-to-Month,Direct Sales,UAE,Premium,24,141.99,1,0.611,-82,0,17.1,6,0,1703.88,2,Low,378.64,P4
CUST-02982,Consumer,12 Month,Partner,UAE,Premium,7,41.19,1,0.457,60,0,6.2,1,0,494.28,0,Low,0.0,P4
CUST-02983,Mid-Market,12 Month,Online,UAE,Premium,12,85.42,2,0.397,25,1,2.7,37,0,1025.04,4,Medium,455.57,P2
CUST-02984,Consumer,Month-to-Month,Partner,Germany,Standard,61,52.06,1,0.797,-65,1,7.7,56,1,624.72,6,High,0.0,P3
CUST-02985,Consumer,12 Month,Direct Sales,US,Basic,26,39.87,1,0.428,-36,0,20.4,22,0,478.44,1,Low,53.16,P4
CUST-02986,Mid-Market,Month-to-Month,Direct Sales,UK,Standard,39,56.5,0,0.809,60,1,2.2,45,1,678.0,5,High,0.0,P3
CUST-02987,Enterprise,24 Month,Online,US,Premium,38,50.31,2,0.192,-60,0,22.8,41,1,603.72,5,High,0.0,P3
CUST-02988,SMB,12 Month,Direct Sales,UK,Basic,38,76.82,3,0.561,-64,1,19.2,60,0,921.84,6,High,614.56,P2
CUST-02989,SMB,Month-to-Month,Retail,India,Basic,16,33.79,4,0.436,-71,0,2.4,15,0,405.48,3,Medium,135.16,P3
CUST-02990,Mid-Market,Month-to-Month,Partner,US,Premium,30,39.12,1,0.155,45,1,6.4,46,0,469.44,7,Critical,365.12,P3
CUST-02991,Consumer,24 Month,Online,UAE,Standard,40,30.5,1,0.429,49,0,13.3,21,0,366.0,0,Low,0.0,P4
CUST-02992,SMB,Month-to-Month,Retail,UAE,Enterprise,66,103.21,2,0.333,80,1,7.3,52,0,1238.52,7,Critical,963.29,P2
CUST-02993,Consumer,12 Month,Online,UAE,Standard,34,92.11,0,0.457,-43,0,1.3,5,0,1105.32,1,Low,122.81,P4
CUST-02994,SMB,Month-to-Month,Direct Sales,UK,Standard,51,68.68,4,0.313,-65,0,15.6,41,1,824.16,7,Critical,0.0,P3
CUST-02995,SMB,24 Month,Online,Germany,Basic,61,49.84,2,0.4,-36,0,12.2,2,0,598.08,1,Low,66.45,P4
CUST-02996,Enterprise,Month-to-Month,Retail,UK,Basic,52,28.52,4,0.46,-75,0,3.7,4,0,342.24,3,Medium,114.08,P3
CUST-02997,SMB,Month-to-Month,Direct Sales,UAE,Premium,20,307.94,0,0.763,-26,0,3.1,55,0,3695.28,4,Medium,1642.35,P2
CUST-02998,Consumer,Month-to-Month,Online,UAE,Standard,63,29.11,0,0.446,-21,0,2.7,8,0,349.32,2,Low,77.63,P4
CUST-02999,Consumer,12 Month,Retail,UAE,Standard,26,36.0,2,0.765,-59,0,0.7,12,0,432.0,1,Low,48.0,P4
CUST-03000,SMB,12 Month,Online,Germany,Standard,43,62.38,1,0.195,-19,0,6.9,12,0,748.56,3,Medium,249.52,P3
CUST-03001,Consumer,12 Month,Retail,UAE,Basic,2,82.42,1,0.765,58,0,10.2,5,0,989.04,0,Low,0.0,P4
CUST-03002,Consumer,Month-to-Month,Retail,Germany,Standard,4,40.05,3,0.737,-37,0,7.1,13,0,480.6,3,Medium,160.2,P3
CUST-03003,SMB,24 Month,Partner,UK,Basic,20,41.04,2,0.251,0,1,4.7,1,0,492.48,4,Medium,218.88,P3
CUST-03004,SMB,12 Month,Retail,US,Premium,45,34.82,5,0.653,-55,0,8.5,42,0,417.84,4,Medium,185.71,P3
CUST-03005,Enterprise,Month-to-Month,Online,US,Premium,20,45.71,0,0.495,-47,0,6.3,26,0,548.52,2,Low,121.89,P4
CUST-03006,SMB,12 Month,Direct Sales,Germany,Premium,15,215.4,3,0.878,84,0,5.6,59,0,2584.8,3,Medium,861.6,P3
CUST-03007,Mid-Market,Month-to-Month,Direct Sales,UAE,Basic,54,74.5,1,0.26,-36,0,6.3,17,0,894.0,4,Medium,397.33,P3
CUST-03008,Mid-Market,Month-to-Month,Online,UAE,Premium,32,228.49,1,0.199,-99,0,9.9,15,0,2741.88,4,Medium,1218.61,P2
CUST-03009,Consumer,12 Month,Partner,US,Premium,35,22.33,2,0.288,-52,1,0.2,53,0,267.96,7,Critical,208.41,P3
CUST-03010,Mid-Market,12 Month,Online,UK,Premium,6,62.16,3,0.767,-54,0,16.6,22,0,745.92,2,Low,165.76,P4
CUST-03011,Consumer,12 Month,Direct Sales,US,Premium,37,81.23,0,0.42,75,0,4.0,55,0,974.76,2,Low,216.61,P4
CUST-03012,Consumer,Month-to-Month,Online,UK,Standard,45,25.8,2,0.687,19,1,14.1,56,1,309.6,5,High,0.0,P3
CUST-03013,SMB,Month-to-Month,Direct Sales,UAE,Basic,60,104.94,2,0.326,39,0,6.7,19,0,1259.28,3,Medium,419.76,P3
CUST-03014,SMB,12 Month,Direct Sales,UK,Basic,33,48.42,2,0.358,-38,1,7.9,4,0,581.04,3,Medium,193.68,P3
CUST-03015,SMB,Month-to-Month,Online,US,Enterprise,11,57.13,3,0.657,-23,0,4.8,46,0,685.56,5,High,380.87,P3
CUST-03016,SMB,Month-to-Month,Direct Sales,UK,Standard,3,101.39,1,0.586,-88,1,4.4,12,0,1216.68,4,Medium,540.75,P2
CUST-03017,SMB,Month-to-Month,Partner,UK,Enterprise,50,21.12,2,0.396,-60,1,12.9,58,1,253.44,6,High,0.0,P3
CUST-03018,Consumer,24 Month,Online,Germany,Basic,14,107.74,4,0.228,46,1,4.9,36,1,1292.88,7,Critical,0.0,P2
CUST-03019,Enterprise,24 Month,Direct Sales,Germany,Premium,64,113.48,0,0.137,59,0,2.4,32,0,1361.76,4,Medium,605.23,P2
CUST-03020,Consumer,12 Month,Direct Sales,Germany,Basic,35,35.58,2,0.231,21,0,14.0,18,0,426.96,2,Low,94.88,P4
CUST-03021,Mid-Market,24 Month,Online,India,Basic,26,70.97,2,0.743,97,0,3.7,34,0,851.64,2,Low,189.25,P4
CUST-03022,Consumer,12 Month,Online,UK,Premium,62,23.81,4,0.054,-5,2,5.1,52,1,285.72,8,Critical,0.0,P3
CUST-03023,SMB,12 Month,Retail,UK,Enterprise,2,42.35,1,0.613,70,0,15.3,19,0,508.2,0,Low,0.0,P4
CUST-03024,Consumer,12 Month,Online,India,Premium,58,152.85,1,0.547,52,0,5.5,18,0,1834.2,0,Low,0.0,P4
CUST-03025,SMB,Month-to-Month,Online,UK,Basic,53,52.12,3,0.74,93,1,12.6,31,0,625.44,6,High,416.96,P3
CUST-03026,Enterprise,Month-to-Month,Online,UK,Premium,53,150.53,4,0.312,-100,1,7.6,19,1,1806.36,7,Critical,0.0,P1
CUST-03027,SMB,12 Month,Partner,Germany,Premium,18,93.53,4,0.512,18,0,1.2,32,0,1122.36,3,Medium,374.12,P3
CUST-03028,SMB,24 Month,Direct Sales,UK,Premium,21,33.49,1,0.251,-99,1,23.4,8,0,401.88,5,High,223.27,P3
CUST-03029,Enterprise,Month-to-Month,Direct Sales,UAE,Premium,50,41.84,0,0.58,21,0,2.6,43,0,502.08,3,Medium,167.36,P3
CUST-03030,Consumer,Month-to-Month,Direct Sales,UK,Basic,32,45.35,2,0.313,4,0,2.1,28,0,544.2,3,Medium,181.4,P3
CUST-03031,SMB,12 Month,Retail,India,Premium,9,81.83,0,0.503,-50,0,5.1,25,0,981.96,1,Low,109.11,P4
CUST-03032,SMB,12 Month,Partner,US,Premium,71,39.27,3,0.791,-23,1,11.5,22,0,471.24,4,Medium,209.44,P3
CUST-03033,Consumer,Month-to-Month,Partner,India,Standard,18,37.08,1,0.832,94,0,11.0,38,0,444.96,3,Medium,148.32,P3
CUST-03034,Consumer,Month-to-Month,Online,UK,Standard,68,42.12,6,0.637,-70,0,9.0,28,0,505.44,3,Medium,168.48,P3
CUST-03035,Consumer,Month-to-Month,Online,US,Standard,34,26.28,2,0.449,-27,0,1.8,37,1,315.36,4,Medium,0.0,P3
CUST-03036,SMB,Month-to-Month,Online,India,Basic,26,77.14,2,0.956,-33,0,1.7,19,0,925.68,2,Low,205.71,P4
CUST-03037,Enterprise,24 Month,Direct Sales,UK,Basic,67,31.03,0,0.384,90,1,5.5,55,0,372.36,4,Medium,165.49,P3
CUST-03038,Mid-Market,Month-to-Month,Direct Sales,US,Premium,45,44.72,4,0.444,54,1,13.5,22,0,536.64,4,Medium,238.51,P3
CUST-03039,Consumer,12 Month,Partner,US,Standard,69,107.68,1,0.304,73,2,9.5,34,0,1292.16,6,High,861.44,P2
CUST-03040,Consumer,Month-to-Month,Online,US,Basic,47,84.91,2,0.628,63,1,3.5,56,0,1018.92,5,High,566.07,P2
CUST-03041,SMB,12 Month,Online,US,Basic,61,154.16,2,0.349,-95,0,8.3,54,0,1849.92,5,High,1027.73,P2
CUST-03042,SMB,24 Month,Online,US,Premium,50,51.49,4,0.493,-18,0,11.8,5,0,617.88,2,Low,137.31,P4
CUST-03043,Mid-Market,Month-to-Month,Online,US,Standard,21,20.54,2,0.628,-88,0,0.8,9,0,246.48,2,Low,54.77,P4
CUST-03044,Consumer,Month-to-Month,Online,India,Standard,7,86.98,2,0.341,78,0,4.9,23,0,1043.76,3,Medium,347.92,P3
CUST-03045,Mid-Market,24 Month,Online,UK,Premium,50,37.27,4,0.389,45,0,10.3,24,0,447.24,1,Low,49.69,P4
CUST-03046,Consumer,12 Month,Online,US,Standard,41,29.05,2,0.195,-37,0,17.6,14,0,348.6,3,Medium,116.2,P3
CUST-03047,Consumer,Month-to-Month,Partner,US,Basic,13,42.65,2,0.422,-93,0,2.9,14,0,511.8,2,Low,113.73,P4
CUST-03048,Enterprise,12 Month,Direct Sales,UK,Basic,1,134.14,0,0.754,-34,0,6.7,9,0,1609.68,1,Low,178.85,P4
CUST-03049,Consumer,Month-to-Month,Direct Sales,UAE,Standard,55,30.77,2,0.62,-14,0,13.9,42,1,369.24,4,Medium,0.0,P3
CUST-03050,SMB,Month-to-Month,Partner,India,Basic,42,234.71,3,0.391,-32,0,6.7,30,1,2816.52,3,Medium,0.0,P3
CUST-03051,Mid-Market,Month-to-Month,Online,India,Standard,50,66.01,1,0.589,57,0,5.7,47,1,792.12,3,Medium,0.0,P3
CUST-03052,Enterprise,24 Month,Partner,UK,Basic,70,54.52,3,0.55,84,0,3.9,51,0,654.24,3,Medium,218.08,P3
CUST-03053,Enterprise,Month-to-Month,Direct Sales,UAE,Standard,31,43.6,1,0.239,-2,0,2.3,46,0,523.2,6,High,348.8,P3
CUST-03054,Consumer,Month-to-Month,Direct Sales,India,Basic,62,102.06,2,0.665,-62,0,2.7,28,1,1224.72,2,Low,0.0,P4
CUST-03055,Enterprise,12 Month,Direct Sales,US,Basic,71,66.22,0,0.437,-85,0,10.6,26,0,794.64,1,Low,88.29,P4
CUST-03056,SMB,12 Month,Partner,UK,Standard,28,20.1,4,0.274,-70,0,5.1,30,1,241.2,4,Medium,0.0,P3
CUST-03057,Consumer,Month-to-Month,Direct Sales,UK,Enterprise,1,62.32,3,0.523,-11,0,0.9,13,0,747.84,3,Medium,249.28,P3
CUST-03058,Mid-Market,24 Month,Direct Sales,India,Premium,18,61.58,0,0.382,26,1,8.6,58,0,738.96,4,Medium,328.43,P3
CUST-03059,Consumer,12 Month,Direct Sales,US,Premium,44,42.62,5,0.361,25,0,13.5,34,0,511.44,3,Medium,170.48,P3
CUST-03060,Consumer,Month-to-Month,Online,India,Standard,30,32.49,0,0.779,83,0,10.2,4,0,389.88,1,Low,43.32,P4
CUST-03061,SMB,Month-to-Month,Direct Sales,US,Premium,51,75.34,1,0.502,-60,2,9.3,57,1,904.08,6,High,0.0,P2
CUST-03062,Mid-Market,Month-to-Month,Online,UK,Standard,40,56.33,1,0.34,-57,0,13.6,45,0,675.96,6,High,450.64,P3
CUST-03063,SMB,Month-to-Month,Online,India,Premium,54,23.56,1,0.515,61,0,6.9,32,0,282.72,3,Medium,94.24,P3
CUST-03064,SMB,24 Month,Direct Sales,UK,Basic,8,104.7,2,0.601,23,0,5.9,54,0,1256.4,2,Low,279.2,P4
CUST-03065,Consumer,24 Month,Online,India,Standard,20,52.91,0,0.594,-33,0,18.1,54,0,634.92,3,Medium,211.64,P3
CUST-03066,Consumer,Month-to-Month,Online,US,Standard,2,59.97,2,0.452,-63,1,0.9,55,1,719.64,6,High,0.0,P3
CUST-03067,Mid-Market,12 Month,Partner,US,Premium,68,116.64,3,0.5,91,1,3.7,35,0,1399.68,5,High,777.6,P2
CUST-03068,Mid-Market,12 Month,Direct Sales,US,Enterprise,31,59.19,2,0.22,-3,0,1.0,51,1,710.28,5,High,0.0,P3
CUST-03069,Mid-Market,12 Month,Direct Sales,Germany,Basic,58,57.12,2,0.698,47,1,15.4,12,0,685.44,2,Low,152.32,P4
CUST-03070,Consumer,24 Month,Online,UK,Basic,4,69.16,2,0.571,60,0,7.3,8,0,829.92,0,Low,0.0,P4
CUST-03071,SMB,12 Month,Direct Sales,India,Premium,31,98.63,1,0.175,57,0,13.4,37,0,1183.56,4,Medium,526.03,P2
CUST-03072,SMB,Month-to-Month,Retail,UK,Standard,25,54.09,1,0.861,-23,0,13.8,7,0,649.08,2,Low,144.24,P4
CUST-03073,Consumer,Month-to-Month,Direct Sales,US,Enterprise,20,51.69,1,0.789,-3,0,6.7,38,0,620.28,4,Medium,275.68,P3
CUST-03074,Mid-Market,24 Month,Direct Sales,UAE,Standard,44,70.89,3,0.331,19,2,2.0,50,0,850.68,7,Critical,661.64,P3
CUST-03075,SMB,12 Month,Direct Sales,UAE,Standard,54,31.7,3,0.677,43,0,6.1,42,0,380.4,3,Medium,126.8,P3
CUST-03076,SMB,12 Month,Online,UK,Standard,14,60.88,4,0.623,27,0,14.6,41,0,730.56,3,Medium,243.52,P3
CUST-03077,SMB,24 Month,Online,UK,Premium,56,124.68,3,0.221,16,0,16.5,38,1,1496.16,5,High,0.0,P2
CUST-03078,SMB,12 Month,Direct Sales,UK,Basic,24,93.9,1,0.63,13,0,6.3,38,0,1126.8,2,Low,250.4,P4
CUST-03079,SMB,Month-to-Month,Retail,US,Standard,39,59.32,6,0.197,-68,0,5.9,44,1,711.84,7,Critical,0.0,P3
CUST-03080,Consumer,24 Month,Partner,US,Standard,46,28.39,0,0.257,-15,0,10.2,26,0,340.68,3,Medium,113.56,P3
CUST-03081,SMB,12 Month,Retail,US,Standard,39,47.37,4,0.698,-58,0,3.4,27,0,568.44,2,Low,126.32,P4
CUST-03082,Mid-Market,Month-to-Month,Online,India,Basic,1,62.58,0,0.727,57,0,8.2,6,0,750.96,1,Low,83.44,P4
CUST-03083,Enterprise,24 Month,Retail,UAE,Premium,66,126.55,3,0.406,-92,0,26.4,41,0,1518.6,4,Medium,674.93,P2
CUST-03084,Mid-Market,12 Month,Online,US,Premium,14,37.87,2,0.615,33,0,5.0,47,0,454.44,2,Low,100.99,P4
CUST-03085,SMB,24 Month,Online,US,Standard,12,37.33,1,0.812,44,0,19.5,49,0,447.96,2,Low,99.55,P4
CUST-03086,Enterprise,Month-to-Month,Retail,US,Standard,10,35.96,2,0.78,47,2,8.3,32,0,431.52,5,High,239.73,P3
CUST-03087,Mid-Market,Month-to-Month,Direct Sales,India,Premium,27,169.67,3,0.114,-87,0,6.7,48,1,2036.04,7,Critical,0.0,P1
CUST-03088,SMB,24 Month,Online,UK,Standard,43,25.5,0,0.545,-12,0,15.1,35,0,306.0,3,Medium,102.0,P3
CUST-03089,SMB,12 Month,Direct Sales,Germany,Premium,27,89.18,3,0.449,-69,0,2.8,58,1,1070.16,4,Medium,0.0,P2
CUST-03090,Consumer,24 Month,Direct Sales,UK,Standard,6,102.51,1,0.161,96,1,19.6,45,0,1230.12,6,High,820.08,P2
CUST-03091,SMB,Month-to-Month,Online,India,Standard,17,41.95,1,0.845,-66,0,3.4,17,0,503.4,2,Low,111.87,P4
CUST-03092,Enterprise,Month-to-Month,Partner,UAE,Premium,58,30.22,0,0.234,-87,0,9.9,6,0,362.64,4,Medium,161.17,P3
CUST-03093,SMB,24 Month,Direct Sales,India,Premium,66,74.33,2,0.704,-59,2,7.8,30,0,891.96,3,Medium,297.32,P3
CUST-03094,SMB,12 Month,Direct Sales,UK,Basic,53,53.38,1,0.765,45,0,0.6,20,0,640.56,0,Low,0.0,P4
CUST-03095,Consumer,Month-to-Month,Partner,UAE,Basic,67,14.58,4,0.344,69,0,13.0,5,0,174.96,4,Medium,77.76,P3
CUST-03096,Mid-Market,Month-to-Month,Online,India,Basic,4,110.57,3,0.537,-12,2,18.3,50,1,1326.84,7,Critical,0.0,P2
CUST-03097,Consumer,Month-to-Month,Partner,UK,Premium,33,90.65,1,0.737,51,0,4.2,25,0,1087.8,1,Low,120.87,P4
CUST-03098,SMB,24 Month,Retail,UK,Premium,58,47.35,2,0.309,56,0,1.8,57,1,568.2,4,Medium,0.0,P3
CUST-03099,Consumer,Month-to-Month,Partner,UAE,Standard,12,149.16,1,0.961,-82,0,6.4,37,0,1789.92,4,Medium,795.52,P2
CUST-03100,SMB,24 Month,Retail,UAE,Enterprise,57,119.33,3,0.371,-63,0,2.3,41,0,1431.96,4,Medium,636.43,P2
CUST-03101,Consumer,Month-to-Month,Online,US,Premium,6,85.87,0,0.411,5,1,1.1,0,0,1030.44,3,Medium,343.48,P3
CUST-03102,Mid-Market,12 Month,Direct Sales,UK,Enterprise,17,67.76,2,0.542,33,1,19.1,48,0,813.12,4,Medium,361.39,P3
CUST-03103,Consumer,Month-to-Month,Direct Sales,UK,Standard,18,50.02,2,0.252,44,0,2.3,27,0,600.24,3,Medium,200.08,P3
CUST-03104,Enterprise,12 Month,Partner,UAE,Enterprise,20,34.69,1,0.51,80,0,19.0,39,0,416.28,2,Low,92.51,P4
CUST-03105,Enterprise,12 Month,Online,US,Premium,23,89.77,0,0.353,-43,0,5.2,16,0,1077.24,1,Low,119.69,P4
CUST-03106,Consumer,Month-to-Month,Direct Sales,Germany,Standard,28,26.63,0,0.241,-11,0,13.9,27,0,319.56,4,Medium,142.03,P3
CUST-03107,SMB,12 Month,Partner,UK,Standard,66,68.06,3,0.459,76,0,13.1,20,0,816.72,1,Low,90.75,P4
CUST-03108,Consumer,12 Month,Direct Sales,UK,Enterprise,24,28.75,3,0.391,79,0,6.7,6,0,345.0,1,Low,38.33,P4
CUST-03109,Consumer,12 Month,Online,UK,Premium,42,123.56,2,0.632,95,0,7.1,20,0,1482.72,0,Low,0.0,P4
CUST-03110,SMB,12 Month,Online,Germany,Premium,2,49.3,1,0.342,77,0,7.1,58,0,591.6,4,Medium,262.93,P3
CUST-03111,Consumer,Month-to-Month,Online,US,Standard,3,97.42,5,0.599,-86,0,25.6,6,0,1169.04,3,Medium,389.68,P3
CUST-03112,Mid-Market,12 Month,Online,UAE,Premium,11,33.48,1,0.78,-69,0,13.6,28,0,401.76,1,Low,44.64,P4
CUST-03113,Consumer,Month-to-Month,Partner,UAE,Premium,9,181.19,4,0.889,-50,1,0.7,40,1,2174.28,7,Critical,0.0,P1
CUST-03114,Mid-Market,24 Month,Online,UAE,Standard,34,20.49,2,0.929,-9,1,8.1,45,0,245.88,5,High,136.6,P3
CUST-03115,Consumer,24 Month,Online,UAE,Premium,33,75.43,1,0.934,87,0,5.0,53,0,905.16,2,Low,201.15,P4
CUST-03116,Consumer,Month-to-Month,Retail,UK,Standard,10,28.95,2,0.512,56,1,2.7,13,1,347.4,3,Medium,0.0,P3
CUST-03117,SMB,Month-to-Month,Online,UAE,Standard,62,54.77,0,0.344,89,0,2.5,6,0,657.24,3,Medium,219.08,P3
CUST-03118,Enterprise,12 Month,Online,India,Premium,57,8.78,2,0.525,94,0,10.8,39,0,105.36,2,Low,23.41,P4
CUST-03119,Consumer,Month-to-Month,Partner,US,Premium,18,75.38,1,0.81,-65,1,10.7,17,0,904.56,4,Medium,402.03,P2
CUST-03120,Mid-Market,24 Month,Partner,UAE,Enterprise,25,64.19,1,0.658,-94,1,15.4,51,0,770.28,5,High,427.93,P3
CUST-03121,Mid-Market,Month-to-Month,Online,India,Standard,21,96.75,2,0.794,-22,0,8.5,33,1,1161.0,4,Medium,0.0,P2
CUST-03122,Consumer,24 Month,Online,Germany,Premium,13,55.02,0,0.638,79,0,0.6,40,0,660.24,2,Low,146.72,P4
CUST-03123,Enterprise,24 Month,Retail,India,Standard,41,122.17,3,0.361,61,0,10.9,44,0,1466.04,3,Medium,488.68,P3
CUST-03124,Mid-Market,12 Month,Direct Sales,UAE,Premium,26,61.44,5,0.496,20,0,3.3,49,0,737.28,3,Medium,245.76,P3
CUST-03125,Consumer,24 Month,Direct Sales,UK,Standard,56,126.94,1,0.815,-91,0,8.1,55,0,1523.28,3,Medium,507.76,P3
CUST-03126,Mid-Market,Month-to-Month,Partner,US,Standard,2,77.19,2,0.462,-62,0,0.2,29,0,926.28,2,Low,205.84,P4
CUST-03127,SMB,24 Month,Online,UAE,Enterprise,44,42.33,2,0.473,13,0,7.5,21,0,507.96,0,Low,0.0,P4
CUST-03128,SMB,Month-to-Month,Direct Sales,US,Standard,64,42.35,1,0.878,-72,2,11.6,5,1,508.2,4,Medium,0.0,P3
CUST-03129,Enterprise,12 Month,Online,UAE,Basic,64,56.64,1,0.262,-44,0,10.4,56,1,679.68,5,High,0.0,P3
CUST-03130,Consumer,Month-to-Month,Direct Sales,US,Enterprise,34,35.02,4,0.368,100,0,13.5,24,0,420.24,2,Low,93.39,P4
CUST-03131,Consumer,Month-to-Month,Direct Sales,UK,Standard,10,64.5,2,0.351,-82,0,9.7,8,0,774.0,2,Low,172.0,P4
CUST-03132,Mid-Market,12 Month,Online,Germany,Basic,2,121.87,2,0.435,64,0,3.2,27,0,1462.44,0,Low,0.0,P4
CUST-03133,Mid-Market,Month-to-Month,Online,US,Premium,40,80.33,4,0.441,59,3,3.6,26,1,963.96,4,Medium,0.0,P2
CUST-03134,Mid-Market,Month-to-Month,Direct Sales,UK,Standard,29,20.18,5,0.653,-53,0,5.5,46,0,242.16,5,High,134.53,P3
CUST-03135,SMB,Month-to-Month,Direct Sales,UAE,Premium,6,67.03,1,0.822,43,0,14.1,18,0,804.36,1,Low,89.37,P4
CUST-03136,Mid-Market,24 Month,Retail,UK,Premium,32,52.11,2,0.694,-77,0,14.4,53,0,625.32,3,Medium,208.44,P3
CUST-03137,Mid-Market,12 Month,Direct Sales,India,Premium,23,75.99,1,0.716,26,0,5.1,39,0,911.88,2,Low,202.64,P4
CUST-03138,Enterprise,12 Month,Online,US,Premium,37,72.69,3,0.29,58,0,10.6,22,0,872.28,3,Medium,290.76,P3
CUST-03139,Consumer,Month-to-Month,Direct Sales,UK,Basic,49,61.4,3,0.326,81,0,1.8,46,1,736.8,6,High,0.0,P3
CUST-03140,Consumer,24 Month,Direct Sales,US,Premium,49,42.09,2,0.206,-100,0,7.3,53,1,505.08,5,High,0.0,P3
CUST-03141,Consumer,12 Month,Retail,India,Basic,50,53.31,3,0.772,54,0,0.7,27,0,639.72,1,Low,71.08,P4
CUST-03142,SMB,24 Month,Online,UK,Enterprise,58,67.27,2,0.744,-89,1,13.9,28,0,807.24,3,Medium,269.08,P3
CUST-03143,Consumer,Month-to-Month,Online,UK,Standard,35,32.16,1,0.175,-91,0,10.3,24,0,385.92,4,Medium,171.52,P3
CUST-03144,Consumer,12 Month,Retail,UK,Enterprise,63,48.85,2,0.265,-84,0,18.4,41,0,586.2,5,High,325.67,P3
CUST-03145,Consumer,24 Month,Retail,US,Standard,27,22.75,1,0.333,-76,0,15.2,21,0,273.0,3,Medium,91.0,P3
CUST-03146,SMB,24 Month,Direct Sales,India,Premium,24,47.99,0,0.359,6,0,9.8,6,0,575.88,0,Low,0.0,P4
CUST-03147,Consumer,24 Month,Retail,US,Basic,28,93.77,2,0.267,69,0,3.8,21,0,1125.24,2,Low,250.05,P4
CUST-03148,Enterprise,Month-to-Month,Online,UK,Basic,29,48.96,0,0.529,96,0,1.7,4,0,587.52,1,Low,65.28,P4
CUST-03149,SMB,Month-to-Month,Direct Sales,India,Standard,71,73.2,2,0.527,-67,0,7.4,49,1,878.4,4,Medium,0.0,P3
CUST-03150,SMB,Month-to-Month,Retail,US,Standard,58,99.41,3,0.812,92,0,4.0,6,0,1192.92,2,Low,265.09,P4
CUST-03151,Consumer,Month-to-Month,Online,India,Basic,22,75.16,2,0.757,66,0,6.5,33,0,901.92,3,Medium,300.64,P3
CUST-03152,Enterprise,24 Month,Partner,UK,Premium,41,71.38,2,0.602,33,2,2.2,3,0,856.56,2,Low,190.35,P4
CUST-03153,Mid-Market,24 Month,Retail,India,Standard,66,42.48,1,0.751,7,0,5.6,19,0,509.76,0,Low,0.0,P4
CUST-03154,Consumer,12 Month,Direct Sales,India,Basic,70,52.31,2,0.792,-93,0,7.3,4,0,627.72,1,Low,69.75,P4
CUST-03155,Mid-Market,12 Month,Retail,US,Basic,55,104.58,1,0.48,11,0,8.9,23,0,1254.96,0,Low,0.0,P4
CUST-03156,Enterprise,12 Month,Online,Germany,Standard,15,26.59,1,0.542,-1,1,4.9,32,0,319.08,5,High,177.27,P3
CUST-03157,SMB,Month-to-Month,Online,UK,Basic,55,27.07,4,0.112,56,0,6.1,14,0,324.84,4,Medium,144.37,P3
CUST-03158,SMB,Month-to-Month,Direct Sales,UK,Standard,8,33.65,2,0.36,72,0,10.1,45,1,403.8,3,Medium,0.0,P3
CUST-03159,Mid-Market,Month-to-Month,Direct Sales,US,Premium,41,81.75,0,0.8,-24,2,5.2,10,0,981.0,4,Medium,436.0,P2
CUST-03160,Consumer,Month-to-Month,Online,Germany,Premium,67,37.44,2,0.611,46,0,10.7,56,0,449.28,3,Medium,149.76,P3
CUST-03161,SMB,12 Month,Direct Sales,UK,Standard,17,34.13,3,0.394,-15,0,1.3,45,0,409.56,4,Medium,182.03,P3
CUST-03162,Mid-Market,Month-to-Month,Online,UK,Premium,49,38.34,2,0.469,86,0,2.8,20,0,460.08,1,Low,51.12,P4
CUST-03163,Consumer,Month-to-Month,Online,UK,Standard,32,75.6,0,0.562,-13,0,7.3,30,0,907.2,2,Low,201.6,P4
CUST-03164,Consumer,24 Month,Retail,UK,Standard,45,122.15,2,0.905,-47,0,1.0,15,0,1465.8,1,Low,162.87,P4
CUST-03165,Consumer,Month-to-Month,Online,India,Basic,52,42.97,2,0.111,-65,0,11.5,41,1,515.64,6,High,0.0,P3
CUST-03166,Consumer,Month-to-Month,Direct Sales,UAE,Standard,3,37.37,2,0.469,-23,0,9.1,2,0,448.44,2,Low,99.65,P4
CUST-03167,Mid-Market,Month-to-Month,Partner,Germany,Basic,61,87.54,0,0.661,-37,0,3.0,9,0,1050.48,2,Low,233.44,P4
CUST-03168,Consumer,Month-to-Month,Retail,UAE,Enterprise,28,41.59,3,0.377,57,0,1.4,31,0,499.08,4,Medium,221.81,P3
CUST-03169,Consumer,24 Month,Online,UAE,Enterprise,50,44.28,2,0.53,35,0,1.1,43,0,531.36,2,Low,118.08,P4
CUST-03170,Enterprise,12 Month,Partner,UAE,Enterprise,5,56.71,3,0.549,69,0,3.9,44,1,680.52,3,Medium,0.0,P3
CUST-03171,Consumer,24 Month,Direct Sales,US,Basic,27,161.93,2,0.49,15,2,2.0,22,1,1943.16,2,Low,0.0,P4
CUST-03172,SMB,Month-to-Month,Retail,UAE,Basic,34,64.98,1,0.37,72,0,6.2,54,0,779.76,3,Medium,259.92,P3
CUST-03173,Consumer,12 Month,Retail,US,Basic,36,90.22,3,0.667,-60,0,2.2,60,1,1082.64,4,Medium,0.0,P2
CUST-03174,Enterprise,12 Month,Retail,India,Premium,10,59.23,2,0.235,10,0,5.9,36,0,710.76,4,Medium,315.89,P3
CUST-03175,Consumer,24 Month,Online,India,Premium,31,51.35,1,0.367,15,0,1.0,9,0,616.2,0,Low,0.0,P4
CUST-03176,SMB,Month-to-Month,Online,India,Premium,16,20.75,1,0.38,11,0,13.1,40,1,249.0,3,Medium,0.0,P3
CUST-03177,Enterprise,24 Month,Online,Germany,Enterprise,51,48.2,1,0.647,-18,2,8.6,10,0,578.4,3,Medium,192.8,P3
CUST-03178,Consumer,24 Month,Retail,UK,Basic,33,27.28,2,0.769,61,0,11.0,24,1,327.36,0,Low,0.0,P4
CUST-03179,Consumer,Month-to-Month,Direct Sales,UAE,Standard,36,48.8,3,0.748,56,0,24.2,48,0,585.6,4,Medium,260.27,P3
CUST-03180,Consumer,24 Month,Direct Sales,Germany,Enterprise,46,87.35,2,0.745,85,1,5.8,26,0,1048.2,2,Low,232.93,P4
CUST-03181,Consumer,12 Month,Retail,UK,Standard,37,60.59,1,0.889,94,1,4.1,1,0,727.08,2,Low,161.57,P4
CUST-03182,Enterprise,12 Month,Online,US,Enterprise,44,27.62,1,0.45,-87,0,2.7,31,1,331.44,3,Medium,0.0,P3
CUST-03183,Consumer,24 Month,Online,Germany,Premium,20,60.0,0,0.819,3,0,3.9,5,0,720.0,0,Low,0.0,P4
CUST-03184,Enterprise,12 Month,Direct Sales,US,Premium,53,55.2,1,0.733,-78,0,6.6,32,0,662.4,3,Medium,220.8,P3
CUST-03185,Consumer,Month-to-Month,Partner,Germany,Premium,24,48.74,0,0.586,1,0,1.9,6,0,584.88,1,Low,64.99,P4
CUST-03186,SMB,Month-to-Month,Online,India,Basic,32,14.01,1,0.375,16,2,15.9,55,1,168.12,5,High,0.0,P3
CUST-03187,Mid-Market,Month-to-Month,Online,US,Standard,53,34.52,3,0.594,-88,1,13.0,3,0,414.24,5,High,230.13,P3
CUST-03188,Consumer,Month-to-Month,Partner,UK,Enterprise,51,89.07,4,0.513,-85,1,10.8,29,1,1068.84,5,High,0.0,P2
CUST-03189,Consumer,Month-to-Month,Direct Sales,Germany,Premium,38,61.42,0,0.432,-64,0,2.3,10,0,737.04,2,Low,163.79,P4
CUST-03190,Enterprise,12 Month,Direct Sales,UAE,Enterprise,27,104.45,1,0.358,-97,0,15.1,35,0,1253.4,3,Medium,417.8,P3
CUST-03191,Consumer,12 Month,Partner,US,Standard,9,47.31,1,0.383,-37,1,2.5,14,0,567.72,3,Medium,189.24,P3
CUST-03192,SMB,12 Month,Partner,UAE,Standard,65,19.24,0,0.737,49,1,4.9,58,0,230.88,4,Medium,102.61,P3
CUST-03193,SMB,24 Month,Direct Sales,Germany,Standard,72,70.29,1,0.329,67,1,14.7,9,0,843.48,4,Medium,374.88,P3
CUST-03194,Consumer,12 Month,Direct Sales,UK,Basic,45,20.78,1,0.529,-92,0,1.1,23,1,249.36,1,Low,0.0,P4
CUST-03195,Mid-Market,12 Month,Retail,UK,Premium,51,84.64,0,0.549,-100,0,4.7,21,1,1015.68,1,Low,0.0,P4
CUST-03196,Consumer,Month-to-Month,Online,UK,Standard,25,87.61,4,0.686,100,3,12.5,2,0,1051.32,4,Medium,467.25,P2
CUST-03197,Enterprise,Month-to-Month,Direct Sales,UK,Basic,1,24.17,1,0.459,-94,1,4.4,56,1,290.04,6,High,0.0,P3
CUST-03198,SMB,12 Month,Direct Sales,India,Basic,13,55.76,2,0.436,34,0,3.4,34,0,669.12,2,Low,148.69,P4
CUST-03199,SMB,24 Month,Partner,UK,Enterprise,2,117.61,3,0.534,-19,1,7.5,39,0,1411.32,6,High,940.88,P2
CUST-03200,Consumer,12 Month,Partner,India,Enterprise,34,53.13,0,0.384,58,0,2.5,17,0,637.56,0,Low,0.0,P4
CUST-03201,Enterprise,Month-to-Month,Direct Sales,India,Basic,32,73.29,3,0.555,54,1,1.2,23,0,879.48,4,Medium,390.88,P3
CUST-03202,Consumer,Month-to-Month,Direct Sales,Germany,Premium,4,42.3,4,0.366,73,1,4.9,26,0,507.6,4,Medium,225.6,P3
CUST-03203,Consumer,Month-to-Month,Partner,UK,Standard,15,75.54,1,0.551,-23,0,10.7,49,0,906.48,4,Medium,402.88,P2
CUST-03204,Consumer,Month-to-Month,Direct Sales,UK,Standard,1,93.35,2,0.296,44,0,5.3,60,0,1120.2,5,High,622.33,P2
CUST-03205,Enterprise,Month-to-Month,Direct Sales,US,Standard,63,57.07,0,0.638,-35,1,8.6,33,0,684.84,6,High,456.56,P3
CUST-03206,Consumer,12 Month,Partner,Germany,Standard,71,47.94,0,0.486,-32,1,14.4,16,0,575.28,3,Medium,191.76,P3
CUST-03207,Mid-Market,24 Month,Direct Sales,UAE,Standard,70,40.37,1,0.888,34,0,9.3,45,0,484.44,2,Low,107.65,P4
CUST-03208,Consumer,24 Month,Partner,UK,Enterprise,64,59.27,4,0.425,-13,0,9.5,24,0,711.24,2,Low,158.05,P4
CUST-03209,SMB,12 Month,Online,US,Premium,9,53.39,1,0.646,-9,0,0.4,17,0,640.68,1,Low,71.19,P4
CUST-03210,SMB,Month-to-Month,Online,Germany,Premium,70,42.69,2,0.31,-11,0,5.7,40,0,512.28,6,High,341.52,P3
CUST-03211,Mid-Market,Month-to-Month,Online,India,Premium,23,62.54,1,0.383,41,0,2.7,25,0,750.48,1,Low,83.39,P4
CUST-03212,Consumer,Month-to-Month,Partner,UK,Basic,16,21.33,2,0.731,48,1,6.7,9,0,255.96,3,Medium,85.32,P3
CUST-03213,Consumer,12 Month,Online,US,Basic,9,88.14,0,0.545,33,0,9.1,54,0,1057.68,2,Low,235.04,P4
CUST-03214,SMB,Month-to-Month,Online,UK,Premium,32,100.48,3,0.67,-40,0,2.0,53,0,1205.76,5,High,669.87,P2
CUST-03215,Enterprise,12 Month,Retail,India,Standard,27,51.21,2,0.285,15,0,11.4,45,0,614.52,4,Medium,273.12,P3
CUST-03216,Mid-Market,Month-to-Month,Online,UK,Basic,45,47.17,1,0.385,28,0,9.9,12,0,566.04,1,Low,62.89,P4
CUST-03217,Consumer,24 Month,Direct Sales,UK,Standard,68,116.33,2,0.297,-52,1,7.8,44,0,1395.96,7,Critical,1085.75,P2
CUST-03218,Enterprise,Month-to-Month,Direct Sales,US,Premium,5,41.35,1,0.45,53,0,14.4,50,1,496.2,3,Medium,0.0,P3
CUST-03219,Consumer,Month-to-Month,Retail,India,Premium,10,30.56,1,0.57,-65,0,9.6,14,0,366.72,2,Low,81.49,P4
CUST-03220,Enterprise,12 Month,Direct Sales,Germany,Premium,23,25.02,0,0.376,-31,0,13.6,4,0,300.24,1,Low,33.36,P4
CUST-03221,Consumer,24 Month,Direct Sales,US,Basic,3,13.46,0,0.548,-52,0,5.1,42,0,161.52,3,Medium,53.84,P3
CUST-03222,Mid-Market,Month-to-Month,Direct Sales,Germany,Premium,33,53.59,2,0.606,5,1,11.1,16,0,643.08,3,Medium,214.36,P3
CUST-03223,Consumer,Month-to-Month,Direct Sales,UK,Basic,34,47.56,1,0.296,55,0,2.0,1,0,570.72,3,Medium,190.24,P3
CUST-03224,Consumer,Month-to-Month,Online,UAE,Standard,32,49.1,1,0.899,78,0,3.4,60,1,589.2,3,Medium,0.0,P3
CUST-03225,SMB,24 Month,Online,UK,Basic,56,53.04,3,0.616,73,0,8.0,45,1,636.48,3,Medium,0.0,P3
CUST-03226,SMB,12 Month,Direct Sales,UK,Standard,20,128.1,4,0.486,-41,0,2.2,42,0,1537.2,4,Medium,683.2,P2
CUST-03227,SMB,24 Month,Direct Sales,UK,Enterprise,23,38.88,5,0.584,-75,0,5.8,41,1,466.56,4,Medium,0.0,P3
CUST-03228,Consumer,12 Month,Online,UK,Premium,8,55.12,3,0.367,75,0,6.5,28,0,661.44,1,Low,73.49,P4
CUST-03229,Consumer,24 Month,Partner,UAE,Standard,59,53.28,0,0.619,-48,1,4.0,32,0,639.36,5,High,355.2,P3
CUST-03230,SMB,Month-to-Month,Direct Sales,India,Basic,59,43.8,0,0.823,51,0,16.0,8,0,525.6,1,Low,58.4,P4
CUST-03231,Consumer,12 Month,Partner,US,Basic,35,74.92,1,0.304,-39,0,2.7,39,0,899.04,5,High,499.47,P3
CUST-03232,Mid-Market,12 Month,Direct Sales,India,Enterprise,41,128.98,1,0.518,-51,1,14.4,3,0,1547.76,3,Medium,515.92,P3
CUST-03233,Enterprise,Month-to-Month,Partner,UK,Basic,67,68.4,3,0.43,39,1,10.6,21,0,820.8,4,Medium,364.8,P3
CUST-03234,Consumer,12 Month,Retail,US,Basic,69,38.41,4,0.585,-84,0,1.8,19,0,460.92,2,Low,102.43,P4
CUST-03235,Mid-Market,12 Month,Online,UK,Standard,1,47.13,1,0.355,-30,1,13.0,23,0,565.56,3,Medium,188.52,P3
CUST-03236,Mid-Market,24 Month,Retail,UK,Standard,34,32.4,1,0.582,1,1,8.1,1,0,388.8,2,Low,86.4,P4
CUST-03237,Mid-Market,24 Month,Online,US,Standard,61,77.25,2,0.722,88,0,11.1,7,0,927.0,0,Low,0.0,P4
CUST-03238,Mid-Market,12 Month,Direct Sales,US,Basic,54,49.19,3,0.677,-94,0,7.2,28,1,590.28,2,Low,0.0,P4
CUST-03239,SMB,Month-to-Month,Online,US,Standard,8,49.58,2,0.287,-26,0,11.2,47,1,594.96,6,High,0.0,P3
CUST-03240,Consumer,12 Month,Online,UK,Standard,38,40.07,0,0.521,-98,1,8.4,45,1,480.84,5,High,0.0,P3
CUST-03241,Mid-Market,24 Month,Direct Sales,US,Basic,45,92.84,2,0.8,57,0,5.5,18,0,1114.08,0,Low,0.0,P4
CUST-03242,Consumer,Month-to-Month,Online,Germany,Standard,52,31.34,2,0.482,-11,0,5.0,27,0,376.08,2,Low,83.57,P4
CUST-03243,Consumer,12 Month,Retail,India,Premium,63,22.64,1,0.776,31,0,1.3,23,0,271.68,0,Low,0.0,P4
CUST-03244,Consumer,24 Month,Online,US,Standard,70,146.48,2,0.712,-1,0,5.2,15,0,1757.76,1,Low,195.31,P4
CUST-03245,Enterprise,12 Month,Partner,UAE,Enterprise,25,123.38,2,0.812,-54,0,4.3,55,0,1480.56,3,Medium,493.52,P3
CUST-03246,Consumer,12 Month,Direct Sales,US,Basic,46,166.61,4,0.28,-20,2,4.1,33,0,1999.32,8,Critical,1777.17,P1
CUST-03247,Consumer,Month-to-Month,Direct Sales,UAE,Standard,22,20.39,0,0.649,-61,0,0.8,11,1,244.68,2,Low,0.0,P4
CUST-03248,Enterprise,Month-to-Month,Direct Sales,UAE,Standard,48,42.41,0,0.221,-88,1,8.3,40,0,508.92,8,Critical,452.37,P3
CUST-03249,SMB,12 Month,Direct Sales,UK,Basic,56,21.22,1,0.413,-29,0,11.3,12,0,254.64,1,Low,28.29,P4
CUST-03250,SMB,Month-to-Month,Direct Sales,Germany,Enterprise,7,32.09,2,0.48,73,1,10.1,37,0,385.08,5,High,213.93,P3
CUST-03251,Mid-Market,Month-to-Month,Online,UK,Basic,65,46.14,2,0.665,28,0,20.7,16,0,553.68,1,Low,61.52,P4
CUST-03252,SMB,12 Month,Online,UK,Basic,37,56.36,0,0.729,-63,1,3.7,50,0,676.32,5,High,375.73,P3
CUST-03253,SMB,Month-to-Month,Online,UK,Basic,50,28.55,3,0.557,-98,1,5.7,4,1,342.6,5,High,0.0,P3
CUST-03254,SMB,Month-to-Month,Direct Sales,UK,Premium,42,39.62,1,0.865,-94,1,1.3,4,0,475.44,4,Medium,211.31,P3
CUST-03255,Mid-Market,12 Month,Direct Sales,UK,Standard,36,88.6,2,0.615,60,1,14.8,31,0,1063.2,4,Medium,472.53,P2
CUST-03256,Mid-Market,12 Month,Online,US,Premium,13,53.4,1,0.543,-3,1,7.0,50,1,640.8,5,High,0.0,P3
CUST-03257,SMB,12 Month,Online,US,Premium,72,10.87,2,0.582,-37,0,3.2,5,0,130.44,1,Low,14.49,P4
CUST-03258,SMB,Month-to-Month,Online,India,Standard,59,71.84,3,0.612,28,0,14.2,48,0,862.08,4,Medium,383.15,P3
CUST-03259,SMB,12 Month,Retail,India,Standard,55,68.42,1,0.28,-77,0,18.6,21,0,821.04,3,Medium,273.68,P3
CUST-03260,SMB,24 Month,Online,US,Premium,42,102.52,3,0.436,-74,1,3.0,20,1,1230.24,4,Medium,0.0,P2
CUST-03261,SMB,Month-to-Month,Direct Sales,UK,Premium,45,37.88,1,0.833,48,0,1.3,26,0,454.56,1,Low,50.51,P4
CUST-03262,SMB,Month-to-Month,Direct Sales,UK,Premium,37,107.57,3,0.642,-69,0,2.0,28,0,1290.84,3,Medium,430.28,P3
CUST-03263,SMB,24 Month,Partner,UK,Premium,45,96.15,1,0.584,85,0,1.5,51,0,1153.8,2,Low,256.4,P4
CUST-03264,Consumer,Month-to-Month,Direct Sales,US,Standard,46,86.83,1,0.714,76,1,11.9,51,0,1041.96,5,High,578.87,P2
CUST-03265,Consumer,24 Month,Partner,UAE,Premium,13,32.15,2,0.157,-16,0,7.6,22,0,385.8,3,Medium,128.6,P3
CUST-03266,SMB,12 Month,Online,UK,Premium,24,40.52,1,0.616,-5,1,4.3,54,0,486.24,5,High,270.13,P3
CUST-03267,Mid-Market,12 Month,Online,UK,Basic,13,47.14,2,0.374,-30,0,6.1,26,0,565.68,1,Low,62.85,P4
CUST-03268,SMB,24 Month,Direct Sales,India,Basic,12,80.79,0,0.4,51,1,5.4,49,0,969.48,4,Medium,430.88,P2
CUST-03269,Consumer,Month-to-Month,Partner,India,Enterprise,36,86.38,1,0.333,37,1,5.3,52,0,1036.56,7,Critical,806.21,P2
CUST-03270,Mid-Market,24 Month,Online,Germany,Standard,23,30.71,1,0.683,-99,0,4.5,46,0,368.52,3,Medium,122.84,P3
CUST-03271,SMB,12 Month,Partner,India,Standard,46,47.04,1,0.409,49,0,2.2,29,0,564.48,0,Low,0.0,P4
CUST-03272,Consumer,24 Month,Online,UK,Basic,32,59.2,1,0.439,-70,0,6.1,43,0,710.4,3,Medium,236.8,P3
CUST-03273,SMB,24 Month,Online,US,Basic,34,54.86,4,0.745,40,1,7.3,15,0,658.32,3,Medium,219.44,P3
CUST-03274,Enterprise,Month-to-Month,Online,India,Basic,52,27.77,2,0.486,64,1,16.6,28,0,333.24,3,Medium,111.08,P3
CUST-03275,SMB,12 Month,Partner,India,Basic,36,46.91,2,0.432,69,1,1.8,14,0,562.92,2,Low,125.09,P4
CUST-03276,Enterprise,Month-to-Month,Retail,Germany,Premium,36,83.61,2,0.332,28,0,4.6,46,0,1003.32,5,High,557.4,P2
CUST-03277,Enterprise,Month-to-Month,Online,India,Premium,26,9.49,2,0.905,-15,1,9.2,6,0,113.88,4,Medium,50.61,P3
CUST-03278,Consumer,12 Month,Retail,India,Premium,58,133.6,2,0.953,-81,0,3.3,60,0,1603.2,3,Medium,534.4,P3
CUST-03279,SMB,Month-to-Month,Direct Sales,India,Enterprise,71,45.91,2,0.519,22,1,1.4,33,0,550.92,5,High,306.07,P3
CUST-03280,Mid-Market,24 Month,Direct Sales,India,Premium,37,97.34,1,0.504,-11,0,5.0,27,0,1168.08,1,Low,129.79,P4
CUST-03281,Consumer,24 Month,Partner,UK,Standard,37,55.11,0,0.41,44,0,5.7,20,0,661.32,0,Low,0.0,P4
CUST-03282,Consumer,12 Month,Online,UK,Basic,49,245.86,1,0.453,44,0,5.1,53,0,2950.32,2,Low,655.63,P4
CUST-03283,SMB,Month-to-Month,Online,US,Standard,43,133.8,3,0.327,-4,0,9.9,34,0,1605.6,7,Critical,1248.8,P1
CUST-03284,SMB,Month-to-Month,Online,UK,Standard,32,49.07,0,0.41,5,0,14.8,7,0,588.84,1,Low,65.43,P4
CUST-03285,Consumer,12 Month,Online,India,Enterprise,22,92.08,2,0.716,-79,0,5.7,52,0,1104.96,3,Medium,368.32,P3
CUST-03286,Consumer,Month-to-Month,Online,UAE,Basic,4,108.0,0,0.442,-87,0,2.0,41,0,1296.0,4,Medium,576.0,P2
CUST-03287,SMB,24 Month,Direct Sales,US,Standard,35,78.4,2,0.531,90,0,5.0,5,0,940.8,0,Low,0.0,P4
CUST-03288,Consumer,Month-to-Month,Online,UAE,Basic,69,61.58,2,0.474,79,0,15.8,48,1,738.96,3,Medium,0.0,P3
CUST-03289,SMB,12 Month,Retail,US,Premium,5,31.86,2,0.719,68,0,17.8,7,0,382.32,0,Low,0.0,P4
CUST-03290,Enterprise,Month-to-Month,Online,US,Premium,44,62.02,2,0.413,73,0,5.8,1,0,744.24,1,Low,82.69,P4
CUST-03291,Mid-Market,Month-to-Month,Retail,UAE,Enterprise,34,70.49,2,0.61,52,0,10.9,7,0,845.88,1,Low,93.99,P4
CUST-03292,SMB,Month-to-Month,Online,UK,Basic,28,56.6,1,0.838,38,0,5.2,20,0,679.2,1,Low,75.47,P4
CUST-03293,Consumer,24 Month,Partner,UK,Enterprise,69,72.1,4,0.155,-24,1,6.6,24,0,865.2,6,High,576.8,P3
CUST-03294,SMB,12 Month,Partner,Germany,Basic,37,58.79,2,0.618,-6,0,3.5,19,0,705.48,1,Low,78.39,P4
CUST-03295,Consumer,12 Month,Retail,US,Standard,34,37.35,3,0.662,23,0,3.4,32,0,448.2,3,Medium,149.4,P3
CUST-03296,Mid-Market,Month-to-Month,Partner,UAE,Standard,45,126.99,3,0.325,50,1,14.9,60,1,1523.88,8,Critical,0.0,P1
CUST-03297,Mid-Market,24 Month,Online,UK,Enterprise,69,47.97,2,0.384,-63,2,4.4,34,0,575.64,5,High,319.8,P3
CUST-03298,Consumer,24 Month,Online,US,Standard,72,31.07,2,0.565,41,0,10.4,14,0,372.84,0,Low,0.0,P4
CUST-03299,Consumer,12 Month,Online,UK,Basic,2,54.88,5,0.419,-71,0,9.6,55,1,658.56,4,Medium,0.0,P3
CUST-03300,Consumer,12 Month,Online,UK,Enterprise,15,40.21,2,0.849,14,1,3.6,27,1,482.52,2,Low,0.0,P4
CUST-03301,Consumer,12 Month,Retail,UAE,Premium,14,77.41,4,0.549,61,1,0.7,32,0,928.92,5,High,516.07,P2
CUST-03302,Enterprise,Month-to-Month,Direct Sales,UAE,Standard,7,24.67,0,0.693,-27,1,10.2,6,0,296.04,4,Medium,131.57,P3
CUST-03303,SMB,Month-to-Month,Online,Germany,Standard,60,49.49,0,0.472,-21,0,14.7,47,0,593.88,4,Medium,263.95,P3
CUST-03304,Mid-Market,12 Month,Direct Sales,UK,Premium,8,130.26,1,0.468,-21,0,4.2,42,0,1563.12,3,Medium,521.04,P3
CUST-03305,Consumer,12 Month,Retail,UK,Basic,41,68.31,4,0.768,77,0,5.1,45,0,819.72,3,Medium,273.24,P3
CUST-03306,Mid-Market,Month-to-Month,Direct Sales,US,Premium,34,72.61,4,0.184,-22,0,9.1,0,0,871.32,5,High,484.07,P3
CUST-03307,Mid-Market,Month-to-Month,Online,UK,Enterprise,7,46.72,3,0.573,-99,0,8.3,10,0,560.64,3,Medium,186.88,P3
CUST-03308,Consumer,Month-to-Month,Online,US,Basic,68,40.09,6,0.564,3,1,0.7,10,0,481.08,4,Medium,213.81,P3
CUST-03309,Consumer,12 Month,Online,India,Premium,35,83.1,1,0.073,-55,2,5.0,2,0,997.2,5,High,554.0,P2
CUST-03310,SMB,12 Month,Online,UK,Basic,70,58.85,3,0.885,25,1,11.2,43,0,706.2,5,High,392.33,P3
CUST-03311,SMB,24 Month,Partner,India,Enterprise,23,36.85,1,0.635,73,1,20.8,23,0,442.2,2,Low,98.27,P4
CUST-03312,Consumer,Month-to-Month,Partner,US,Enterprise,41,92.03,2,0.789,-64,1,9.7,34,0,1104.36,6,High,736.24,P2
CUST-03313,Enterprise,Month-to-Month,Direct Sales,Germany,Standard,65,49.6,1,0.329,100,0,8.6,34,0,595.2,5,High,330.67,P3
CUST-03314,Mid-Market,24 Month,Retail,US,Standard,32,42.49,2,0.126,-28,1,6.6,12,0,509.88,5,High,283.27,P3
CUST-03315,Consumer,12 Month,Online,India,Standard,1,53.8,1,0.767,37,0,1.1,54,0,645.6,2,Low,143.47,P4
CUST-03316,Consumer,12 Month,Retail,UAE,Standard,64,78.58,1,0.394,-14,0,3.6,7,0,942.96,1,Low,104.77,P4
CUST-03317,Consumer,Month-to-Month,Direct Sales,India,Premium,4,23.65,1,0.078,6,1,12.2,5,0,283.8,5,High,157.67,P3
CUST-03318,Enterprise,Month-to-Month,Online,UK,Standard,6,45.82,1,0.803,88,0,0.7,50,0,549.84,3,Medium,183.28,P3
CUST-03319,Consumer,12 Month,Retail,India,Enterprise,32,52.98,1,0.182,15,3,18.2,20,0,635.76,4,Medium,282.56,P3
CUST-03320,Consumer,Month-to-Month,Partner,UK,Basic,2,49.27,1,0.536,-59,0,8.7,6,0,591.24,2,Low,131.39,P4
CUST-03321,Consumer,Month-to-Month,Online,India,Basic,66,72.25,0,0.457,-87,0,8.0,9,0,867.0,2,Low,192.67,P4
CUST-03322,Consumer,24 Month,Online,India,Basic,32,106.83,4,0.664,36,0,7.6,35,0,1281.96,3,Medium,427.32,P3
CUST-03323,SMB,24 Month,Direct Sales,India,Basic,43,34.26,2,0.491,-82,0,9.0,14,0,411.12,1,Low,45.68,P4
CUST-03324,Consumer,12 Month,Direct Sales,UAE,Premium,35,102.64,0,0.729,53,0,6.4,31,0,1231.68,2,Low,273.71,P4
CUST-03325,Consumer,Month-to-Month,Direct Sales,Germany,Basic,41,72.9,3,0.589,41,1,16.2,2,0,874.8,4,Medium,388.8,P3
CUST-03326,Consumer,12 Month,Partner,Germany,Standard,28,66.14,3,0.698,-10,1,0.5,55,0,793.68,6,High,529.12,P3
CUST-03327,Mid-Market,12 Month,Online,US,Standard,8,53.24,4,0.601,95,1,3.8,30,0,638.88,3,Medium,212.96,P3
CUST-03328,SMB,Month-to-Month,Online,Germany,Standard,68,71.92,4,0.578,92,0,5.2,27,0,863.04,2,Low,191.79,P4
CUST-03329,Enterprise,Month-to-Month,Online,UK,Enterprise,44,40.26,2,0.71,55,0,1.2,30,0,483.12,1,Low,53.68,P4
CUST-03330,Mid-Market,24 Month,Direct Sales,UK,Standard,17,36.31,3,0.768,68,0,13.9,35,0,435.72,3,Medium,145.24,P3
CUST-03331,Consumer,12 Month,Online,India,Basic,35,65.65,1,0.727,21,0,12.2,59,0,787.8,2,Low,175.07,P4
CUST-03332,Enterprise,Month-to-Month,Direct Sales,US,Premium,22,79.77,1,0.849,10,1,12.4,3,0,957.24,3,Medium,319.08,P3
CUST-03333,Enterprise,24 Month,Retail,UK,Premium,52,47.44,2,0.484,-90,1,16.1,46,0,569.28,5,High,316.27,P3
CUST-03334,Consumer,12 Month,Online,UAE,Standard,51,54.34,2,0.831,62,0,7.4,7,0,652.08,0,Low,0.0,P4
CUST-03335,Consumer,Month-to-Month,Retail,US,Standard,9,23.87,2,0.373,17,0,2.8,6,0,286.44,1,Low,31.83,P4
CUST-03336,Enterprise,12 Month,Retail,UK,Enterprise,47,80.39,1,0.522,54,1,17.0,11,0,964.68,2,Low,214.37,P4
CUST-03337,Mid-Market,Month-to-Month,Online,UK,Premium,12,65.81,1,0.737,-4,0,7.7,36,0,789.72,4,Medium,350.99,P3
CUST-03338,Enterprise,Month-to-Month,Direct Sales,UK,Premium,59,46.23,3,0.353,-86,0,6.3,20,0,554.76,3,Medium,184.92,P3
CUST-03339,Mid-Market,12 Month,Direct Sales,Germany,Premium,34,78.72,1,0.69,-55,0,15.1,6,0,944.64,1,Low,104.96,P4
CUST-03340,Consumer,12 Month,Partner,India,Enterprise,62,29.28,5,0.691,-57,1,7.1,3,0,351.36,4,Medium,156.16,P3
CUST-03341,Mid-Market,Month-to-Month,Retail,US,Enterprise,50,80.77,4,0.638,-11,0,1.0,3,0,969.24,3,Medium,323.08,P3
CUST-03342,SMB,Month-to-Month,Direct Sales,UK,Basic,61,103.91,1,0.782,-65,0,7.4,13,0,1246.92,2,Low,277.09,P4
CUST-03343,Enterprise,24 Month,Partner,UK,Standard,61,42.04,3,0.558,-76,1,2.8,34,0,504.48,6,High,336.32,P3
CUST-03344,Consumer,12 Month,Online,India,Premium,33,29.72,1,0.291,-70,1,7.6,32,0,356.64,7,Critical,277.39,P3
CUST-03345,Consumer,24 Month,Direct Sales,India,Basic,72,37.55,6,0.744,46,0,6.0,2,0,450.6,1,Low,50.07,P4
CUST-03346,Consumer,Month-to-Month,Retail,India,Premium,23,64.43,3,0.091,27,1,8.3,38,0,773.16,8,Critical,687.25,P3
CUST-03347,Mid-Market,24 Month,Direct Sales,UAE,Enterprise,65,38.69,2,0.054,-23,0,2.5,0,0,464.28,3,Medium,154.76,P3
CUST-03348,Consumer,24 Month,Partner,US,Standard,66,45.7,1,0.188,-3,0,13.1,51,0,548.4,5,High,304.67,P3
CUST-03349,Mid-Market,Month-to-Month,Direct Sales,Germany,Standard,9,36.08,3,0.538,37,0,11.0,45,0,432.96,4,Medium,192.43,P3
CUST-03350,Consumer,12 Month,Direct Sales,Germany,Enterprise,66,28.8,2,0.646,74,1,5.1,15,0,345.6,2,Low,76.8,P4
CUST-03351,Consumer,Month-to-Month,Retail,UK,Basic,41,84.11,1,0.775,-60,0,7.1,42,0,1009.32,4,Medium,448.59,P2
CUST-03352,Consumer,Month-to-Month,Direct Sales,UAE,Enterprise,56,52.36,0,0.462,58,1,5.2,22,0,628.32,3,Medium,209.44,P3
CUST-03353,Consumer,24 Month,Online,UK,Basic,41,20.63,1,0.333,86,0,6.7,51,0,247.56,4,Medium,110.03,P3
CUST-03354,SMB,12 Month,Online,UAE,Standard,57,48.52,0,0.144,-89,0,6.3,57,0,582.24,5,High,323.47,P3
CUST-03355,SMB,12 Month,Online,India,Basic,55,68.67,4,0.587,25,1,1.7,14,0,824.04,3,Medium,274.68,P3
CUST-03356,SMB,Month-to-Month,Partner,UK,Basic,33,35.16,4,0.171,-55,1,2.8,56,1,421.92,9,Critical,0.0,P3
CUST-03357,Mid-Market,24 Month,Online,Germany,Standard,17,33.44,3,0.652,43,1,4.2,56,0,401.28,5,High,222.93,P3
CUST-03358,Consumer,Month-to-Month,Online,India,Enterprise,50,102.09,3,0.596,74,0,4.9,42,0,1225.08,4,Medium,544.48,P2
CUST-03359,Enterprise,12 Month,Retail,India,Basic,19,88.39,1,0.474,-9,0,1.7,3,0,1060.68,1,Low,117.85,P4
CUST-03360,Mid-Market,Month-to-Month,Online,UK,Standard,9,113.18,2,0.901,-5,1,2.0,48,0,1358.16,6,High,905.44,P2
CUST-03361,SMB,Month-to-Month,Online,US,Standard,44,29.38,3,0.605,1,1,7.3,35,1,352.56,6,High,0.0,P3
CUST-03362,Mid-Market,12 Month,Online,US,Premium,42,26.64,0,0.437,84,2,16.9,0,0,319.68,2,Low,71.04,P4
CUST-03363,Consumer,12 Month,Retail,UK,Standard,48,36.28,2,0.522,71,0,14.7,54,0,435.36,2,Low,96.75,P4
CUST-03364,Consumer,24 Month,Retail,US,Enterprise,4,32.35,0,0.574,-41,0,24.7,33,0,388.2,3,Medium,129.4,P3
CUST-03365,Consumer,12 Month,Retail,US,Standard,71,45.12,2,0.233,-92,0,14.7,22,1,541.44,3,Medium,0.0,P3
CUST-03366,Mid-Market,12 Month,Direct Sales,UAE,Standard,39,19.82,3,0.114,-99,0,13.1,10,0,237.84,4,Medium,105.71,P3
CUST-03367,Enterprise,Month-to-Month,Partner,India,Premium,29,104.8,3,0.477,-39,0,1.8,42,0,1257.6,5,High,698.67,P2
CUST-03368,Consumer,Month-to-Month,Retail,India,Premium,24,53.1,2,0.865,58,0,8.2,3,0,637.2,1,Low,70.8,P4
CUST-03369,Mid-Market,12 Month,Online,Germany,Basic,46,26.51,1,0.494,30,2,13.4,18,0,318.12,2,Low,70.69,P4
CUST-03370,Consumer,Month-to-Month,Partner,Germany,Standard,61,78.81,1,0.388,-33,0,20.0,47,1,945.72,4,Medium,0.0,P2
CUST-03371,Consumer,12 Month,Partner,UAE,Standard,61,64.74,2,0.566,13,0,5.6,27,0,776.88,0,Low,0.0,P4
CUST-03372,Mid-Market,Month-to-Month,Partner,India,Enterprise,55,64.53,1,0.311,-82,0,8.3,39,0,774.36,6,High,516.24,P3
CUST-03373,Consumer,12 Month,Direct Sales,UK,Premium,13,46.45,1,0.386,24,1,9.7,9,0,557.4,2,Low,123.87,P4
CUST-03374,Mid-Market,24 Month,Retail,US,Premium,4,36.64,2,0.535,98,1,5.6,31,0,439.68,4,Medium,195.41,P3
CUST-03375,Consumer,Month-to-Month,Partner,UK,Premium,66,86.87,1,0.717,-42,1,1.4,55,1,1042.44,6,High,0.0,P2
CUST-03376,Consumer,24 Month,Direct Sales,UK,Basic,70,17.87,2,0.798,73,2,2.5,48,0,214.44,4,Medium,95.31,P3
CUST-03377,Mid-Market,12 Month,Partner,UK,Basic,34,48.57,2,0.573,-92,0,16.5,48,0,582.84,3,Medium,194.28,P3
CUST-03378,Consumer,12 Month,Direct Sales,Germany,Standard,22,62.31,1,0.536,-42,0,10.5,54,0,747.72,3,Medium,249.24,P3
CUST-03379,Consumer,12 Month,Online,UK,Standard,35,77.16,1,0.619,-82,0,7.3,1,0,925.92,1,Low,102.88,P4
CUST-03380,Mid-Market,Month-to-Month,Online,UK,Standard,37,130.45,2,0.706,-18,0,15.2,14,0,1565.4,2,Low,347.87,P4
CUST-03381,Mid-Market,Month-to-Month,Retail,India,Standard,55,47.84,4,0.571,-26,1,6.5,21,1,574.08,5,High,0.0,P3
CUST-03382,Consumer,Month-to-Month,Online,UK,Premium,14,48.48,1,0.384,-48,0,4.1,24,1,581.76,2,Low,0.0,P4
CUST-03383,Consumer,12 Month,Direct Sales,UAE,Standard,26,26.51,1,0.66,71,0,9.2,14,0,318.12,0,Low,0.0,P4
CUST-03384,Consumer,12 Month,Retail,India,Standard,70,41.95,4,0.48,-8,0,7.0,39,0,503.4,4,Medium,223.73,P3
CUST-03385,Enterprise,Month-to-Month,Direct Sales,UK,Basic,41,89.72,1,0.544,-6,1,9.9,57,0,1076.64,6,High,717.76,P2
CUST-03386,Consumer,12 Month,Direct Sales,India,Basic,5,64.84,2,0.27,92,1,3.3,16,0,778.08,4,Medium,345.81,P3
CUST-03387,SMB,12 Month,Online,Germany,Enterprise,51,57.29,2,0.361,-92,0,8.0,13,0,687.48,1,Low,76.39,P4
CUST-03388,Enterprise,Month-to-Month,Retail,UK,Standard,2,5.88,1,0.88,-66,0,10.6,27,0,70.56,2,Low,15.68,P4
CUST-03389,Mid-Market,24 Month,Online,Germany,Premium,68,52.38,1,0.533,16,1,8.1,8,0,628.56,2,Low,139.68,P4
CUST-03390,Consumer,12 Month,Online,UK,Standard,21,33.13,3,0.575,-74,1,14.0,56,0,397.56,6,High,265.04,P3
CUST-03391,Enterprise,24 Month,Partner,US,Standard,30,79.47,4,0.268,-17,0,1.0,52,0,953.64,6,High,635.76,P2
CUST-03392,SMB,Month-to-Month,Direct Sales,US,Premium,64,35.07,1,0.453,-78,1,14.0,50,0,420.84,6,High,280.56,P3
CUST-03393,Consumer,Month-to-Month,Online,US,Basic,32,163.47,1,0.273,37,0,5.3,21,1,1961.64,3,Medium,0.0,P3
CUST-03394,Mid-Market,Month-to-Month,Online,US,Premium,47,19.06,1,0.634,-27,0,2.9,6,0,228.72,2,Low,50.83,P4
CUST-03395,SMB,12 Month,Online,Germany,Standard,14,59.73,1,0.277,-29,0,8.3,57,1,716.76,5,High,0.0,P3
CUST-03396,SMB,24 Month,Retail,India,Enterprise,26,56.4,2,0.211,15,0,3.4,15,0,676.8,2,Low,150.4,P4
CUST-03397,Consumer,Month-to-Month,Retail,UK,Standard,70,66.39,0,0.74,10,1,5.7,53,0,796.68,5,High,442.6,P3
CUST-03398,Consumer,12 Month,Online,India,Standard,18,59.23,3,0.133,81,0,17.2,27,0,710.76,3,Medium,236.92,P3
CUST-03399,Mid-Market,12 Month,Retail,UK,Standard,71,40.44,1,0.859,82,1,4.1,27,0,485.28,2,Low,107.84,P4
CUST-03400,Enterprise,24 Month,Online,India,Premium,60,28.75,2,0.204,-34,1,15.5,16,0,345.0,5,High,191.67,P3
CUST-03401,Consumer,Month-to-Month,Retail,US,Premium,19,43.16,1,0.764,3,0,5.4,40,0,517.92,3,Medium,172.64,P3
CUST-03402,Consumer,Month-to-Month,Online,UK,Standard,52,43.05,1,0.248,-43,0,14.3,9,0,516.6,4,Medium,229.6,P3
CUST-03403,Consumer,Month-to-Month,Retail,India,Enterprise,16,31.24,2,0.311,52,0,6.0,23,0,374.88,3,Medium,124.96,P3
CUST-03404,SMB,24 Month,Partner,UAE,Standard,43,58.56,0,0.621,38,2,3.5,23,0,702.72,2,Low,156.16,P4
CUST-03405,Consumer,Month-to-Month,Direct Sales,India,Enterprise,19,45.23,2,0.503,11,0,1.9,60,1,542.76,3,Medium,0.0,P3
CUST-03406,Mid-Market,Month-to-Month,Partner,UAE,Standard,16,127.78,2,0.718,-41,1,20.7,39,0,1533.36,6,High,1022.24,P1
CUST-03407,SMB,12 Month,Direct Sales,Germany,Standard,23,59.59,0,0.273,-30,1,15.2,15,0,715.08,5,High,397.27,P3
CUST-03408,SMB,24 Month,Direct Sales,UK,Premium,34,99.93,1,0.18,-85,0,12.5,44,0,1199.16,5,High,666.2,P2
CUST-03409,SMB,12 Month,Direct Sales,UAE,Basic,56,33.02,1,0.401,-40,0,2.5,18,0,396.24,1,Low,44.03,P4
CUST-03410,Consumer,Month-to-Month,Retail,US,Premium,64,88.81,2,0.586,-74,0,9.8,2,0,1065.72,2,Low,236.83,P4
CUST-03411,Consumer,24 Month,Online,UK,Enterprise,71,21.05,1,0.126,62,0,29.5,4,0,252.6,2,Low,56.13,P4
CUST-03412,SMB,Month-to-Month,Direct Sales,UK,Standard,38,25.33,2,0.359,1,0,9.5,32,1,303.96,3,Medium,0.0,P3
CUST-03413,SMB,12 Month,Direct Sales,UK,Basic,50,55.11,1,0.716,64,0,2.4,39,0,661.32,2,Low,146.96,P4
CUST-03414,SMB,12 Month,Online,UK,Standard,22,52.47,5,0.656,-84,1,23.9,8,0,629.64,4,Medium,279.84,P3
CUST-03415,SMB,24 Month,Partner,UK,Enterprise,9,44.1,1,0.411,70,0,4.7,39,1,529.2,2,Low,0.0,P4
CUST-03416,Mid-Market,24 Month,Direct Sales,US,Basic,7,143.98,0,0.835,-31,0,8.2,14,0,1727.76,1,Low,191.97,P4
CUST-03417,Enterprise,24 Month,Direct Sales,India,Premium,6,52.41,5,0.801,-2,0,3.2,23,0,628.92,2,Low,139.76,P4
CUST-03418,Consumer,Month-to-Month,Direct Sales,India,Premium,56,110.38,2,0.547,-12,1,16.2,50,0,1324.56,6,High,883.04,P2
CUST-03419,Enterprise,12 Month,Direct Sales,India,Basic,47,63.11,2,0.543,-50,0,7.3,24,0,757.32,1,Low,84.15,P4
CUST-03420,Consumer,Month-to-Month,Retail,UK,Premium,21,42.0,2,0.602,-67,1,6.1,1,0,504.0,4,Medium,224.0,P3
CUST-03421,Consumer,Month-to-Month,Partner,India,Standard,53,86.51,2,0.737,-77,0,1.4,52,0,1038.12,4,Medium,461.39,P2
CUST-03422,Consumer,24 Month,Direct Sales,India,Premium,4,112.41,3,0.9,78,1,3.0,32,0,1348.92,5,High,749.4,P2
CUST-03423,Consumer,Month-to-Month,Direct Sales,US,Enterprise,41,31.61,1,0.51,-83,0,5.5,16,1,379.32,2,Low,0.0,P4
CUST-03424,SMB,12 Month,Retail,UK,Enterprise,44,139.43,2,0.464,28,2,2.7,4,0,1673.16,2,Low,371.81,P4
CUST-03425,Consumer,12 Month,Partner,Germany,Enterprise,24,58.24,0,0.485,-63,0,2.9,14,0,698.88,1,Low,77.65,P4
CUST-03426,Consumer,24 Month,Online,UK,Basic,36,48.73,4,0.278,-39,0,0.3,10,0,584.76,4,Medium,259.89,P3
CUST-03427,SMB,24 Month,Partner,India,Premium,38,43.53,5,0.703,-36,1,19.3,38,1,522.36,6,High,0.0,P3
CUST-03428,Consumer,Month-to-Month,Direct Sales,Germany,Basic,53,84.97,2,0.8,-62,0,4.9,4,0,1019.64,2,Low,226.59,P4
CUST-03429,SMB,Month-to-Month,Direct Sales,UK,Basic,7,100.24,2,0.907,-90,1,11.1,38,0,1202.88,6,High,801.92,P2
CUST-03430,Mid-Market,Month-to-Month,Direct Sales,US,Basic,29,40.25,1,0.343,17,0,10.1,27,0,483.0,3,Medium,161.0,P3
CUST-03431,Consumer,Month-to-Month,Online,India,Enterprise,68,41.53,2,0.384,-48,0,6.9,40,1,498.36,4,Medium,0.0,P3
CUST-03432,Consumer,Month-to-Month,Retail,UK,Enterprise,54,57.41,0,0.662,-24,0,12.8,45,0,688.92,4,Medium,306.19,P3
CUST-03433,Consumer,12 Month,Retail,US,Standard,35,21.06,0,0.672,29,0,8.7,29,0,252.72,0,Low,0.0,P4
CUST-03434,Mid-Market,12 Month,Retail,UK,Basic,47,34.92,1,0.464,44,0,22.2,16,0,419.04,0,Low,0.0,P4
CUST-03435,Mid-Market,Month-to-Month,Retail,UAE,Enterprise,32,20.73,2,0.677,-88,0,9.1,0,0,248.76,2,Low,55.28,P4
CUST-03436,Consumer,Month-to-Month,Direct Sales,US,Standard,35,40.23,2,0.485,-67,0,0.7,22,0,482.76,2,Low,107.28,P4
CUST-03437,SMB,12 Month,Retail,UAE,Standard,25,79.12,2,0.328,73,0,4.0,43,0,949.44,4,Medium,421.97,P2
CUST-03438,Consumer,Month-to-Month,Online,UK,Standard,55,49.84,2,0.336,-60,1,10.8,28,0,598.08,6,High,398.72,P3
CUST-03439,Consumer,Month-to-Month,Retail,US,Standard,18,30.33,1,0.827,-18,0,3.7,31,0,363.96,4,Medium,161.76,P3
CUST-03440,Consumer,24 Month,Direct Sales,UK,Premium,23,61.41,4,0.749,-37,0,7.3,38,0,736.92,4,Medium,327.52,P3
CUST-03441,Consumer,Month-to-Month,Online,UK,Enterprise,36,43.0,1,0.749,-41,0,6.9,25,0,516.0,2,Low,114.67,P4
CUST-03442,Consumer,24 Month,Partner,UK,Basic,61,32.45,6,0.393,31,0,3.6,26,0,389.4,1,Low,43.27,P4
CUST-03443,Enterprise,Month-to-Month,Retail,US,Premium,34,91.46,0,0.24,43,0,9.6,45,0,1097.52,5,High,609.73,P2
CUST-03444,Consumer,Month-to-Month,Retail,UAE,Basic,17,55.52,1,0.692,0,0,4.9,31,0,666.24,3,Medium,222.08,P3
CUST-03445,Consumer,24 Month,Online,India,Standard,44,58.71,0,0.441,77,0,21.3,11,0,704.52,0,Low,0.0,P4
CUST-03446,Mid-Market,Month-to-Month,Online,UK,Enterprise,29,69.06,3,0.877,81,0,4.0,4,0,828.72,2,Low,184.16,P4
CUST-03447,Consumer,Month-to-Month,Retail,India,Enterprise,58,119.91,1,0.323,31,0,9.4,21,0,1438.92,3,Medium,479.64,P3
CUST-03448,Consumer,Month-to-Month,Direct Sales,US,Basic,30,60.19,1,0.579,-68,1,7.4,20,0,722.28,4,Medium,321.01,P3
CUST-03449,Consumer,Month-to-Month,Online,Germany,Standard,11,27.18,1,0.525,37,0,7.8,13,0,326.16,1,Low,36.24,P4
CUST-03450,Mid-Market,Month-to-Month,Direct Sales,India,Premium,13,24.63,2,0.86,63,1,12.1,27,0,295.56,3,Medium,98.52,P3
CUST-03451,Consumer,24 Month,Direct Sales,UK,Premium,37,41.13,0,0.716,98,1,1.7,58,0,493.56,4,Medium,219.36,P3
CUST-03452,SMB,12 Month,Online,UK,Enterprise,26,32.97,1,0.177,-66,0,6.6,1,0,395.64,3,Medium,131.88,P3
CUST-03453,Mid-Market,12 Month,Direct Sales,India,Enterprise,33,154.12,2,0.432,75,0,16.9,13,0,1849.44,0,Low,0.0,P4
CUST-03454,SMB,12 Month,Partner,UAE,Basic,36,42.69,1,0.789,-80,0,12.3,37,1,512.28,3,Medium,0.0,P3
CUST-03455,Consumer,12 Month,Retail,UAE,Standard,3,63.1,4,0.574,22,0,13.5,39,0,757.2,3,Medium,252.4,P3
CUST-03456,Enterprise,12 Month,Retail,Germany,Enterprise,42,79.68,3,0.639,-23,1,8.2,15,0,956.16,4,Medium,424.96,P2
CUST-03457,Consumer,12 Month,Direct Sales,US,Standard,48,34.53,0,0.747,-70,2,12.6,24,0,414.36,3,Medium,138.12,P3
CUST-03458,SMB,Month-to-Month,Online,US,Premium,23,83.14,3,0.331,-81,0,19.5,7,0,997.68,5,High,554.27,P2
CUST-03459,Consumer,24 Month,Direct Sales,UAE,Standard,5,28.06,1,0.453,38,0,16.6,38,0,336.72,2,Low,74.83,P4
CUST-03460,Consumer,Month-to-Month,Online,Germany,Standard,4,40.8,2,0.596,-30,0,4.0,41,1,489.6,4,Medium,0.0,P3
CUST-03461,Consumer,Month-to-Month,Retail,UK,Premium,17,118.6,1,0.763,90,0,5.5,45,0,1423.2,3,Medium,474.4,P3
CUST-03462,SMB,24 Month,Online,UK,Basic,49,26.72,1,0.671,-85,0,6.2,39,0,320.64,3,Medium,106.88,P3
CUST-03463,Consumer,Month-to-Month,Direct Sales,UAE,Premium,49,118.51,1,0.481,-40,0,5.6,21,0,1422.12,2,Low,316.03,P4
CUST-03464,SMB,Month-to-Month,Partner,Germany,Standard,72,118.95,2,0.561,-12,0,5.9,51,0,1427.4,4,Medium,634.4,P2
CUST-03465,Mid-Market,24 Month,Retail,UAE,Enterprise,22,10.02,2,0.726,-8,1,0.4,18,0,120.24,3,Medium,40.08,P3
CUST-03466,SMB,Month-to-Month,Online,India,Enterprise,29,72.05,1,0.734,-29,2,8.5,26,0,864.6,4,Medium,384.27,P3
CUST-03467,Consumer,24 Month,Online,UK,Standard,71,149.3,4,0.274,1,0,9.5,19,0,1791.6,3,Medium,597.2,P3
CUST-03468,Enterprise,24 Month,Direct Sales,US,Premium,71,49.54,1,0.553,-57,1,3.2,36,0,594.48,5,High,330.27,P3
CUST-03469,Mid-Market,12 Month,Direct Sales,US,Premium,30,37.91,3,0.608,98,0,2.6,52,1,454.92,3,Medium,0.0,P3
CUST-03470,Enterprise,Month-to-Month,Direct Sales,UK,Basic,26,91.41,3,0.316,-45,1,4.2,39,0,1096.92,9,Critical,1096.92,P2
CUST-03471,SMB,Month-to-Month,Online,UK,Standard,45,136.08,1,0.608,-38,1,5.3,20,1,1632.96,4,Medium,0.0,P2
CUST-03472,SMB,12 Month,Online,India,Standard,56,121.06,2,0.49,-44,0,16.1,35,0,1452.72,3,Medium,484.24,P3
CUST-03473,Consumer,Month-to-Month,Online,India,Basic,55,39.58,0,0.268,-61,0,18.9,7,0,474.96,4,Medium,211.09,P3
CUST-03474,Consumer,Month-to-Month,Online,UK,Basic,49,59.18,1,0.412,-21,0,7.7,51,0,710.16,4,Medium,315.63,P3
CUST-03475,SMB,12 Month,Partner,UK,Basic,54,124.46,3,0.637,-33,0,6.1,37,0,1493.52,4,Medium,663.79,P2
CUST-03476,SMB,12 Month,Online,India,Standard,42,28.23,3,0.171,-45,1,16.3,49,0,338.76,8,Critical,301.12,P3
CUST-03477,SMB,12 Month,Partner,UAE,Premium,19,55.88,2,0.523,92,0,0.1,13,0,670.56,0,Low,0.0,P4
CUST-03478,Mid-Market,Month-to-Month,Partner,UK,Basic,34,18.41,2,0.64,-94,1,28.0,52,1,220.92,6,High,0.0,P3
CUST-03479,SMB,24 Month,Partner,UAE,Enterprise,4,57.27,1,0.246,94,0,9.2,31,0,687.24,4,Medium,305.44,P3
CUST-03480,SMB,12 Month,Retail,UAE,Standard,26,65.79,0,0.244,-75,0,12.0,24,0,789.48,3,Medium,263.16,P3
CUST-03481,Mid-Market,Month-to-Month,Partner,UAE,Premium,57,57.25,1,0.126,47,1,9.2,7,0,687.0,5,High,381.67,P3
CUST-03482,Enterprise,24 Month,Retail,UK,Standard,37,120.34,3,0.641,-47,0,7.8,35,0,1444.08,4,Medium,641.81,P2
CUST-03483,Consumer,24 Month,Partner,US,Enterprise,50,72.36,1,0.167,38,0,8.4,53,0,868.32,4,Medium,385.92,P3
CUST-03484,Consumer,24 Month,Direct Sales,India,Premium,61,38.58,1,0.505,-12,2,7.4,25,0,462.96,3,Medium,154.32,P3
CUST-03485,Consumer,Month-to-Month,Online,UK,Enterprise,26,156.3,0,0.5,31,0,3.0,2,0,1875.6,1,Low,208.4,P4
CUST-03486,Consumer,12 Month,Online,UK,Enterprise,68,39.33,1,0.735,38,0,10.1,9,0,471.96,0,Low,0.0,P4
CUST-03487,Consumer,Month-to-Month,Online,UK,Premium,59,44.6,4,0.4,75,0,25.5,13,0,535.2,2,Low,118.93,P4
CUST-03488,Consumer,Month-to-Month,Retail,Germany,Standard,29,54.86,0,0.651,96,1,7.9,40,0,658.32,5,High,365.73,P3
CUST-03489,Consumer,24 Month,Retail,UK,Standard,26,34.69,3,0.385,10,0,3.7,60,1,416.28,3,Medium,0.0,P3
CUST-03490,Mid-Market,Month-to-Month,Online,UK,Standard,9,32.06,2,0.747,-43,0,7.5,54,1,384.72,4,Medium,0.0,P3
CUST-03491,Consumer,Month-to-Month,Retail,UK,Standard,41,36.41,1,0.656,63,0,4.0,56,0,436.92,3,Medium,145.64,P3
CUST-03492,SMB,Month-to-Month,Online,Germany,Standard,68,43.8,2,0.224,1,0,4.7,39,1,525.6,5,High,0.0,P3
CUST-03493,Enterprise,24 Month,Retail,US,Premium,25,68.68,3,0.083,24,0,17.6,12,0,824.16,3,Medium,274.72,P3
CUST-03494,SMB,24 Month,Online,Germany,Premium,8,33.36,2,0.555,-28,0,5.5,26,0,400.32,1,Low,44.48,P4
CUST-03495,SMB,Month-to-Month,Direct Sales,UK,Premium,41,16.01,2,0.357,-37,1,8.5,23,0,192.12,4,Medium,85.39,P3
CUST-03496,Mid-Market,12 Month,Partner,US,Standard,8,60.69,1,0.257,54,1,7.0,10,0,728.28,4,Medium,323.68,P3
CUST-03497,Mid-Market,12 Month,Retail,UK,Standard,40,22.7,0,0.325,-41,1,5.7,44,0,272.4,7,Critical,211.87,P3
CUST-03498,Enterprise,12 Month,Retail,US,Premium,36,67.3,5,0.556,-81,2,5.4,9,0,807.6,4,Medium,358.93,P3
CUST-03499,Enterprise,24 Month,Partner,US,Basic,21,71.71,3,0.714,57,0,26.4,54,0,860.52,3,Medium,286.84,P3
CUST-03500,Mid-Market,12 Month,Direct Sales,UK,Premium,51,72.24,1,0.535,18,0,3.0,4,0,866.88,0,Low,0.0,P4
CUST-03501,Mid-Market,12 Month,Online,UAE,Enterprise,9,32.41,3,0.659,-7,0,2.4,60,0,388.92,4,Medium,172.85,P3
CUST-03502,Consumer,24 Month,Online,US,Basic,33,124.52,1,0.543,-28,0,6.9,52,0,1494.24,3,Medium,498.08,P3
CUST-03503,Consumer,24 Month,Retail,UAE,Basic,30,51.19,0,0.481,-83,0,15.7,53,0,614.28,3,Medium,204.76,P3
CUST-03504,SMB,12 Month,Direct Sales,US,Standard,39,58.16,2,0.478,24,1,18.8,39,0,697.92,4,Medium,310.19,P3
CUST-03505,Consumer,12 Month,Online,UK,Basic,20,100.06,1,0.049,-80,0,3.4,57,1,1200.72,5,High,0.0,P2
CUST-03506,SMB,12 Month,Online,US,Basic,27,57.8,2,0.25,12,0,10.3,8,0,693.6,2,Low,154.13,P4
CUST-03507,SMB,24 Month,Retail,UK,Standard,66,223.94,2,0.754,55,0,5.1,16,0,2687.28,0,Low,0.0,P4
CUST-03508,SMB,24 Month,Direct Sales,India,Standard,25,28.78,2,0.694,-43,2,0.7,59,0,345.36,5,High,191.87,P3
CUST-03509,SMB,12 Month,Online,US,Premium,56,35.64,1,0.699,7,0,7.0,11,0,427.68,0,Low,0.0,P4
CUST-03510,Consumer,12 Month,Retail,UK,Premium,40,26.49,2,0.592,-99,0,7.0,52,0,317.88,3,Medium,105.96,P3
CUST-03511,Consumer,12 Month,Online,US,Premium,43,27.03,2,0.402,46,0,6.6,53,0,324.36,2,Low,72.08,P4
CUST-03512,Consumer,24 Month,Retail,US,Premium,14,155.28,1,0.374,-97,0,16.6,8,0,1863.36,1,Low,207.04,P4
CUST-03513,SMB,24 Month,Direct Sales,UAE,Standard,43,37.64,2,0.673,25,0,3.7,25,0,451.68,0,Low,0.0,P4
CUST-03514,Consumer,Month-to-Month,Partner,UK,Standard,38,36.25,2,0.206,98,1,10.7,36,1,435.0,7,Critical,0.0,P3
CUST-03515,SMB,24 Month,Retail,UK,Premium,30,46.74,2,0.325,-35,0,8.1,59,0,560.88,5,High,311.6,P3
CUST-03516,Consumer,Month-to-Month,Online,UK,Standard,69,65.28,1,0.406,-31,0,7.1,55,0,783.36,4,Medium,348.16,P3
CUST-03517,SMB,Month-to-Month,Online,Germany,Standard,62,70.61,3,0.746,95,0,11.1,38,0,847.32,4,Medium,376.59,P3
CUST-03518,Consumer,24 Month,Partner,India,Standard,27,60.86,1,0.652,13,0,5.2,42,1,730.32,2,Low,0.0,P4
CUST-03519,Consumer,12 Month,Partner,UAE,Standard,38,70.7,2,0.433,75,0,13.8,41,0,848.4,2,Low,188.53,P4
CUST-03520,Consumer,Month-to-Month,Direct Sales,Germany,Basic,72,51.88,1,0.303,-83,0,5.0,39,1,622.56,6,High,0.0,P3
CUST-03521,SMB,12 Month,Online,Germany,Basic,3,109.42,0,0.7,-17,0,4.3,24,0,1313.04,1,Low,145.89,P4
CUST-03522,SMB,12 Month,Partner,Germany,Premium,3,40.31,2,0.533,39,0,8.6,22,0,483.72,0,Low,0.0,P4
CUST-03523,SMB,12 Month,Retail,US,Standard,46,28.24,0,0.717,-32,0,1.0,16,0,338.88,1,Low,37.65,P4
CUST-03524,Mid-Market,Month-to-Month,Online,Germany,Standard,22,58.89,1,0.582,8,0,3.0,11,0,706.68,1,Low,78.52,P4
CUST-03525,SMB,12 Month,Partner,UK,Standard,44,19.78,2,0.562,10,1,2.3,10,0,237.36,2,Low,52.75,P4
CUST-03526,Enterprise,Month-to-Month,Direct Sales,US,Standard,1,22.04,3,0.447,0,0,6.6,6,0,264.48,2,Low,58.77,P4
CUST-03527,SMB,Month-to-Month,Retail,India,Basic,64,42.5,1,0.443,95,0,17.7,40,0,510.0,3,Medium,170.0,P3
CUST-03528,Consumer,24 Month,Online,UK,Premium,33,27.91,3,0.425,-100,1,7.8,41,0,334.92,6,High,223.28,P3
CUST-03529,Consumer,12 Month,Online,Germany,Basic,10,42.1,1,0.745,85,0,9.1,46,0,505.2,2,Low,112.27,P4
CUST-03530,Enterprise,12 Month,Partner,India,Standard,6,47.28,2,0.499,-3,0,15.7,33,0,567.36,3,Medium,189.12,P3
CUST-03531,Consumer,Month-to-Month,Direct Sales,India,Enterprise,46,30.05,0,0.043,-16,0,15.6,4,0,360.6,4,Medium,160.27,P3
CUST-03532,Consumer,12 Month,Direct Sales,Germany,Standard,68,67.98,1,0.597,-15,0,3.9,2,0,815.76,1,Low,90.64,P4
CUST-03533,SMB,Month-to-Month,Partner,India,Basic,50,57.93,0,0.658,64,0,6.2,56,0,695.16,3,Medium,231.72,P3
CUST-03534,SMB,Month-to-Month,Partner,UAE,Premium,37,48.09,3,0.613,78,0,5.7,57,1,577.08,4,Medium,0.0,P3
CUST-03535,Consumer,12 Month,Direct Sales,Germany,Enterprise,47,45.15,0,0.815,93,0,21.5,25,0,541.8,0,Low,0.0,P4
CUST-03536,Mid-Market,Month-to-Month,Retail,India,Standard,18,22.56,3,0.12,74,0,7.0,37,1,270.72,6,High,0.0,P3
CUST-03537,Mid-Market,Month-to-Month,Online,US,Standard,50,76.21,1,0.241,-92,0,3.5,1,0,914.52,4,Medium,406.45,P2
CUST-03538,Consumer,Month-to-Month,Retail,UAE,Enterprise,55,68.29,0,0.862,93,0,10.4,27,0,819.48,1,Low,91.05,P4
CUST-03539,Consumer,12 Month,Direct Sales,US,Basic,37,51.17,3,0.676,65,0,4.9,18,0,614.04,1,Low,68.23,P4
CUST-03540,Mid-Market,24 Month,Partner,UK,Standard,6,71.84,3,0.785,-67,0,9.9,9,0,862.08,2,Low,191.57,P4
CUST-03541,Mid-Market,12 Month,Direct Sales,India,Basic,38,164.86,3,0.506,-43,0,17.9,47,1,1978.32,4,Medium,0.0,P2
CUST-03542,Consumer,Month-to-Month,Direct Sales,US,Basic,42,52.55,0,0.334,6,0,6.3,29,0,630.6,3,Medium,210.2,P3
CUST-03543,Consumer,12 Month,Direct Sales,UK,Basic,59,144.75,2,0.653,50,0,1.6,59,0,1737.0,2,Low,386.0,P4
CUST-03544,Consumer,Month-to-Month,Online,India,Standard,67,161.04,2,0.124,44,1,3.3,42,0,1932.48,7,Critical,1503.04,P1
CUST-03545,Enterprise,Month-to-Month,Retail,India,Standard,50,171.75,2,0.331,68,0,21.8,10,0,2061.0,3,Medium,687.0,P3
CUST-03546,Mid-Market,12 Month,Direct Sales,UAE,Standard,52,45.94,1,0.562,-13,0,4.7,3,0,551.28,1,Low,61.25,P4
CUST-03547,Consumer,Month-to-Month,Online,India,Standard,55,23.65,1,0.444,-50,1,0.3,28,0,283.8,4,Medium,126.13,P3
CUST-03548,Consumer,12 Month,Online,UK,Enterprise,30,16.81,1,0.208,55,0,17.7,1,0,201.72,2,Low,44.83,P4
CUST-03549,Mid-Market,12 Month,Direct Sales,UK,Basic,3,111.1,1,0.649,23,0,7.6,58,0,1333.2,2,Low,296.27,P4
CUST-03550,Consumer,24 Month,Direct Sales,US,Standard,68,42.67,2,0.605,-74,1,6.6,40,0,512.04,5,High,284.47,P3
CUST-03551,Consumer,Month-to-Month,Direct Sales,Germany,Enterprise,64,79.98,1,0.573,68,0,7.7,3,0,959.76,1,Low,106.64,P4
CUST-03552,Consumer,12 Month,Online,India,Enterprise,58,66.36,1,0.124,47,1,7.1,58,0,796.32,6,High,530.88,P3
CUST-03553,SMB,12 Month,Partner,UK,Standard,12,43.2,4,0.727,-99,0,5.5,23,0,518.4,2,Low,115.2,P4
CUST-03554,Consumer,24 Month,Online,Germany,Basic,38,66.81,2,0.902,14,0,7.9,10,1,801.72,0,Low,0.0,P4
CUST-03555,Consumer,Month-to-Month,Direct Sales,UK,Basic,13,47.36,1,0.679,22,0,0.3,21,0,568.32,1,Low,63.15,P4
CUST-03556,SMB,24 Month,Online,UK,Basic,41,47.96,0,0.78,83,0,6.8,39,0,575.52,2,Low,127.89,P4
CUST-03557,Mid-Market,24 Month,Online,UK,Standard,30,27.57,0,0.427,62,0,8.4,20,0,330.84,0,Low,0.0,P4
CUST-03558,Mid-Market,12 Month,Retail,India,Premium,28,45.97,0,0.348,-30,0,2.3,24,0,551.64,3,Medium,183.88,P3
CUST-03559,Consumer,Month-to-Month,Direct Sales,India,Standard,3,25.0,1,0.309,-65,0,2.1,55,0,300.0,6,High,200.0,P3
CUST-03560,Mid-Market,12 Month,Direct Sales,Germany,Premium,50,105.87,2,0.386,69,1,3.2,40,0,1270.44,4,Medium,564.64,P2
CUST-03561,Consumer,Month-to-Month,Online,UK,Standard,56,45.22,1,0.628,8,0,20.4,10,0,542.64,1,Low,60.29,P4
CUST-03562,Consumer,12 Month,Direct Sales,Germany,Premium,66,23.05,1,0.697,42,0,13.6,40,1,276.6,2,Low,0.0,P4
CUST-03563,Consumer,Month-to-Month,Direct Sales,India,Standard,56,130.74,1,0.338,-28,1,6.3,48,1,1568.88,8,Critical,0.0,P1
CUST-03564,Consumer,Month-to-Month,Online,UK,Basic,63,71.11,1,0.976,-45,0,0.5,16,0,853.32,2,Low,189.63,P4
CUST-03565,Mid-Market,Month-to-Month,Retail,US,Basic,64,73.67,1,0.512,-10,0,10.3,34,0,884.04,4,Medium,392.91,P3
CUST-03566,SMB,Month-to-Month,Online,UK,Basic,34,70.51,4,0.786,42,0,13.9,45,0,846.12,4,Medium,376.05,P3
CUST-03567,Consumer,Month-to-Month,Direct Sales,UK,Basic,57,37.05,2,0.438,-66,2,5.6,27,1,444.6,4,Medium,0.0,P3
CUST-03568,Consumer,24 Month,Online,US,Basic,8,67.18,1,0.359,-63,0,8.0,0,0,806.16,1,Low,89.57,P4
CUST-03569,Consumer,Month-to-Month,Direct Sales,India,Premium,31,45.43,4,0.481,96,0,3.3,59,1,545.16,4,Medium,0.0,P3
CUST-03570,Enterprise,Month-to-Month,Retail,UK,Standard,61,40.71,3,0.275,-65,0,6.5,0,0,488.52,5,High,271.4,P3
CUST-03571,Consumer,24 Month,Online,UK,Premium,17,55.2,3,0.173,35,0,9.0,42,0,662.4,5,High,368.0,P3
CUST-03572,SMB,24 Month,Direct Sales,UAE,Enterprise,15,148.14,0,0.35,62,1,10.3,23,0,1777.68,2,Low,395.04,P4
CUST-03573,Mid-Market,12 Month,Retail,US,Enterprise,10,35.98,3,0.542,-64,0,2.8,59,0,431.76,4,Medium,191.89,P3
CUST-03574,Mid-Market,Month-to-Month,Direct Sales,UK,Enterprise,15,72.51,1,0.406,-72,0,0.3,26,1,870.12,2,Low,0.0,P4
CUST-03575,Consumer,24 Month,Direct Sales,US,Standard,3,25.87,2,0.652,18,0,6.8,12,0,310.44,0,Low,0.0,P4
CUST-03576,Consumer,24 Month,Partner,India,Standard,72,34.38,1,0.459,-75,0,8.0,51,0,412.56,3,Medium,137.52,P3
CUST-03577,Consumer,Month-to-Month,Direct Sales,US,Standard,42,83.15,1,0.57,-39,1,10.9,12,0,997.8,4,Medium,443.47,P2
CUST-03578,Consumer,Month-to-Month,Retail,UK,Standard,61,57.88,3,0.549,64,0,18.8,3,0,694.56,2,Low,154.35,P4
CUST-03579,SMB,12 Month,Direct Sales,US,Premium,17,92.14,4,0.379,-6,0,16.8,46,0,1105.68,4,Medium,491.41,P2
CUST-03580,Mid-Market,24 Month,Direct Sales,UAE,Basic,1,42.93,0,0.722,75,0,20.7,25,0,515.16,0,Low,0.0,P4
CUST-03581,Consumer,12 Month,Retail,UK,Standard,19,33.41,1,0.953,76,1,9.3,40,0,400.92,4,Medium,178.19,P3
CUST-03582,Mid-Market,12 Month,Partner,UK,Standard,51,48.11,3,0.177,-56,2,11.3,47,1,577.32,8,Critical,0.0,P3
CUST-03583,Consumer,12 Month,Retail,UK,Basic,63,71.14,1,0.522,-1,1,2.9,44,0,853.68,5,High,474.27,P3
CUST-03584,Mid-Market,12 Month,Direct Sales,US,Basic,65,68.33,2,0.753,-93,1,2.3,60,0,819.96,5,High,455.53,P3
CUST-03585,SMB,Month-to-Month,Online,UK,Basic,45,69.2,2,0.564,47,0,0.9,25,1,830.4,1,Low,0.0,P4
CUST-03586,Mid-Market,Month-to-Month,Direct Sales,US,Basic,32,149.35,7,0.342,-90,0,10.1,30,1,1792.2,5,High,0.0,P2
CUST-03587,Consumer,24 Month,Retail,UK,Premium,14,96.1,4,0.776,36,0,22.4,45,0,1153.2,3,Medium,384.4,P3
CUST-03588,SMB,Month-to-Month,Online,India,Standard,7,46.06,0,0.614,92,0,3.6,49,0,552.72,3,Medium,184.24,P3
CUST-03589,SMB,12 Month,Online,India,Enterprise,71,88.99,2,0.747,53,0,11.9,32,0,1067.88,2,Low,237.31,P4
CUST-03590,Consumer,12 Month,Online,US,Premium,72,86.07,2,0.084,15,0,7.5,14,0,1032.84,2,Low,229.52,P4
CUST-03591,SMB,12 Month,Partner,US,Basic,54,55.85,2,0.7,59,1,15.3,10,0,670.2,2,Low,148.93,P4
CUST-03592,Consumer,12 Month,Retail,UK,Premium,1,41.71,2,0.391,-69,2,12.4,26,1,500.52,3,Medium,0.0,P3
CUST-03593,Consumer,Month-to-Month,Partner,UK,Basic,26,261.59,0,0.484,89,0,5.0,9,0,3139.08,1,Low,348.79,P4
CUST-03594,SMB,12 Month,Direct Sales,UK,Standard,31,25.7,2,0.671,26,0,10.5,30,1,308.4,0,Low,0.0,P4
CUST-03595,Consumer,Month-to-Month,Online,UAE,Standard,64,211.13,4,0.317,39,0,2.0,60,0,2533.56,6,High,1689.04,P1
CUST-03596,Mid-Market,Month-to-Month,Partner,UAE,Standard,61,43.62,5,0.942,29,0,14.3,44,0,523.44,4,Medium,232.64,P3
CUST-03597,Consumer,12 Month,Direct Sales,UAE,Standard,7,67.1,2,0.301,75,0,13.8,11,0,805.2,2,Low,178.93,P4
CUST-03598,Mid-Market,12 Month,Direct Sales,UK,Premium,5,72.93,2,0.567,52,1,5.6,39,0,875.16,4,Medium,388.96,P3
CUST-03599,Enterprise,12 Month,Retail,US,Premium,37,29.34,2,0.673,83,1,2.9,21,0,352.08,2,Low,78.24,P4
CUST-03600,SMB,24 Month,Partner,India,Premium,49,79.58,2,0.278,85,0,4.0,33,0,954.96,4,Medium,424.43,P2
CUST-03601,Consumer,24 Month,Online,UK,Basic,49,101.23,3,0.761,-6,1,1.6,37,0,1214.76,6,High,809.84,P2
CUST-03602,SMB,Month-to-Month,Partner,US,Standard,53,96.31,1,0.315,-17,0,4.1,39,0,1155.72,6,High,770.48,P2
CUST-03603,Consumer,Month-to-Month,Direct Sales,India,Premium,3,63.32,1,0.452,29,0,5.6,8,0,759.84,1,Low,84.43,P4
CUST-03604,SMB,Month-to-Month,Online,India,Premium,20,154.64,2,0.471,39,0,4.0,14,0,1855.68,1,Low,206.19,P4
CUST-03605,SMB,Month-to-Month,Online,India,Standard,18,69.96,4,0.446,97,0,16.9,23,0,839.52,2,Low,186.56,P4
CUST-03606,SMB,24 Month,Online,Germany,Enterprise,46,83.41,2,0.527,63,0,1.1,9,0,1000.92,0,Low,0.0,P4
CUST-03607,SMB,Month-to-Month,Online,US,Standard,29,82.97,2,0.214,-66,0,0.9,0,0,995.64,4,Medium,442.51,P2
CUST-03608,SMB,Month-to-Month,Retail,UK,Standard,35,39.46,2,0.491,-82,2,9.4,38,1,473.52,6,High,0.0,P3
CUST-03609,Consumer,Month-to-Month,Online,UAE,Basic,54,75.52,0,0.484,69,1,2.7,29,0,906.24,3,Medium,302.08,P3
CUST-03610,Consumer,12 Month,Retail,India,Basic,35,32.49,1,0.859,-8,0,1.9,28,0,389.88,1,Low,43.32,P4
CUST-03611,Consumer,12 Month,Direct Sales,US,Enterprise,59,126.41,2,0.184,81,0,11.2,14,0,1516.92,2,Low,337.09,P4
CUST-03612,Enterprise,12 Month,Retail,UK,Standard,63,53.65,4,0.267,31,1,3.8,32,0,643.8,7,Critical,500.73,P3
CUST-03613,SMB,12 Month,Online,UK,Basic,64,54.03,1,0.903,-74,0,20.1,44,0,648.36,3,Medium,216.12,P3
CUST-03614,Enterprise,Month-to-Month,Online,US,Premium,21,40.34,1,0.577,48,2,7.2,52,0,484.08,5,High,268.93,P3
CUST-03615,Consumer,Month-to-Month,Direct Sales,UAE,Standard,7,36.6,2,0.607,-58,0,6.5,37,0,439.2,4,Medium,195.2,P3
CUST-03616,Consumer,12 Month,Direct Sales,UK,Standard,65,35.57,0,0.537,-42,1,3.3,37,0,426.84,5,High,237.13,P3
CUST-03617,SMB,Month-to-Month,Partner,US,Premium,37,42.59,2,0.842,53,0,2.6,10,0,511.08,1,Low,56.79,P4
CUST-03618,Mid-Market,Month-to-Month,Direct Sales,UK,Premium,56,47.6,1,0.465,-10,0,5.5,50,0,571.2,4,Medium,253.87,P3
CUST-03619,SMB,Month-to-Month,Online,UK,Premium,42,58.2,0,0.8,66,1,8.4,40,0,698.4,5,High,388.0,P3
CUST-03620,Mid-Market,12 Month,Online,US,Standard,61,53.4,1,0.707,-65,1,4.7,28,0,640.8,3,Medium,213.6,P3
CUST-03621,Consumer,Month-to-Month,Retail,Germany,Enterprise,54,69.56,1,0.072,-84,0,15.9,25,0,834.72,4,Medium,370.99,P3
CUST-03622,SMB,Month-to-Month,Direct Sales,Germany,Standard,37,52.03,1,0.574,0,0,6.7,16,1,624.36,1,Low,0.0,P4
CUST-03623,Consumer,Month-to-Month,Partner,UAE,Premium,29,53.58,5,0.803,-78,0,5.3,60,1,642.96,5,High,0.0,P3
CUST-03624,Mid-Market,Month-to-Month,Partner,UK,Standard,35,66.96,1,0.553,-95,0,4.4,1,0,803.52,2,Low,178.56,P4
CUST-03625,SMB,Month-to-Month,Online,US,Basic,11,60.0,1,0.557,83,0,3.4,54,0,720.0,3,Medium,240.0,P3
CUST-03626,Mid-Market,Month-to-Month,Partner,India,Basic,16,25.3,2,0.202,-68,1,11.2,11,0,303.6,6,High,202.4,P3
CUST-03627,Consumer,12 Month,Partner,US,Standard,71,105.94,1,0.886,-31,0,6.2,31,0,1271.28,3,Medium,423.76,P3
CUST-03628,SMB,Month-to-Month,Online,UK,Premium,67,26.46,2,0.27,-95,0,1.3,6,0,317.52,4,Medium,141.12,P3
CUST-03629,Consumer,Month-to-Month,Online,UAE,Premium,62,39.82,0,0.339,36,0,8.3,59,0,477.84,5,High,265.47,P3
CUST-03630,Consumer,12 Month,Retail,US,Basic,31,76.12,2,0.69,98,0,3.5,13,0,913.44,0,Low,0.0,P4
CUST-03631,SMB,12 Month,Online,UK,Basic,11,48.78,1,0.241,23,0,5.6,52,0,585.36,4,Medium,260.16,P3
CUST-03632,Consumer,Month-to-Month,Online,UK,Enterprise,69,85.18,1,0.534,63,2,6.8,58,0,1022.16,5,High,567.87,P2
CUST-03633,SMB,12 Month,Partner,Germany,Premium,16,29.35,2,0.398,32,1,7.4,41,0,352.2,4,Medium,156.53,P3
CUST-03634,Enterprise,12 Month,Partner,UAE,Standard,45,13.25,1,0.939,48,0,2.9,25,0,159.0,0,Low,0.0,P4
CUST-03635,Consumer,12 Month,Online,US,Basic,2,13.48,1,0.713,-75,0,6.5,50,0,161.76,3,Medium,53.92,P3
CUST-03636,SMB,Month-to-Month,Direct Sales,UAE,Premium,15,29.8,2,0.816,100,0,3.4,18,0,357.6,1,Low,39.73,P4
CUST-03637,SMB,Month-to-Month,Online,UK,Premium,29,38.76,2,0.626,76,1,2.4,17,0,465.12,3,Medium,155.04,P3
CUST-03638,SMB,12 Month,Online,Germany,Premium,62,74.34,0,0.447,90,0,6.8,45,0,892.08,2,Low,198.24,P4
CUST-03639,Mid-Market,12 Month,Online,India,Standard,9,158.61,1,0.245,-94,0,6.8,27,0,1903.32,3,Medium,634.44,P3
CUST-03640,SMB,Month-to-Month,Partner,US,Standard,11,36.91,2,0.749,50,0,12.0,47,0,442.92,3,Medium,147.64,P3
CUST-03641,Consumer,12 Month,Online,India,Basic,56,66.6,3,0.793,53,0,1.1,8,0,799.2,1,Low,88.8,P4
CUST-03642,SMB,12 Month,Retail,UAE,Basic,56,80.82,1,0.323,11,2,6.5,31,1,969.84,6,High,0.0,P2
CUST-03643,Consumer,Month-to-Month,Online,US,Standard,49,65.3,2,0.125,63,0,12.9,56,0,783.6,5,High,435.33,P3
CUST-03644,Consumer,24 Month,Online,UK,Basic,19,90.34,1,0.438,75,0,12.8,43,0,1084.08,2,Low,240.91,P4
CUST-03645,Mid-Market,Month-to-Month,Partner,US,Basic,12,54.39,2,0.055,-9,0,6.2,59,1,652.68,6,High,0.0,P3
CUST-03646,Mid-Market,24 Month,Retail,UK,Premium,42,80.78,1,0.748,-18,0,5.9,22,0,969.36,1,Low,107.71,P4
CUST-03647,Consumer,12 Month,Direct Sales,US,Premium,24,59.74,1,0.071,9,0,7.0,52,1,716.88,4,Medium,0.0,P3
CUST-03648,SMB,12 Month,Retail,UK,Premium,65,47.76,1,0.085,97,2,3.6,30,0,573.12,4,Medium,254.72,P3
CUST-03649,Consumer,Month-to-Month,Retail,UAE,Premium,55,21.09,4,0.373,-51,0,7.3,18,0,253.08,3,Medium,84.36,P3
CUST-03650,Consumer,Month-to-Month,Direct Sales,US,Basic,55,64.42,1,0.416,89,0,8.4,17,0,773.04,1,Low,85.89,P4
CUST-03651,SMB,Month-to-Month,Online,Germany,Basic,38,97.36,2,0.494,-90,1,10.4,46,1,1168.32,6,High,0.0,P2
CUST-03652,SMB,Month-to-Month,Direct Sales,US,Basic,54,27.91,0,0.658,4,2,16.9,31,0,334.92,5,High,186.07,P3
CUST-03653,Consumer,Month-to-Month,Online,Germany,Standard,20,42.62,1,0.415,-55,1,16.5,15,0,511.44,4,Medium,227.31,P3
CUST-03654,Mid-Market,Month-to-Month,Direct Sales,UK,Standard,52,65.68,2,0.41,41,0,10.2,37,0,788.16,3,Medium,262.72,P3
CUST-03655,Mid-Market,Month-to-Month,Retail,UK,Standard,41,104.67,1,0.69,35,0,10.2,9,0,1256.04,1,Low,139.56,P4
CUST-03656,Consumer,Month-to-Month,Online,US,Standard,71,36.06,0,0.68,-22,1,15.8,36,0,432.72,6,High,288.48,P3
CUST-03657,Mid-Market,24 Month,Retail,UK,Enterprise,19,78.71,1,0.343,85,1,6.2,45,0,944.52,6,High,629.68,P2
CUST-03658,SMB,24 Month,Partner,UK,Basic,48,61.83,2,0.635,95,1,8.8,20,0,741.96,2,Low,164.88,P4
CUST-03659,Consumer,Month-to-Month,Direct Sales,India,Enterprise,11,85.26,0,0.422,-89,0,1.8,40,0,1023.12,4,Medium,454.72,P2
CUST-03660,Mid-Market,Month-to-Month,Online,UK,Standard,22,63.15,1,0.607,-94,0,9.0,5,0,757.8,2,Low,168.4,P4
CUST-03661,SMB,12 Month,Retail,UAE,Premium,12,95.49,1,0.481,-55,1,11.1,23,0,1145.88,3,Medium,381.96,P3
CUST-03662,SMB,Month-to-Month,Retail,UK,Premium,12,32.37,2,0.523,79,0,9.4,55,0,388.44,3,Medium,129.48,P3
CUST-03663,Consumer,24 Month,Direct Sales,US,Premium,52,50.4,2,0.498,-72,0,11.1,45,1,604.8,3,Medium,0.0,P3
CUST-03664,Enterprise,Month-to-Month,Retail,UAE,Standard,5,101.5,6,0.931,58,0,7.9,6,0,1218.0,2,Low,270.67,P4
CUST-03665,Consumer,Month-to-Month,Retail,UAE,Standard,65,53.63,0,0.561,-45,0,15.7,7,0,643.56,2,Low,143.01,P4
CUST-03666,Consumer,Month-to-Month,Retail,UK,Enterprise,55,79.59,3,0.457,-45,1,5.8,34,0,955.08,7,Critical,742.84,P2
CUST-03667,Consumer,Month-to-Month,Partner,UAE,Premium,1,35.24,3,0.708,-97,0,10.0,24,1,422.88,3,Medium,0.0,P3
CUST-03668,Consumer,Month-to-Month,Partner,US,Standard,38,44.36,2,0.944,-93,0,11.0,5,0,532.32,2,Low,118.29,P4
CUST-03669,Consumer,12 Month,Direct Sales,US,Premium,47,82.32,1,0.414,-62,0,0.5,36,1,987.84,3,Medium,0.0,P3
CUST-03670,Mid-Market,24 Month,Direct Sales,US,Premium,63,13.83,4,0.448,2,0,10.5,10,0,165.96,1,Low,18.44,P4
CUST-03671,SMB,12 Month,Partner,UK,Basic,26,49.92,0,0.476,-35,0,7.7,54,1,599.04,3,Medium,0.0,P3
CUST-03672,SMB,Month-to-Month,Partner,India,Basic,23,36.32,1,0.185,-72,1,1.8,8,0,435.84,6,High,290.56,P3
CUST-03673,SMB,Month-to-Month,Partner,UK,Basic,47,137.31,1,0.488,-43,1,14.5,47,0,1647.72,6,High,1098.48,P1
CUST-03674,Consumer,Month-to-Month,Online,UK,Enterprise,60,61.33,4,0.499,-47,0,6.0,55,0,735.96,5,High,408.87,P3
CUST-03675,Mid-Market,Month-to-Month,Partner,UK,Standard,41,32.5,3,0.611,33,0,11.6,35,0,390.0,4,Medium,173.33,P3
CUST-03676,SMB,12 Month,Online,Germany,Premium,54,60.35,1,0.765,69,0,16.5,8,0,724.2,0,Low,0.0,P4
CUST-03677,SMB,12 Month,Direct Sales,US,Basic,32,25.05,2,0.145,76,0,3.1,24,0,300.6,2,Low,66.8,P4
CUST-03678,Enterprise,Month-to-Month,Partner,Germany,Premium,47,59.04,1,0.655,63,1,7.7,49,0,708.48,5,High,393.6,P3
CUST-03679,Enterprise,Month-to-Month,Partner,UK,Standard,47,50.15,2,0.043,64,1,11.9,32,1,601.8,7,Critical,0.0,P3
CUST-03680,Consumer,Month-to-Month,Online,Germany,Premium,38,33.8,2,0.873,-29,0,5.5,60,0,405.6,4,Medium,180.27,P3
CUST-03681,Mid-Market,Month-to-Month,Online,UAE,Basic,30,150.57,1,0.442,24,0,2.9,8,0,1806.84,1,Low,200.76,P4
CUST-03682,SMB,24 Month,Direct Sales,UK,Premium,12,45.11,1,0.473,92,0,1.6,48,1,541.32,2,Low,0.0,P4
CUST-03683,Consumer,12 Month,Online,UAE,Premium,11,39.92,2,0.495,38,0,6.8,19,0,479.04,0,Low,0.0,P4
CUST-03684,Consumer,12 Month,Direct Sales,UAE,Premium,65,137.81,2,0.858,19,1,11.6,46,0,1653.72,4,Medium,734.99,P2
CUST-03685,Mid-Market,24 Month,Online,UK,Standard,13,119.18,1,0.465,46,0,3.8,11,0,1430.16,0,Low,0.0,P4
CUST-03686,Mid-Market,Month-to-Month,Online,US,Enterprise,28,63.7,0,0.294,31,1,7.1,60,1,764.4,7,Critical,0.0,P3
CUST-03687,Mid-Market,Month-to-Month,Direct Sales,UK,Enterprise,26,66.02,1,0.368,7,1,9.3,53,0,792.24,5,High,440.13,P3
CUST-03688,SMB,12 Month,Partner,UK,Standard,29,67.86,1,0.206,-67,2,8.1,20,0,814.32,5,High,452.4,P3
CUST-03689,SMB,12 Month,Online,UAE,Standard,47,74.67,2,0.433,-63,0,4.4,59,1,896.04,3,Medium,0.0,P3
CUST-03690,Enterprise,12 Month,Partner,UK,Enterprise,41,57.66,1,0.785,34,1,18.0,54,0,691.92,4,Medium,307.52,P3
CUST-03691,Enterprise,Month-to-Month,Retail,UK,Premium,48,49.49,2,0.492,65,1,3.0,32,0,593.88,5,High,329.93,P3
CUST-03692,Mid-Market,12 Month,Partner,Germany,Enterprise,67,139.52,3,0.263,32,0,8.4,21,0,1674.24,3,Medium,558.08,P3
CUST-03693,Consumer,Month-to-Month,Online,UAE,Standard,14,83.29,0,0.316,-68,0,6.9,8,0,999.48,4,Medium,444.21,P2
CUST-03694,Mid-Market,12 Month,Partner,UK,Premium,1,45.66,1,0.377,41,0,15.3,40,1,547.92,2,Low,0.0,P4
CUST-03695,SMB,12 Month,Online,UK,Standard,35,78.32,1,0.636,-44,0,0.3,19,0,939.84,1,Low,104.43,P4
CUST-03696,Mid-Market,Month-to-Month,Online,UK,Standard,50,36.71,2,0.575,-24,0,23.1,17,0,440.52,2,Low,97.89,P4
CUST-03697,SMB,12 Month,Retail,India,Standard,57,51.29,2,0.422,-46,1,3.7,12,0,615.48,3,Medium,205.16,P3
CUST-03698,SMB,Month-to-Month,Direct Sales,Germany,Standard,67,49.02,1,0.713,9,1,10.1,19,0,588.24,3,Medium,196.08,P3
CUST-03699,Mid-Market,12 Month,Retail,Germany,Enterprise,52,33.01,2,0.387,-16,0,3.5,22,0,396.12,1,Low,44.01,P4
CUST-03700,Consumer,12 Month,Online,India,Standard,18,12.01,1,0.715,44,0,5.8,23,0,144.12,0,Low,0.0,P4
CUST-03701,SMB,12 Month,Online,Germany,Enterprise,6,43.93,1,0.041,-11,0,4.8,57,0,527.16,5,High,292.87,P3
CUST-03702,Mid-Market,Month-to-Month,Online,Germany,Standard,61,73.96,3,0.421,90,1,5.8,46,0,887.52,6,High,591.68,P3
CUST-03703,Enterprise,12 Month,Online,UK,Premium,53,489.01,5,0.709,53,0,0.5,12,0,5868.12,1,Low,652.01,P4
CUST-03704,Consumer,Month-to-Month,Online,US,Premium,19,51.52,3,0.74,24,0,4.2,17,0,618.24,2,Low,137.39,P4
CUST-03705,Consumer,Month-to-Month,Online,UK,Premium,61,38.43,6,0.57,79,1,10.4,59,1,461.16,6,High,0.0,P3
CUST-03706,SMB,24 Month,Retail,India,Standard,40,66.43,1,0.248,-9,2,13.9,21,0,797.16,5,High,442.87,P3
CUST-03707,SMB,12 Month,Retail,UK,Standard,48,35.29,4,0.554,42,0,3.0,44,0,423.48,3,Medium,141.16,P3
CUST-03708,Consumer,12 Month,Retail,UK,Standard,72,129.92,3,0.483,36,0,8.7,42,0,1559.04,3,Medium,519.68,P3
CUST-03709,Mid-Market,12 Month,Partner,UAE,Standard,20,130.11,4,0.805,52,0,8.0,52,0,1561.32,3,Medium,520.44,P3
CUST-03710,Consumer,Month-to-Month,Direct Sales,UK,Standard,53,66.13,0,0.782,30,0,17.5,4,0,793.56,1,Low,88.17,P4
CUST-03711,Consumer,Month-to-Month,Partner,US,Premium,65,65.31,4,0.277,14,1,10.5,33,0,783.72,8,Critical,696.64,P3
CUST-03712,SMB,Month-to-Month,Online,UAE,Premium,53,60.19,0,0.592,56,0,6.2,15,0,722.28,1,Low,80.25,P4
CUST-03713,SMB,Month-to-Month,Direct Sales,UK,Enterprise,30,46.69,2,0.351,97,1,4.7,38,1,560.28,5,High,0.0,P3
CUST-03714,Consumer,Month-to-Month,Direct Sales,UK,Basic,50,38.07,1,0.086,57,1,16.9,13,0,456.84,5,High,253.8,P3
CUST-03715,Mid-Market,Month-to-Month,Online,India,Basic,18,22.67,2,0.224,38,0,2.3,40,0,272.04,5,High,151.13,P3
CUST-03716,Enterprise,12 Month,Direct Sales,UK,Standard,48,26.74,3,0.471,-5,0,7.6,54,0,320.88,4,Medium,142.61,P3
CUST-03717,Mid-Market,24 Month,Online,UAE,Basic,56,46.77,1,0.251,-93,1,3.7,40,0,561.24,7,Critical,436.52,P3
CUST-03718,Enterprise,Month-to-Month,Direct Sales,India,Enterprise,20,61.31,1,0.525,-9,2,8.7,8,1,735.72,4,Medium,0.0,P3
CUST-03719,Consumer,Month-to-Month,Online,UAE,Standard,39,21.72,2,0.681,50,0,16.4,10,0,260.64,1,Low,28.96,P4
CUST-03720,Consumer,Month-to-Month,Retail,Germany,Standard,46,33.83,2,0.488,-87,0,19.6,4,0,405.96,2,Low,90.21,P4
CUST-03721,Consumer,12 Month,Online,UK,Basic,42,27.66,0,0.701,43,1,4.6,18,0,331.92,2,Low,73.76,P4
CUST-03722,Consumer,12 Month,Direct Sales,Germany,Standard,66,67.45,0,0.879,49,1,7.3,51,0,809.4,4,Medium,359.73,P3
CUST-03723,Consumer,12 Month,Direct Sales,UAE,Standard,31,73.05,1,0.545,-57,0,17.8,50,0,876.6,3,Medium,292.2,P3
CUST-03724,Consumer,24 Month,Direct Sales,UAE,Premium,62,67.79,0,0.436,66,0,15.1,12,0,813.48,0,Low,0.0,P4
CUST-03725,SMB,12 Month,Retail,UAE,Standard,40,27.23,4,0.645,27,0,8.1,7,0,326.76,1,Low,36.31,P4
CUST-03726,SMB,12 Month,Online,UK,Premium,31,55.98,3,0.78,-55,0,3.4,44,0,671.76,4,Medium,298.56,P3
CUST-03727,Consumer,24 Month,Online,UAE,Enterprise,5,58.22,2,0.694,-6,0,3.4,28,0,698.64,1,Low,77.63,P4
CUST-03728,Mid-Market,24 Month,Online,India,Standard,32,37.34,1,0.738,83,0,6.1,52,0,448.08,2,Low,99.57,P4
CUST-03729,Mid-Market,Month-to-Month,Online,UK,Standard,45,53.48,3,0.061,40,0,6.2,18,0,641.76,4,Medium,285.23,P3
CUST-03730,Consumer,Month-to-Month,Direct Sales,US,Enterprise,60,19.71,1,0.346,-33,0,4.7,9,1,236.52,4,Medium,0.0,P3
CUST-03731,SMB,12 Month,Retail,UK,Basic,9,49.06,2,0.679,21,0,3.7,16,0,588.72,0,Low,0.0,P4
CUST-03732,Enterprise,12 Month,Direct Sales,US,Standard,54,43.72,2,0.474,6,0,3.0,57,0,524.64,2,Low,116.59,P4
CUST-03733,Consumer,Month-to-Month,Partner,India,Standard,54,18.76,2,0.278,94,0,12.0,21,0,225.12,3,Medium,75.04,P3
CUST-03734,Consumer,12 Month,Online,US,Enterprise,52,26.85,1,0.332,-28,0,10.6,48,0,322.2,5,High,179.0,P3
CUST-03735,Enterprise,24 Month,Partner,UK,Basic,19,65.84,1,0.844,71,2,3.6,8,0,790.08,2,Low,175.57,P4
CUST-03736,SMB,Month-to-Month,Online,UAE,Basic,65,75.3,3,0.448,-69,0,23.4,33,0,903.6,5,High,502.0,P2
CUST-03737,Consumer,24 Month,Online,India,Basic,12,35.98,2,0.173,27,0,5.1,0,0,431.76,2,Low,95.95,P4
CUST-03738,Consumer,Month-to-Month,Partner,UAE,Enterprise,47,49.19,2,0.268,45,0,12.5,15,0,590.28,3,Medium,196.76,P3
CUST-03739,Mid-Market,Month-to-Month,Direct Sales,US,Basic,58,15.37,1,0.883,79,1,1.6,41,1,184.44,5,High,0.0,P3
CUST-03740,Mid-Market,12 Month,Partner,India,Basic,24,27.31,0,0.681,58,1,6.4,14,0,327.72,2,Low,72.83,P4
CUST-03741,SMB,Month-to-Month,Direct Sales,UK,Standard,42,47.16,4,0.26,-81,0,11.9,38,0,565.92,7,Critical,440.16,P3
CUST-03742,Consumer,Month-to-Month,Direct Sales,India,Standard,33,111.89,4,0.621,-19,0,16.1,29,1,1342.68,3,Medium,0.0,P3
CUST-03743,Consumer,Month-to-Month,Direct Sales,India,Basic,72,18.69,1,0.334,-49,0,2.1,23,0,224.28,4,Medium,99.68,P3
CUST-03744,Mid-Market,12 Month,Direct Sales,UAE,Enterprise,60,108.92,3,0.35,7,0,9.2,8,0,1307.04,1,Low,145.23,P4
CUST-03745,Mid-Market,Month-to-Month,Partner,US,Basic,48,30.63,1,0.467,13,1,4.4,33,0,367.56,5,High,204.2,P3
CUST-03746,SMB,12 Month,Retail,US,Standard,30,46.93,1,0.454,44,0,9.1,20,0,563.16,0,Low,0.0,P4
CUST-03747,Consumer,Month-to-Month,Direct Sales,Germany,Enterprise,14,51.05,2,0.645,28,0,15.9,37,0,612.6,3,Medium,204.2,P3
CUST-03748,Enterprise,Month-to-Month,Online,UAE,Basic,22,19.41,3,0.642,54,0,9.5,23,0,232.92,2,Low,51.76,P4
CUST-03749,Consumer,Month-to-Month,Online,Germany,Standard,42,144.46,0,0.575,36,0,6.4,58,1,1733.52,3,Medium,0.0,P3
CUST-03750,SMB,24 Month,Partner,US,Enterprise,16,64.99,1,0.402,62,0,5.8,36,0,779.88,2,Low,173.31,P4
CUST-03751,Consumer,12 Month,Direct Sales,India,Premium,55,82.24,2,0.152,-86,1,8.3,0,0,986.88,5,High,548.27,P2
CUST-03752,Mid-Market,Month-to-Month,Partner,UK,Standard,5,99.54,1,0.443,16,0,7.8,57,1,1194.48,3,Medium,0.0,P3
CUST-03753,Consumer,12 Month,Online,US,Basic,2,80.59,2,0.519,-60,0,9.1,37,0,967.08,3,Medium,322.36,P3
CUST-03754,Consumer,Month-to-Month,Online,UK,Premium,54,37.25,1,0.479,-47,0,19.4,42,0,447.0,4,Medium,198.67,P3
CUST-03755,Consumer,12 Month,Retail,UK,Premium,25,94.03,1,0.398,33,0,4.8,42,0,1128.36,2,Low,250.75,P4
CUST-03756,Mid-Market,Month-to-Month,Online,UK,Standard,5,52.48,4,0.623,-63,0,2.8,57,1,629.76,5,High,0.0,P3
CUST-03757,Enterprise,24 Month,Partner,UAE,Standard,44,54.3,2,0.521,54,0,5.1,54,0,651.6,2,Low,144.8,P4
CUST-03758,SMB,Month-to-Month,Retail,India,Enterprise,57,42.49,1,0.78,-70,0,4.8,35,1,509.88,4,Medium,0.0,P3
CUST-03759,Consumer,Month-to-Month,Online,UK,Premium,36,90.9,1,0.691,-98,1,12.4,3,0,1090.8,4,Medium,484.8,P2
CUST-03760,Consumer,Month-to-Month,Partner,Germany,Premium,18,46.91,0,0.587,59,0,0.7,41,0,562.92,3,Medium,187.64,P3
CUST-03761,SMB,Month-to-Month,Online,Germany,Basic,63,79.47,1,0.417,-11,0,2.7,15,0,953.64,2,Low,211.92,P4
CUST-03762,Enterprise,Month-to-Month,Direct Sales,UAE,Basic,4,78.69,2,0.242,17,0,11.6,58,1,944.28,5,High,0.0,P2
CUST-03763,Mid-Market,12 Month,Online,US,Premium,20,76.54,3,0.432,73,0,2.0,12,0,918.48,1,Low,102.05,P4
CUST-03764,Consumer,Month-to-Month,Partner,Germany,Standard,66,14.08,4,0.615,-52,0,6.4,46,0,168.96,5,High,93.87,P3
CUST-03765,Consumer,24 Month,Partner,US,Basic,17,19.24,1,0.621,74,0,6.0,20,0,230.88,0,Low,0.0,P4
CUST-03766,Consumer,12 Month,Direct Sales,India,Premium,26,35.46,2,0.574,30,0,2.2,26,0,425.52,0,Low,0.0,P4
CUST-03767,Mid-Market,12 Month,Direct Sales,UAE,Premium,67,26.23,1,0.534,7,0,5.5,54,0,314.76,2,Low,69.95,P4
CUST-03768,SMB,24 Month,Direct Sales,US,Standard,14,52.81,2,0.733,-15,1,2.0,31,0,633.72,5,High,352.07,P3
CUST-03769,SMB,12 Month,Direct Sales,India,Basic,40,59.46,1,0.851,-77,2,4.7,48,0,713.52,5,High,396.4,P3
CUST-03770,Mid-Market,24 Month,Online,US,Standard,51,29.89,2,0.547,-78,0,11.3,31,0,358.68,3,Medium,119.56,P3
CUST-03771,Enterprise,Month-to-Month,Online,India,Premium,34,46.67,0,0.15,-42,1,16.0,35,1,560.04,8,Critical,0.0,P3
CUST-03772,SMB,Month-to-Month,Retail,UK,Enterprise,33,94.71,0,0.259,-23,0,3.6,13,0,1136.52,4,Medium,505.12,P2
CUST-03773,Mid-Market,24 Month,Retail,Germany,Enterprise,53,28.98,3,0.789,-13,0,2.6,26,0,347.76,2,Low,77.28,P4
CUST-03774,SMB,12 Month,Online,Germany,Basic,32,36.67,3,0.51,-7,0,7.8,7,0,440.04,2,Low,97.79,P4
CUST-03775,Consumer,24 Month,Online,India,Premium,16,76.89,3,0.097,-21,0,1.0,13,0,922.68,4,Medium,410.08,P2
CUST-03776,Consumer,Month-to-Month,Direct Sales,UK,Basic,34,119.67,0,0.789,25,0,0.3,29,0,1436.04,1,Low,159.56,P4
CUST-03777,Enterprise,12 Month,Retail,India,Basic,54,41.79,2,0.69,61,0,7.7,36,0,501.48,2,Low,111.44,P4
CUST-03778,Consumer,Month-to-Month,Partner,UK,Standard,63,21.83,4,0.75,42,1,1.0,15,0,261.96,4,Medium,116.43,P3
CUST-03779,SMB,Month-to-Month,Direct Sales,US,Standard,31,53.64,1,0.342,54,0,28.3,57,0,643.68,5,High,357.6,P3
CUST-03780,Mid-Market,24 Month,Partner,UK,Enterprise,70,35.96,1,0.296,45,0,15.6,18,0,431.52,2,Low,95.89,P4
CUST-03781,Consumer,Month-to-Month,Online,UK,Basic,26,124.49,4,0.744,43,0,7.7,28,0,1493.88,2,Low,331.97,P4
CUST-03782,Enterprise,Month-to-Month,Direct Sales,UAE,Enterprise,42,52.1,0,0.256,-57,0,23.8,49,0,625.2,6,High,416.8,P3
CUST-03783,Mid-Market,Month-to-Month,Direct Sales,US,Basic,23,43.61,1,0.344,-32,1,16.7,21,0,523.32,6,High,348.88,P3
CUST-03784,Consumer,Month-to-Month,Direct Sales,US,Premium,15,76.75,0,0.812,39,0,5.1,40,0,921.0,3,Medium,307.0,P3
CUST-03785,SMB,24 Month,Online,UK,Enterprise,6,26.12,0,0.678,-95,1,6.5,37,0,313.44,5,High,174.13,P3
CUST-03786,Enterprise,12 Month,Online,India,Premium,47,34.4,1,0.602,16,0,6.7,16,0,412.8,0,Low,0.0,P4
CUST-03787,Mid-Market,Month-to-Month,Online,UK,Premium,70,139.72,2,0.236,-85,2,10.3,44,0,1676.64,8,Critical,1490.35,P1
CUST-03788,Consumer,24 Month,Retail,US,Premium,36,41.87,2,0.299,-16,1,4.2,19,0,502.44,5,High,279.13,P3
CUST-03789,Mid-Market,24 Month,Partner,UK,Enterprise,56,149.7,3,0.65,-45,1,17.2,44,0,1796.4,6,High,1197.6,P1
CUST-03790,Consumer,12 Month,Partner,US,Basic,62,47.02,2,0.791,-78,0,10.9,56,0,564.24,3,Medium,188.08,P3
CUST-03791,Mid-Market,Month-to-Month,Online,UAE,Basic,67,71.66,0,0.215,10,2,5.9,21,0,859.92,5,High,477.73,P3
CUST-03792,Mid-Market,Month-to-Month,Retail,US,Standard,55,75.89,2,0.686,41,1,18.1,29,0,910.68,3,Medium,303.56,P3
CUST-03793,Consumer,Month-to-Month,Online,Germany,Standard,22,77.99,2,0.674,-1,0,8.6,20,0,935.88,2,Low,207.97,P4
CUST-03794,Consumer,Month-to-Month,Online,UK,Premium,66,146.74,1,0.744,29,0,5.0,25,0,1760.88,1,Low,195.65,P4
CUST-03795,Enterprise,Month-to-Month,Direct Sales,UK,Premium,48,33.31,1,0.648,63,1,13.6,36,0,399.72,5,High,222.07,P3
CUST-03796,Consumer,24 Month,Retail,India,Standard,64,84.8,3,0.376,-78,0,10.3,58,1,1017.6,4,Medium,0.0,P2
CUST-03797,Mid-Market,24 Month,Online,India,Basic,15,33.31,2,0.915,-60,1,15.1,42,1,399.72,5,High,0.0,P3
CUST-03798,Enterprise,Month-to-Month,Retail,UAE,Basic,60,103.42,2,0.731,36,0,11.5,11,0,1241.04,1,Low,137.89,P4
CUST-03799,Consumer,12 Month,Online,India,Premium,37,69.21,0,0.055,41,0,7.3,7,0,830.52,2,Low,184.56,P4
CUST-03800,Consumer,24 Month,Online,Germany,Standard,66,72.1,2,0.618,22,0,12.1,25,0,865.2,0,Low,0.0,P4
CUST-03801,Mid-Market,12 Month,Online,US,Standard,22,26.86,3,0.46,-15,0,4.5,16,0,322.32,2,Low,71.63,P4
CUST-03802,Mid-Market,12 Month,Online,India,Standard,61,47.66,4,0.492,-7,0,16.8,27,0,571.92,2,Low,127.09,P4
CUST-03803,SMB,Month-to-Month,Retail,UAE,Premium,19,15.27,1,0.801,-39,0,5.1,58,0,183.24,4,Medium,81.44,P3
CUST-03804,Consumer,24 Month,Direct Sales,US,Enterprise,9,39.51,1,0.55,19,1,7.0,29,0,474.12,2,Low,105.36,P4
CUST-03805,Enterprise,12 Month,Direct Sales,UAE,Premium,60,65.62,2,0.602,-88,1,2.1,54,0,787.44,5,High,437.47,P3
CUST-03806,Consumer,Month-to-Month,Online,India,Basic,8,130.99,0,0.474,-17,0,3.3,57,0,1571.88,4,Medium,698.61,P2
CUST-03807,Consumer,12 Month,Retail,India,Enterprise,10,58.17,0,0.141,-38,0,2.2,9,0,698.04,3,Medium,232.68,P3
CUST-03808,SMB,12 Month,Direct Sales,India,Standard,51,66.36,1,0.092,100,0,7.6,15,0,796.32,2,Low,176.96,P4
CUST-03809,Consumer,24 Month,Partner,US,Enterprise,8,30.21,5,0.762,38,0,8.5,0,0,362.52,1,Low,40.28,P4
CUST-03810,SMB,24 Month,Direct Sales,US,Standard,40,95.79,2,0.711,-50,0,4.8,14,0,1149.48,1,Low,127.72,P4
CUST-03811,SMB,12 Month,Online,UK,Standard,2,37.95,2,0.367,29,0,5.4,6,0,455.4,0,Low,0.0,P4
CUST-03812,SMB,12 Month,Direct Sales,India,Basic,35,19.65,1,0.526,-19,0,5.8,50,0,235.8,3,Medium,78.6,P3
CUST-03813,Enterprise,Month-to-Month,Direct Sales,UK,Premium,69,61.25,2,0.368,71,0,9.2,42,0,735.0,3,Medium,245.0,P3
CUST-03814,Consumer,Month-to-Month,Online,UK,Enterprise,11,76.61,2,0.494,81,0,11.3,35,0,919.32,3,Medium,306.44,P3
CUST-03815,Consumer,Month-to-Month,Direct Sales,UK,Premium,36,32.27,2,0.239,-65,0,3.6,18,0,387.24,4,Medium,172.11,P3
CUST-03816,SMB,12 Month,Online,UK,Premium,28,42.31,5,0.502,-26,1,21.0,56,0,507.72,6,High,338.48,P3
CUST-03817,Mid-Market,Month-to-Month,Online,Germany,Basic,28,28.05,2,0.764,32,1,3.7,45,0,336.6,5,High,187.0,P3
CUST-03818,Mid-Market,Month-to-Month,Direct Sales,Germany,Premium,68,32.29,3,0.807,-72,1,12.7,3,0,387.48,5,High,215.27,P3
CUST-03819,Enterprise,24 Month,Direct Sales,UK,Premium,53,86.87,3,0.435,-7,0,6.9,43,1,1042.44,4,Medium,0.0,P2
CUST-03820,SMB,12 Month,Online,UK,Premium,12,47.96,1,0.305,38,0,1.6,14,0,575.52,2,Low,127.89,P4
CUST-03821,SMB,24 Month,Retail,India,Enterprise,67,38.78,3,0.414,6,1,0.8,22,1,465.36,3,Medium,0.0,P3
CUST-03822,Consumer,12 Month,Retail,UK,Premium,33,37.01,1,0.484,63,0,7.3,55,1,444.12,2,Low,0.0,P4
CUST-03823,Enterprise,Month-to-Month,Direct Sales,UAE,Premium,25,74.38,1,0.424,-24,0,10.7,22,0,892.56,2,Low,198.35,P4
CUST-03824,Consumer,12 Month,Partner,Germany,Premium,35,69.31,4,0.731,-94,0,6.5,33,0,831.72,4,Medium,369.65,P3
CUST-03825,Consumer,Month-to-Month,Direct Sales,India,Standard,69,35.52,3,0.361,85,2,3.3,53,0,426.24,6,High,284.16,P3
CUST-03826,SMB,24 Month,Online,UK,Premium,62,66.74,1,0.588,22,1,1.8,54,1,800.88,4,Medium,0.0,P3
CUST-03827,Consumer,12 Month,Retail,UAE,Premium,3,39.32,0,0.969,-11,0,6.9,57,0,471.84,3,Medium,157.28,P3
CUST-03828,Mid-Market,12 Month,Direct Sales,UK,Premium,42,132.95,1,0.26,-17,0,5.1,2,0,1595.4,3,Medium,531.8,P3
CUST-03829,SMB,12 Month,Online,US,Premium,45,53.82,4,0.433,6,0,7.1,24,0,645.84,1,Low,71.76,P4
CUST-03830,Enterprise,Month-to-Month,Direct Sales,UK,Standard,5,48.88,4,0.806,63,0,6.8,13,0,586.56,2,Low,130.35,P4
CUST-03831,Consumer,24 Month,Partner,UK,Standard,5,34.75,0,0.229,-29,0,4.6,46,1,417.0,5,High,0.0,P3
CUST-03832,SMB,24 Month,Online,UK,Enterprise,59,68.11,2,0.734,70,1,13.0,7,0,817.32,2,Low,181.63,P4
CUST-03833,Consumer,Month-to-Month,Retail,India,Premium,11,55.96,4,0.508,86,0,7.6,16,0,671.52,2,Low,149.23,P4
CUST-03834,Mid-Market,12 Month,Retail,India,Premium,9,212.95,2,0.479,-77,0,2.2,13,0,2555.4,1,Low,283.93,P4
CUST-03835,Consumer,Month-to-Month,Retail,Germany,Enterprise,15,99.39,3,0.466,-8,0,2.9,41,1,1192.68,5,High,0.0,P2
CUST-03836,SMB,24 Month,Direct Sales,India,Enterprise,51,35.92,3,0.319,24,0,11.9,37,0,431.04,5,High,239.47,P3
CUST-03837,Consumer,Month-to-Month,Online,Germany,Standard,12,51.11,1,0.803,51,0,2.6,24,0,613.32,1,Low,68.15,P4
CUST-03838,Consumer,Month-to-Month,Online,India,Standard,46,40.25,2,0.2,40,0,13.0,40,0,483.0,5,High,268.33,P3
CUST-03839,SMB,Month-to-Month,Retail,Germany,Premium,69,17.12,2,0.913,33,0,2.4,32,0,205.44,3,Medium,68.48,P3
CUST-03840,Mid-Market,12 Month,Partner,India,Standard,31,48.11,2,0.642,-19,0,4.3,3,0,577.32,1,Low,64.15,P4
CUST-03841,Consumer,Month-to-Month,Direct Sales,US,Standard,48,26.15,3,0.263,-80,0,7.4,42,1,313.8,7,Critical,0.0,P3
CUST-03842,Consumer,Month-to-Month,Online,UK,Enterprise,49,134.16,2,0.795,-40,0,0.6,16,0,1609.92,2,Low,357.76,P4
CUST-03843,Consumer,Month-to-Month,Partner,UK,Enterprise,52,131.82,0,0.33,91,1,5.8,18,0,1581.84,5,High,878.8,P2
CUST-03844,Consumer,24 Month,Retail,US,Enterprise,50,35.71,0,0.282,5,1,2.9,38,0,428.52,6,High,285.68,P3
CUST-03845,SMB,12 Month,Online,UAE,Standard,36,30.86,0,0.737,-71,0,3.9,12,0,370.32,1,Low,41.15,P4
CUST-03846,SMB,12 Month,Online,UAE,Basic,10,22.74,3,0.296,-4,1,5.3,8,0,272.88,6,High,181.92,P3
CUST-03847,Mid-Market,24 Month,Partner,US,Basic,43,53.68,1,0.762,74,0,3.2,26,0,644.16,0,Low,0.0,P4
CUST-03848,SMB,Month-to-Month,Direct Sales,UAE,Basic,50,44.9,1,0.134,37,0,8.1,31,0,538.8,5,High,299.33,P3
CUST-03849,SMB,Month-to-Month,Direct Sales,India,Basic,21,67.7,2,0.825,57,0,6.5,45,0,812.4,3,Medium,270.8,P3
CUST-03850,Consumer,Month-to-Month,Online,UAE,Enterprise,58,97.32,0,0.515,13,0,0.4,26,1,1167.84,1,Low,0.0,P4
CUST-03851,SMB,Month-to-Month,Online,US,Enterprise,62,56.94,2,0.493,75,0,7.5,33,0,683.28,3,Medium,227.76,P3
CUST-03852,Enterprise,24 Month,Direct Sales,UK,Standard,34,70.03,1,0.819,1,0,7.9,12,0,840.36,0,Low,0.0,P4
CUST-03853,Consumer,12 Month,Direct Sales,UK,Basic,13,88.75,4,0.335,-72,0,5.4,25,0,1065.0,4,Medium,473.33,P2
CUST-03854,Mid-Market,Month-to-Month,Online,US,Basic,3,32.11,2,0.551,45,1,15.2,7,0,385.32,3,Medium,128.44,P3
CUST-03855,Mid-Market,Month-to-Month,Online,UK,Standard,47,48.02,3,0.854,96,1,4.7,9,0,576.24,4,Medium,256.11,P3
CUST-03856,Consumer,Month-to-Month,Partner,UK,Standard,32,30.66,2,0.76,80,0,11.1,13,0,367.92,1,Low,40.88,P4
CUST-03857,Enterprise,Month-to-Month,Direct Sales,US,Basic,70,40.14,0,0.247,-39,1,4.8,20,0,481.68,6,High,321.12,P3
CUST-03858,SMB,12 Month,Direct Sales,UK,Enterprise,26,36.87,0,0.793,76,1,3.7,59,0,442.44,4,Medium,196.64,P3
CUST-03859,Consumer,Month-to-Month,Direct Sales,India,Enterprise,17,50.4,3,0.338,-18,1,7.2,48,1,604.8,9,Critical,0.0,P3
CUST-03860,SMB,12 Month,Direct Sales,UAE,Enterprise,50,43.4,4,0.522,77,1,12.9,23,0,520.8,3,Medium,173.6,P3
CUST-03861,Mid-Market,Month-to-Month,Online,UK,Basic,4,101.02,3,0.453,74,1,9.9,21,0,1212.24,4,Medium,538.77,P2
CUST-03862,Mid-Market,Month-to-Month,Online,UAE,Standard,44,87.27,0,0.139,-30,0,5.4,24,0,1047.24,4,Medium,465.44,P2
CUST-03863,Consumer,12 Month,Retail,UAE,Basic,25,75.91,1,0.38,-37,1,10.4,55,1,910.92,5,High,0.0,P2
CUST-03864,SMB,Month-to-Month,Partner,India,Basic,67,42.74,1,0.319,43,0,5.3,45,0,512.88,5,High,284.93,P3
CUST-03865,Enterprise,Month-to-Month,Online,India,Basic,26,72.52,3,0.692,10,0,5.9,42,0,870.24,4,Medium,386.77,P3
CUST-03866,Consumer,12 Month,Online,UK,Premium,52,79.13,1,0.171,-35,0,23.4,46,1,949.56,5,High,0.0,P2
CUST-03867,SMB,Month-to-Month,Online,India,Standard,25,20.15,1,0.941,40,0,6.0,10,0,241.8,1,Low,26.87,P4
CUST-03868,Enterprise,12 Month,Partner,Germany,Standard,27,92.33,2,0.827,42,0,5.2,5,0,1107.96,0,Low,0.0,P4
CUST-03869,Mid-Market,24 Month,Online,UAE,Basic,52,30.46,2,0.373,2,1,8.1,54,0,365.52,4,Medium,162.45,P3
CUST-03870,Consumer,Month-to-Month,Direct Sales,India,Premium,48,40.8,2,0.441,-77,0,0.2,37,1,489.6,4,Medium,0.0,P3
CUST-03871,Mid-Market,12 Month,Direct Sales,UK,Basic,15,47.2,2,0.858,51,0,12.4,7,0,566.4,0,Low,0.0,P4
CUST-03872,SMB,12 Month,Direct Sales,UK,Standard,6,33.51,0,0.526,11,0,4.2,8,0,402.12,0,Low,0.0,P4
CUST-03873,Mid-Market,12 Month,Partner,UAE,Standard,45,62.88,1,0.492,28,0,10.9,29,0,754.56,0,Low,0.0,P4
CUST-03874,Mid-Market,24 Month,Direct Sales,UK,Enterprise,30,63.46,2,0.685,44,0,18.4,27,0,761.52,0,Low,0.0,P4
CUST-03875,Consumer,12 Month,Retail,Germany,Premium,42,52.68,1,0.229,-81,0,10.5,13,0,632.16,3,Medium,210.72,P3
CUST-03876,Mid-Market,24 Month,Retail,UK,Standard,12,46.88,4,0.612,-78,1,2.2,10,0,562.56,4,Medium,250.03,P3
CUST-03877,SMB,Month-to-Month,Online,US,Basic,40,20.42,0,0.462,36,0,8.1,41,0,245.04,3,Medium,81.68,P3
CUST-03878,Enterprise,Month-to-Month,Partner,UAE,Basic,27,30.97,2,0.802,52,0,16.1,47,0,371.64,3,Medium,123.88,P3
CUST-03879,Mid-Market,12 Month,Direct Sales,UK,Basic,59,32.58,1,0.481,75,0,17.6,23,0,390.96,0,Low,0.0,P4
CUST-03880,Consumer,24 Month,Retail,US,Basic,26,58.32,2,0.673,46,0,7.2,13,0,699.84,0,Low,0.0,P4
CUST-03881,SMB,12 Month,Online,India,Standard,34,71.73,2,0.594,79,0,2.0,50,0,860.76,2,Low,191.28,P4
CUST-03882,Consumer,Month-to-Month,Retail,UK,Premium,10,71.3,1,0.453,73,1,7.1,48,0,855.6,5,High,475.33,P3
CUST-03883,Enterprise,Month-to-Month,Direct Sales,India,Enterprise,19,46.59,1,0.094,14,1,9.8,21,0,559.08,5,High,310.6,P3
CUST-03884,Mid-Market,24 Month,Partner,UK,Standard,61,53.88,1,0.615,6,1,11.1,29,0,646.56,2,Low,143.68,P4
CUST-03885,Mid-Market,24 Month,Online,Germany,Standard,28,110.89,2,0.351,3,0,11.0,37,0,1330.68,2,Low,295.71,P4
CUST-03886,Enterprise,Month-to-Month,Online,UK,Standard,47,44.08,1,0.628,40,0,1.5,23,0,528.96,1,Low,58.77,P4
CUST-03887,SMB,Month-to-Month,Retail,Germany,Basic,5,84.55,3,0.705,82,1,25.8,6,0,1014.6,4,Medium,450.93,P2
CUST-03888,Consumer,Month-to-Month,Online,Germany,Premium,35,19.54,3,0.807,41,1,2.9,2,0,234.48,4,Medium,104.21,P3
CUST-03889,SMB,Month-to-Month,Online,UK,Premium,58,45.09,0,0.471,79,0,6.2,26,0,541.08,1,Low,60.12,P4
CUST-03890,Mid-Market,Month-to-Month,Direct Sales,US,Premium,46,12.04,1,0.388,-18,0,2.3,25,0,144.48,2,Low,32.11,P4
CUST-03891,Enterprise,24 Month,Retail,India,Standard,67,83.21,2,0.257,24,0,15.5,23,0,998.52,2,Low,221.89,P4
CUST-03892,SMB,Month-to-Month,Online,India,Basic,69,23.17,2,0.646,77,1,6.2,47,0,278.04,5,High,154.47,P3
CUST-03893,Mid-Market,12 Month,Direct Sales,US,Standard,49,122.79,4,0.554,-37,1,3.2,42,0,1473.48,6,High,982.32,P2
CUST-03894,SMB,Month-to-Month,Online,US,Enterprise,67,56.98,3,0.747,-85,0,8.7,47,0,683.76,5,High,379.87,P3
CUST-03895,Mid-Market,Month-to-Month,Direct Sales,US,Premium,59,29.49,0,0.377,-81,0,4.2,21,0,353.88,2,Low,78.64,P4
CUST-03896,Consumer,Month-to-Month,Online,India,Enterprise,3,43.81,1,0.456,-99,2,9.2,13,0,525.72,4,Medium,233.65,P3
CUST-03897,SMB,12 Month,Retail,India,Basic,7,70.36,2,0.789,91,0,2.6,15,0,844.32,0,Low,0.0,P4
CUST-03898,SMB,24 Month,Online,Germany,Premium,64,135.9,1,0.313,-76,0,1.2,8,0,1630.8,3,Medium,543.6,P3
CUST-03899,Mid-Market,24 Month,Direct Sales,UK,Basic,17,68.56,1,0.512,-85,0,11.3,42,1,822.72,3,Medium,0.0,P3
CUST-03900,Mid-Market,12 Month,Direct Sales,UAE,Enterprise,6,42.15,2,0.545,82,0,6.3,3,0,505.8,0,Low,0.0,P4
CUST-03901,SMB,Month-to-Month,Online,US,Premium,50,62.2,2,0.571,62,0,12.3,56,1,746.4,3,Medium,0.0,P3
CUST-03902,Consumer,12 Month,Partner,India,Premium,36,49.79,2,0.732,90,0,25.0,43,0,597.48,2,Low,132.77,P4
CUST-03903,SMB,Month-to-Month,Online,Germany,Basic,6,105.39,2,0.703,38,1,1.1,34,0,1264.68,5,High,702.6,P2
CUST-03904,SMB,12 Month,Partner,US,Standard,25,27.46,2,0.198,-17,0,7.8,45,1,329.52,5,High,0.0,P3
CUST-03905,SMB,24 Month,Online,UAE,Premium,53,37.91,2,0.23,-93,0,0.5,33,0,454.92,5,High,252.73,P3
CUST-03906,SMB,12 Month,Online,India,Premium,17,126.97,2,0.653,-67,1,3.5,37,0,1523.64,5,High,846.47,P2
CUST-03907,Consumer,12 Month,Online,UK,Standard,57,33.22,1,0.349,-74,0,10.4,54,1,398.64,5,High,0.0,P3
CUST-03908,Consumer,24 Month,Online,UK,Premium,2,53.08,2,0.236,-60,0,15.1,25,0,636.96,3,Medium,212.32,P3
CUST-03909,SMB,Month-to-Month,Online,India,Basic,35,76.39,0,0.781,26,1,10.8,57,0,916.68,5,High,509.27,P2
CUST-03910,Mid-Market,Month-to-Month,Retail,UK,Standard,70,28.27,2,0.5,-97,0,6.4,23,1,339.24,2,Low,0.0,P4
CUST-03911,SMB,Month-to-Month,Online,Germany,Premium,7,60.27,1,0.539,-56,0,1.2,8,0,723.24,2,Low,160.72,P4
CUST-03912,Mid-Market,Month-to-Month,Online,US,Basic,68,57.53,1,0.813,-58,1,8.4,17,1,690.36,4,Medium,0.0,P3
CUST-03913,SMB,Month-to-Month,Direct Sales,US,Enterprise,46,65.57,0,0.172,44,1,8.2,32,1,786.84,7,Critical,0.0,P3
CUST-03914,Mid-Market,12 Month,Online,UK,Basic,25,26.68,2,0.267,-68,1,9.1,24,0,320.16,5,High,177.87,P3
CUST-03915,Consumer,Month-to-Month,Direct Sales,US,Basic,50,54.91,3,0.5,-8,0,0.7,0,0,658.92,3,Medium,219.64,P3
CUST-03916,SMB,Month-to-Month,Online,UK,Basic,35,45.04,3,0.583,46,1,1.2,9,0,540.48,4,Medium,240.21,P3
CUST-03917,Consumer,Month-to-Month,Online,UAE,Standard,22,48.2,0,0.159,49,1,6.2,37,1,578.4,7,Critical,0.0,P3
CUST-03918,Enterprise,Month-to-Month,Partner,UAE,Standard,24,115.26,4,0.46,-75,0,13.5,44,0,1383.12,5,High,768.4,P2
CUST-03919,SMB,Month-to-Month,Retail,India,Standard,58,14.76,3,0.256,57,2,6.5,33,0,177.12,8,Critical,157.44,P3
CUST-03920,SMB,Month-to-Month,Retail,India,Standard,5,56.35,2,0.225,-2,1,1.6,9,0,676.2,6,High,450.8,P3
CUST-03921,Consumer,24 Month,Direct Sales,US,Standard,13,32.75,0,0.656,99,0,11.8,40,0,393.0,2,Low,87.33,P4
CUST-03922,Consumer,24 Month,Direct Sales,UK,Premium,33,28.01,2,0.662,-10,1,3.0,35,0,336.12,5,High,186.73,P3
CUST-03923,SMB,Month-to-Month,Direct Sales,US,Premium,37,35.0,1,0.679,-10,0,3.1,37,0,420.0,4,Medium,186.67,P3
CUST-03924,Enterprise,12 Month,Online,US,Premium,64,37.74,4,0.772,43,0,7.9,33,0,452.88,3,Medium,150.96,P3
CUST-03925,SMB,24 Month,Direct Sales,India,Standard,62,37.8,0,0.299,-44,0,13.8,23,0,453.6,3,Medium,151.2,P3
CUST-03926,Mid-Market,Month-to-Month,Retail,India,Enterprise,33,157.46,1,0.363,-7,1,2.2,34,1,1889.52,6,High,0.0,P1
CUST-03927,Mid-Market,12 Month,Direct Sales,UK,Standard,52,40.48,1,0.729,-48,0,4.0,30,0,485.76,1,Low,53.97,P4
CUST-03928,Consumer,Month-to-Month,Direct Sales,Germany,Enterprise,37,113.51,1,0.68,-66,0,4.6,35,0,1362.12,4,Medium,605.39,P2
CUST-03929,SMB,12 Month,Online,US,Basic,33,50.9,4,0.594,43,0,14.1,9,0,610.8,1,Low,67.87,P4
CUST-03930,Mid-Market,12 Month,Direct Sales,Germany,Standard,16,86.58,5,0.552,-44,0,3.2,37,0,1038.96,4,Medium,461.76,P2
CUST-03931,Mid-Market,Month-to-Month,Online,UAE,Premium,33,40.38,1,0.752,1,0,11.0,37,0,484.56,3,Medium,161.52,P3
CUST-03932,Consumer,24 Month,Online,UK,Premium,48,28.82,1,0.922,68,0,9.7,56,0,345.84,2,Low,76.85,P4
CUST-03933,Consumer,12 Month,Retail,Germany,Standard,14,43.35,1,0.491,21,2,6.2,59,1,520.2,4,Medium,0.0,P3
CUST-03934,Consumer,24 Month,Retail,Germany,Premium,66,95.28,1,0.591,-76,2,15.2,47,0,1143.36,5,High,635.2,P2
CUST-03935,Consumer,Month-to-Month,Online,UK,Premium,55,23.01,2,0.3,79,0,4.1,2,0,276.12,3,Medium,92.04,P3
CUST-03936,Consumer,Month-to-Month,Retail,UK,Standard,44,39.54,2,0.585,-63,0,13.2,24,0,474.48,2,Low,105.44,P4
CUST-03937,SMB,Month-to-Month,Retail,UK,Standard,47,39.46,3,0.806,-23,0,9.6,30,0,473.52,3,Medium,157.84,P3
CUST-03938,SMB,Month-to-Month,Direct Sales,UK,Standard,37,38.34,0,0.299,11,1,10.6,58,0,460.08,7,Critical,357.84,P3
CUST-03939,Consumer,Month-to-Month,Direct Sales,India,Basic,25,48.4,0,0.429,34,0,10.9,56,1,580.8,3,Medium,0.0,P3
CUST-03940,Enterprise,12 Month,Retail,India,Basic,12,92.39,3,0.697,-14,0,7.8,60,1,1108.68,4,Medium,0.0,P2
CUST-03941,Mid-Market,12 Month,Retail,UK,Basic,16,63.33,0,0.549,80,0,18.5,24,0,759.96,0,Low,0.0,P4
CUST-03942,Mid-Market,24 Month,Retail,US,Enterprise,43,24.72,4,0.829,79,0,5.3,50,0,296.64,3,Medium,98.88,P3
CUST-03943,Mid-Market,Month-to-Month,Direct Sales,Germany,Basic,55,19.01,0,0.334,-4,0,13.9,39,0,228.12,6,High,152.08,P3
CUST-03944,SMB,12 Month,Online,UAE,Standard,69,67.02,2,0.586,84,1,10.7,60,0,804.24,4,Medium,357.44,P3
CUST-03945,Mid-Market,12 Month,Retail,UK,Basic,46,35.78,3,0.363,-18,0,5.1,56,0,429.36,4,Medium,190.83,P3
CUST-03946,Consumer,Month-to-Month,Online,UK,Basic,47,39.07,3,0.422,57,1,0.5,16,0,468.84,4,Medium,208.37,P3
CUST-03947,Enterprise,Month-to-Month,Direct Sales,UK,Enterprise,39,46.07,0,0.408,-52,0,4.4,23,0,552.84,2,Low,122.85,P4
CUST-03948,Mid-Market,12 Month,Online,India,Premium,65,42.79,1,0.92,47,1,12.8,45,0,513.48,4,Medium,228.21,P3
CUST-03949,Consumer,24 Month,Partner,US,Enterprise,10,34.23,1,0.76,31,0,11.9,52,0,410.76,2,Low,91.28,P4
CUST-03950,Mid-Market,Month-to-Month,Online,UK,Premium,20,78.82,1,0.468,-3,2,3.8,19,0,945.84,4,Medium,420.37,P2
CUST-03951,Enterprise,Month-to-Month,Online,India,Premium,50,46.88,4,0.537,94,0,12.7,41,0,562.56,4,Medium,250.03,P3
CUST-03952,Mid-Market,12 Month,Retail,India,Standard,45,66.97,1,0.152,26,1,5.0,44,0,803.64,6,High,535.76,P3
CUST-03953,Consumer,Month-to-Month,Partner,UK,Basic,2,56.6,1,0.251,67,0,18.6,2,0,679.2,3,Medium,226.4,P3
CUST-03954,Consumer,24 Month,Online,US,Premium,7,37.68,2,0.61,14,2,3.4,43,0,452.16,4,Medium,200.96,P3
CUST-03955,Consumer,12 Month,Direct Sales,UAE,Premium,19,41.55,2,0.796,-38,1,12.7,14,0,498.6,3,Medium,166.2,P3
CUST-03956,Enterprise,Month-to-Month,Online,UK,Enterprise,71,39.49,4,0.276,-70,0,18.5,59,1,473.88,7,Critical,0.0,P3
CUST-03957,Enterprise,24 Month,Direct Sales,Germany,Premium,6,57.75,4,0.072,52,0,5.2,58,0,693.0,5,High,385.0,P3
CUST-03958,Enterprise,Month-to-Month,Direct Sales,Germany,Basic,70,44.7,3,0.153,6,0,20.2,27,0,536.4,4,Medium,238.4,P3
CUST-03959,Enterprise,24 Month,Retail,UK,Standard,59,22.76,3,0.794,-98,0,18.1,26,0,273.12,2,Low,60.69,P4
CUST-03960,Consumer,Month-to-Month,Direct Sales,UK,Premium,12,43.85,3,0.511,91,0,6.0,31,0,526.2,4,Medium,233.87,P3
CUST-03961,Enterprise,Month-to-Month,Direct Sales,India,Standard,59,47.31,3,0.773,98,0,21.3,46,1,567.72,4,Medium,0.0,P3
CUST-03962,Mid-Market,Month-to-Month,Partner,Germany,Standard,27,204.87,4,0.868,-6,0,4.5,24,0,2458.44,3,Medium,819.48,P3
CUST-03963,Mid-Market,12 Month,Direct Sales,UK,Standard,66,40.84,1,0.056,95,0,6.9,46,0,490.08,4,Medium,217.81,P3
CUST-03964,Enterprise,Month-to-Month,Retail,Germany,Basic,2,203.96,0,0.709,-21,0,24.9,34,0,2447.52,4,Medium,1087.79,P2
CUST-03965,Mid-Market,12 Month,Retail,UK,Basic,60,19.52,3,0.814,46,0,22.1,55,1,234.24,3,Medium,0.0,P3
CUST-03966,Enterprise,12 Month,Partner,India,Basic,2,59.02,1,0.41,4,0,8.9,16,0,708.24,0,Low,0.0,P4
CUST-03967,Enterprise,Month-to-Month,Retail,UK,Basic,20,92.26,1,0.862,-60,2,17.1,52,1,1107.12,6,High,0.0,P2
CUST-03968,SMB,Month-to-Month,Retail,US,Basic,46,16.52,2,0.307,-2,0,4.5,54,0,198.24,6,High,132.16,P3
CUST-03969,Consumer,12 Month,Online,UK,Enterprise,47,95.25,2,0.617,52,0,1.5,43,0,1143.0,2,Low,254.0,P4
CUST-03970,SMB,Month-to-Month,Direct Sales,UK,Basic,11,51.16,4,0.587,32,3,2.7,28,1,613.92,4,Medium,0.0,P3
CUST-03971,Consumer,24 Month,Partner,UK,Enterprise,72,23.44,3,0.149,-5,3,15.7,46,0,281.28,8,Critical,250.03,P3
CUST-03972,SMB,Month-to-Month,Direct Sales,UK,Enterprise,58,78.11,4,0.695,-54,0,7.0,17,0,937.32,3,Medium,312.44,P3
CUST-03973,Enterprise,Month-to-Month,Retail,UAE,Standard,57,83.61,1,0.376,44,0,6.0,60,0,1003.32,3,Medium,334.44,P3
CUST-03974,Consumer,Month-to-Month,Online,India,Premium,49,40.67,0,0.513,1,1,4.8,55,1,488.04,5,High,0.0,P3
CUST-03975,Mid-Market,Month-to-Month,Online,US,Basic,45,52.91,5,0.472,-24,0,7.5,46,0,634.92,5,High,352.73,P3
CUST-03976,Consumer,24 Month,Online,UAE,Premium,53,39.7,0,0.507,46,0,8.5,44,0,476.4,2,Low,105.87,P4
CUST-03977,SMB,Month-to-Month,Online,UAE,Premium,25,39.6,1,0.592,-19,1,9.8,37,0,475.2,6,High,316.8,P3
CUST-03978,Consumer,Month-to-Month,Direct Sales,US,Basic,68,54.45,6,0.32,-45,0,14.1,43,0,653.4,7,Critical,508.2,P3
CUST-03979,Enterprise,12 Month,Partner,India,Enterprise,33,124.09,4,0.419,-63,0,10.7,15,0,1489.08,2,Low,330.91,P4
CUST-03980,SMB,24 Month,Online,UK,Standard,45,66.42,3,0.762,31,1,1.7,43,0,797.04,5,High,442.8,P3
CUST-03981,Enterprise,12 Month,Partner,India,Standard,57,51.91,2,0.732,-88,2,16.3,46,0,622.92,5,High,346.07,P3
CUST-03982,Consumer,Month-to-Month,Online,UAE,Standard,53,23.97,0,0.306,52,0,0.2,0,0,287.64,3,Medium,95.88,P3
CUST-03983,SMB,24 Month,Retail,US,Basic,52,143.64,2,0.538,76,0,17.4,1,0,1723.68,0,Low,0.0,P4
CUST-03984,Consumer,Month-to-Month,Online,UAE,Enterprise,69,78.78,0,0.168,-42,0,0.5,39,0,945.36,6,High,630.24,P2
CUST-03985,Consumer,12 Month,Retail,UK,Basic,28,95.32,2,0.216,36,0,18.6,32,1,1143.84,4,Medium,0.0,P2
CUST-03986,Enterprise,Month-to-Month,Partner,UK,Basic,18,90.78,2,0.57,-87,1,3.4,26,1,1089.36,4,Medium,0.0,P2
CUST-03987,Mid-Market,Month-to-Month,Retail,UAE,Premium,15,25.91,1,0.793,96,1,8.5,31,0,310.92,5,High,172.73,P3
CUST-03988,Consumer,Month-to-Month,Retail,US,Basic,47,37.46,1,0.501,-99,0,14.6,5,0,449.52,2,Low,99.89,P4
CUST-03989,Consumer,Month-to-Month,Direct Sales,US,Standard,6,17.17,2,0.807,-76,0,11.6,0,0,206.04,2,Low,45.79,P4
CUST-03990,Consumer,Month-to-Month,Direct Sales,India,Basic,59,163.17,2,0.418,44,0,2.4,59,0,1958.04,3,Medium,652.68,P3
CUST-03991,Mid-Market,24 Month,Online,US,Basic,12,73.53,2,0.315,2,0,17.7,25,0,882.36,2,Low,196.08,P4
CUST-03992,Consumer,Month-to-Month,Retail,India,Premium,28,25.3,0,0.645,-82,0,11.3,4,0,303.6,2,Low,67.47,P4
CUST-03993,Mid-Market,Month-to-Month,Online,India,Enterprise,7,138.06,1,0.521,-90,1,23.7,6,0,1656.72,4,Medium,736.32,P2
CUST-03994,SMB,Month-to-Month,Retail,Germany,Standard,21,62.23,2,0.109,-78,0,9.9,36,0,746.76,6,High,497.84,P3
CUST-03995,Consumer,12 Month,Partner,Germany,Premium,36,47.93,1,0.66,4,0,4.1,59,0,575.16,2,Low,127.81,P4
CUST-03996,Mid-Market,12 Month,Online,UK,Premium,31,60.23,1,0.053,61,1,14.8,22,0,722.76,4,Medium,321.23,P3
CUST-03997,SMB,12 Month,Online,UK,Enterprise,12,45.61,2,0.591,38,0,1.9,10,0,547.32,0,Low,0.0,P4
CUST-03998,Consumer,Month-to-Month,Online,UAE,Standard,48,85.44,3,0.652,96,1,13.9,53,0,1025.28,6,High,683.52,P2
CUST-03999,SMB,Month-to-Month,Online,US,Premium,36,56.3,1,0.645,33,0,5.1,8,0,675.6,1,Low,75.07,P4
CUST-04000,Enterprise,Month-to-Month,Online,Germany,Standard,58,9.74,1,0.77,65,0,14.1,12,0,116.88,1,Low,12.99,P4
